
############################################################
# [1/9] base services up, scratch Postgres databases
############################################################
 Container pcsfga-fga-postgres-1  Running
 Container pcsfga-openfga-migrate-1  Created
 Container pcsfga-openfga-1  Running
 Container pcsfga-fga-postgres-1  Waiting
 Container pcsfga-fga-postgres-1  Healthy
 Container pcsfga-openfga-migrate-1  Starting
 Container pcsfga-openfga-migrate-1  Started
 Container pcsfga-openfga-migrate-1  Waiting
 Container pcsfga-openfga-migrate-1  Exited
openfga: up (http://localhost:8199, network pcsfga, 1 store(s))
 Container pcssetup-postgres-1  Running
 Container pcssetup-redis-1  Running
 Container pcssetup-postgres-1  Running
postgres:5432 - accepting connections
CREATE DATABASE
CREATE DATABASE
  superset_scratch + examples_scratch databases ready

############################################################
# [2/9] scratch OpenFGA store (NEW -- the pcssetup demo store is untouched)
############################################################
  created store: 01M2F234EV0AE8KZN18Z1SZ628
2026-09-14 04:16:44,363:WARNING:superset.initialization:--------------------------------------------------------------------------------
                                    WARNING
--------------------------------------------------------------------------------
2026-09-14 04:16:44,363:WARNING:superset.initialization:SQLALCHEMY_ENCRYPTED_FIELD_ENGINE is set to the legacy 'aes' engine (AES-CBC, unauthenticated). App-encrypted fields — database passwords, SSH tunnel credentials, OAuth2 tokens, and similar — would benefit from the authenticated 'aes-gcm' engine instead.
Switching engines on a populated database requires re-encrypting existing values first, since the two ciphertext formats are not interchangeable:
  1. Back up the metadata database.
  2. superset re-encrypt-secrets --engine aes-gcm
  3. Set SQLALCHEMY_ENCRYPTED_FIELD_ENGINE = 'aes-gcm' in superset_config.py.
  4. Restart Superset, then re-run the command above once more to sweep up any values written during the cutover.
See UPDATING.md and docs/sip/authenticated-encryption-at-rest.md for the full runbook.
2026-09-14 04:16:44,363:WARNING:superset.initialization:--------------------------------------------------------------------------------
--------------------------------------------------------------------------------
2026-09-14 04:16:44,381:INFO:superset.initialization:Registering blueprint: superset_ownership
2026-09-14 04:16:44,391:WARNING:py.warnings:/app/.venv/lib/python3.11/site-packages/flask_limiter/extension.py:324: UserWarning: Using the in-memory storage for tracking rate limits as no storage was explicitly specified. This is not recommended for production use. See: https://flask-limiter.readthedocs.io#configuring-a-storage-backend for documentation about configuring the storage backend.
  warnings.warn(

2026-09-14 04:16:44,647:INFO:superset.subjects.hooks:Subject sync hooks registered
2026-09-14 04:16:44,647:INFO:superset_ownership.flags:superset_ownership: OWNERSHIP_ENABLED=True FEATURE_FLAGS['OBJECT_OWNERSHIP']=True (one switch; the flag is derived from the setting)
2026-09-14 04:16:44,648:INFO:superset_ownership.plugins:ownership: authorizer = superset_ownership.authz:OpenFGAAuthorizer (protocol v1, from config)
2026-09-14 04:16:44,648:INFO:superset_ownership.plugins:ownership: directory = superset_ownership.directory:OpenFGADirectory (protocol v1, from config)
2026-09-14 04:16:44,648:INFO:superset_ownership.plugins:ownership: identity = superset_ownership.identity:DefaultIdentity (protocol v1, from default)
2026-09-14 04:16:44,648:INFO:superset_ownership.plugins:ownership: fga = http://openfga:8080 store=01M2F1YX7HXW7QGTJ6BJHYHTRZ model=01M2F1Z0RT7PGRH9T4FC9MDVAF
2026-09-14 04:16:44,653:INFO:alembic.runtime.migration:Context impl PostgresqlImpl.
2026-09-14 04:16:44,653:INFO:alembic.runtime.migration:Will assume transactional DDL.
2026-09-14 04:16:44,656:INFO:superset_ownership.migrate:superset_ownership: chain upgraded to head
2026-09-14 04:16:44,660:INFO:alembic.runtime.migration:Context impl PostgresqlImpl.
2026-09-14 04:16:44,660:INFO:alembic.runtime.migration:Will assume transactional DDL.
2026-09-14 04:16:44,666:INFO:alembic.runtime.migration:Context impl PostgresqlImpl.
2026-09-14 04:16:44,666:INFO:alembic.runtime.migration:Will assume transactional DDL.
2026-09-14 04:16:44,673:INFO:alembic.runtime.migration:Context impl PostgresqlImpl.
2026-09-14 04:16:44,673:INFO:alembic.runtime.migration:Will assume transactional DDL.
2026-09-14 04:16:44,681:INFO:alembic.runtime.migration:Context impl PostgresqlImpl.
2026-09-14 04:16:44,681:INFO:alembic.runtime.migration:Will assume transactional DDL.
2026-09-14 04:16:44,682:INFO:superset_ownership.db:superset_ownership: schema at 0003_ownership_foreign_keys
2026-09-14 04:16:44,682:WARNING:superset_ownership.outbox:superset_ownership: the outbox is ENABLED but no Celery beat entry runs superset_ownership.outbox.drain. Sharing changes will queue and never reach the authorization store unless `superset ownership outbox drain` is run by something.
2026-09-14 04:16:44,682:INFO:superset_ownership.guard:superset_ownership: viewers guard installed
2026-09-14 04:16:44,683:INFO:superset_ownership.cli:superset_ownership: CLI registered (superset ownership --help)
2026-09-14 04:16:44,764:INFO:superset_ownership.dashboard_patch:superset_ownership: dashboard-chart access marker installed
2026-09-14 04:16:44,774:INFO:alembic.runtime.migration:Context impl PostgresqlImpl.
2026-09-14 04:16:44,774:INFO:alembic.runtime.migration:Will assume transactional DDL.
2026-09-14 04:16:44,782:INFO:superset_ownership.lifecycle:superset_ownership: startup check ok
2026-09-14 04:16:44,783:INFO:alembic.runtime.migration:Context impl PostgresqlImpl.
2026-09-14 04:16:44,783:INFO:alembic.runtime.migration:Will assume transactional DDL.
2026-09-14 04:16:44,952:INFO:superset.app:Syncing configuration to database...
2026-09-14 04:16:44,957:INFO:superset.app:Configuration sync to database completed successfully
2026-09-14 04:16:45,169:INFO:superset.core.mcp.core_mcp_injection:fastmcp is not installed, skipping MCP initialization. Install it with: pip install 'apache-superset[fastmcp]'
  Loaded your LOCAL configuration at [/app/pythonpath/superset_config_docker.py] (md5:13533f2cc1e9)
  {
    "installed": true,
    "model_id": "01M2F23E3NX7BNN63C99NM9Y08",
    "store": "01M2F234EV0AE8KZN18Z1SZ628"
  }
  OWNERSHIP_FGA_MODEL = "01M2F23E3NX7BNN63C99NM9Y08"
  env: OWNERSHIP_FGA_MODEL=01M2F23E3NX7BNN63C99NM9Y08
  installed model: 01M2F23E3NX7BNN63C99NM9Y08
  scratch/.scratch-out/store.env: SCRATCH_OPENFGA_STORE_ID=01M2F234EV0AE8KZN18Z1SZ628 SCRATCH_OPENFGA_MODEL_ID=01M2F23E3NX7BNN63C99NM9Y08

############################################################
# [3/9] stock init on the scratch DB, OWNERSHIP_ENABLED=false (content only, no migration yet)
############################################################
 Container pcssetup-postgres-1  Running
 Container pcssetup-scratch-db-1  Creating
 Container pcssetup-scratch-db-1  Created
 Container pcssetup-postgres-1  Waiting
 Container pcssetup-postgres-1  Healthy
 Container pcssetup-scratch-db-1  Starting
 Container pcssetup-scratch-db-1  Started
[entrypoint-ownership] stock init: superset db upgrade
Loaded your LOCAL configuration at [/app/pythonpath/superset_config_docker.py] (md5:6152310b3750)
2026-09-14 04:16:59,251:WARNING:superset.initialization:--------------------------------------------------------------------------------
                                    WARNING
--------------------------------------------------------------------------------
2026-09-14 04:16:59,251:WARNING:superset.initialization:SQLALCHEMY_ENCRYPTED_FIELD_ENGINE is set to the legacy 'aes' engine (AES-CBC, unauthenticated). App-encrypted fields — database passwords, SSH tunnel credentials, OAuth2 tokens, and similar — would benefit from the authenticated 'aes-gcm' engine instead.
Switching engines on a populated database requires re-encrypting existing values first, since the two ciphertext formats are not interchangeable:
  1. Back up the metadata database.
  2. superset re-encrypt-secrets --engine aes-gcm
  3. Set SQLALCHEMY_ENCRYPTED_FIELD_ENGINE = 'aes-gcm' in superset_config.py.
  4. Restart Superset, then re-run the command above once more to sweep up any values written during the cutover.
See UPDATING.md and docs/sip/authenticated-encryption-at-rest.md for the full runbook.
2026-09-14 04:16:59,251:WARNING:superset.initialization:--------------------------------------------------------------------------------
--------------------------------------------------------------------------------
2026-09-14 04:16:59,269:INFO:superset.initialization:Registering blueprint: superset_ownership
2026-09-14 04:16:59,279:WARNING:py.warnings:/app/.venv/lib/python3.11/site-packages/flask_limiter/extension.py:324: UserWarning: Using the in-memory storage for tracking rate limits as no storage was explicitly specified. This is not recommended for production use. See: https://flask-limiter.readthedocs.io#configuring-a-storage-backend for documentation about configuring the storage backend.
  warnings.warn(

2026-09-14 04:16:59,565:INFO:superset.subjects.hooks:Subject sync hooks registered
2026-09-14 04:16:59,566:INFO:superset_ownership.flags:superset_ownership: OWNERSHIP_ENABLED=True FEATURE_FLAGS['OBJECT_OWNERSHIP']=True (one switch; the flag is derived from the setting)
2026-09-14 04:16:59,566:INFO:superset_ownership.flags:superset_ownership: OWNERSHIP_ENABLED='false' in the environment is the default; an earlier config layer set OWNERSHIP_ENABLED=True as a Python setting, and a config layer wins over the environment.
2026-09-14 04:16:59,567:INFO:superset_ownership.plugins:ownership: authorizer = superset_ownership.authz:OpenFGAAuthorizer (protocol v1, from config)
2026-09-14 04:16:59,567:INFO:superset_ownership.plugins:ownership: directory = superset_ownership.directory:OpenFGADirectory (protocol v1, from config)
2026-09-14 04:16:59,567:INFO:superset_ownership.plugins:ownership: identity = superset_ownership.identity:DefaultIdentity (protocol v1, from default)
2026-09-14 04:16:59,567:INFO:superset_ownership.plugins:ownership: fga = http://openfga:8080 store=01M2F234EV0AE8KZN18Z1SZ628 model=01M2F23E3NX7BNN63C99NM9Y08
2026-09-14 04:16:59,572:INFO:alembic.runtime.migration:Context impl PostgresqlImpl.
2026-09-14 04:16:59,572:INFO:alembic.runtime.migration:Will assume transactional DDL.
2026-09-14 04:16:59,574:INFO:alembic.runtime.migration:Running upgrade  -> 0001_object_ownership, object_ownership: root revision of the ownership module's isolated chain.
2026-09-14 04:16:59,584:INFO:alembic.runtime.migration:Running upgrade 0001_object_ownership -> 0002_ownership_outbox, ownership_outbox: transactional outbox for authorization-store writes.
2026-09-14 04:16:59,587:INFO:alembic.runtime.migration:Running upgrade 0002_ownership_outbox -> 0003_ownership_foreign_keys, ownership_foreign_keys: the owner and share foreign keys (spec §4.1/§4.3).
2026-09-14 04:16:59,589:INFO:alembic.env:Creating foreign key [32mfk_ownership_object_owner_user_id_ab_user[0m on table [32mownership_object[0m...
2026-09-14 04:16:59,590:INFO:superset_ownership.constraints:superset_ownership: 0 ownership row(s) named a user that no longer exists; owner set to NULL (unowned) and fk_ownership_object_owner_user_id_ab_user added
2026-09-14 04:16:59,590:INFO:superset_ownership.constraints:superset_ownership: fk_ownership_object_owner_user_id_ab_user created
2026-09-14 04:16:59,591:INFO:alembic.env:Creating foreign key [32mfk_ownership_share_object_ownership_object[0m on table [32mownership_share[0m...
2026-09-14 04:16:59,592:INFO:superset_ownership.constraints:superset_ownership: 0 share row(s) had no ownership row behind them; removed and fk_ownership_share_object_ownership_object added
2026-09-14 04:16:59,592:INFO:superset_ownership.constraints:superset_ownership: fk_ownership_share_object_ownership_object created
2026-09-14 04:16:59,594:INFO:superset_ownership.migrate:superset_ownership: chain upgraded to head
2026-09-14 04:16:59,598:INFO:alembic.runtime.migration:Context impl PostgresqlImpl.
2026-09-14 04:16:59,598:INFO:alembic.runtime.migration:Will assume transactional DDL.
2026-09-14 04:16:59,603:INFO:alembic.runtime.migration:Context impl PostgresqlImpl.
2026-09-14 04:16:59,604:INFO:alembic.runtime.migration:Will assume transactional DDL.
2026-09-14 04:16:59,611:INFO:alembic.runtime.migration:Context impl PostgresqlImpl.
2026-09-14 04:16:59,611:INFO:alembic.runtime.migration:Will assume transactional DDL.
2026-09-14 04:16:59,618:INFO:alembic.runtime.migration:Context impl PostgresqlImpl.
2026-09-14 04:16:59,618:INFO:alembic.runtime.migration:Will assume transactional DDL.
2026-09-14 04:16:59,620:INFO:superset_ownership.db:superset_ownership: schema at 0003_ownership_foreign_keys
2026-09-14 04:16:59,620:WARNING:superset_ownership.outbox:superset_ownership: the outbox is ENABLED but no Celery beat entry runs superset_ownership.outbox.drain. Sharing changes will queue and never reach the authorization store unless `superset ownership outbox drain` is run by something.
2026-09-14 04:16:59,620:INFO:superset_ownership.guard:superset_ownership: viewers guard installed
2026-09-14 04:16:59,621:INFO:superset_ownership.cli:superset_ownership: CLI registered (superset ownership --help)
2026-09-14 04:16:59,694:INFO:superset_ownership.dashboard_patch:superset_ownership: dashboard-chart access marker installed
2026-09-14 04:16:59,698:ERROR:flask_appbuilder.security.sqla.manager:Error in pre-commit signal handler: (psycopg2.errors.UndefinedTable) relation "subjects" does not exist
LINE 2: FROM subjects LEFT OUTER JOIN ab_user AS ab_user_1 ON ab_use...
             ^

[SQL: SELECT subjects.id AS subjects_id, subjects.uuid AS subjects_uuid, subjects.label AS subjects_label, subjects.secondary_label AS subjects_secondary_label, subjects.active AS subjects_active, subjects.extra_search AS subjects_extra_search, subjects.type AS subjects_type, subjects.user_id AS subjects_user_id, subjects.role_id AS subjects_role_id, subjects.group_id AS subjects_group_id, subjects.created_on AS subjects_created_on, subjects.changed_on AS subjects_changed_on, subjects.created_by_fk AS subjects_created_by_fk, subjects.changed_by_fk AS subjects_changed_by_fk, ab_user_1.id AS ab_user_1_id, ab_user_1.first_name AS ab_user_1_first_name, ab_user_1.last_name AS ab_user_1_last_name, ab_user_1.username AS ab_user_1_username, ab_user_1.password AS ab_user_1_password, ab_user_1.active AS ab_user_1_active, ab_user_1.email AS ab_user_1_email, ab_user_1.last_login AS ab_user_1_last_login, ab_user_1.login_count AS ab_user_1_login_count, ab_user_1.fail_login_count AS ab_user_1_fail_login_count, ab_user_1.created_on AS ab_user_1_created_on, ab_user_1.changed_on AS ab_user_1_changed_on, ab_user_1.created_by_fk AS ab_user_1_created_by_fk, ab_user_1.changed_by_fk AS ab_user_1_changed_by_fk, ab_role_1.id AS ab_role_1_id, ab_role_1.name AS ab_role_1_name, ab_group_1.id AS ab_group_1_id, ab_group_1.name AS ab_group_1_name, ab_group_1.label AS ab_group_1_label, ab_group_1.description AS ab_group_1_description 
FROM subjects LEFT OUTER JOIN ab_user AS ab_user_1 ON ab_user_1.id = subjects.user_id LEFT OUTER JOIN ab_role AS ab_role_1 ON ab_role_1.id = subjects.role_id LEFT OUTER JOIN ab_group AS ab_group_1 ON ab_group_1.id = subjects.group_id 
WHERE subjects.role_id = %(role_id_1)s]
[parameters: {'role_id_1': 3}]
(Background on this error at: https://sqlalche.me/e/20/f405)
2026-09-14 04:16:59,698:ERROR:flask_appbuilder.security.sqla.manager:Add Role: (psycopg2.errors.UndefinedTable) relation "subjects" does not exist
LINE 2: FROM subjects LEFT OUTER JOIN ab_user AS ab_user_1 ON ab_use...
             ^

[SQL: SELECT subjects.id AS subjects_id, subjects.uuid AS subjects_uuid, subjects.label AS subjects_label, subjects.secondary_label AS subjects_secondary_label, subjects.active AS subjects_active, subjects.extra_search AS subjects_extra_search, subjects.type AS subjects_type, subjects.user_id AS subjects_user_id, subjects.role_id AS subjects_role_id, subjects.group_id AS subjects_group_id, subjects.created_on AS subjects_created_on, subjects.changed_on AS subjects_changed_on, subjects.created_by_fk AS subjects_created_by_fk, subjects.changed_by_fk AS subjects_changed_by_fk, ab_user_1.id AS ab_user_1_id, ab_user_1.first_name AS ab_user_1_first_name, ab_user_1.last_name AS ab_user_1_last_name, ab_user_1.username AS ab_user_1_username, ab_user_1.password AS ab_user_1_password, ab_user_1.active AS ab_user_1_active, ab_user_1.email AS ab_user_1_email, ab_user_1.last_login AS ab_user_1_last_login, ab_user_1.login_count AS ab_user_1_login_count, ab_user_1.fail_login_count AS ab_user_1_fail_login_count, ab_user_1.created_on AS ab_user_1_created_on, ab_user_1.changed_on AS ab_user_1_changed_on, ab_user_1.created_by_fk AS ab_user_1_created_by_fk, ab_user_1.changed_by_fk AS ab_user_1_changed_by_fk, ab_role_1.id AS ab_role_1_id, ab_role_1.name AS ab_role_1_name, ab_group_1.id AS ab_group_1_id, ab_group_1.name AS ab_group_1_name, ab_group_1.label AS ab_group_1_label, ab_group_1.description AS ab_group_1_description 
FROM subjects LEFT OUTER JOIN ab_user AS ab_user_1 ON ab_user_1.id = subjects.user_id LEFT OUTER JOIN ab_role AS ab_role_1 ON ab_role_1.id = subjects.role_id LEFT OUTER JOIN ab_group AS ab_group_1 ON ab_group_1.id = subjects.group_id 
WHERE subjects.role_id = %(role_id_1)s]
[parameters: {'role_id_1': 3}]
(Background on this error at: https://sqlalche.me/e/20/f405)
2026-09-14 04:16:59,698:INFO:superset_ownership.sentinel:superset_ownership: created sentinel role __ownership_sentinel__
2026-09-14 04:16:59,700:ERROR:superset_ownership.lifecycle:superset_ownership: startup consistency check failed
Traceback (most recent call last):
  File "/app/.venv/lib/python3.11/site-packages/sqlalchemy/engine/base.py", line 1969, in _exec_single_context
    self.dialect.do_execute(
  File "/app/.venv/lib/python3.11/site-packages/sqlalchemy/engine/default.py", line 952, in do_execute
    cursor.execute(statement, parameters)
psycopg2.errors.UndefinedTable: relation "subjects" does not exist
LINE 2: FROM subjects LEFT OUTER JOIN ab_user AS ab_user_1 ON ab_use...
             ^


The above exception was the direct cause of the following exception:

Traceback (most recent call last):
  File "/app/.venv/lib/python3.11/site-packages/superset_ownership/lifecycle.py", line 962, in startup_check
    report = check_consistency()
             ^^^^^^^^^^^^^^^^^^^
  File "/app/.venv/lib/python3.11/site-packages/superset_ownership/lifecycle.py", line 730, in check_consistency
    subject = sentinel.get_sentinel_subject()
              ^^^^^^^^^^^^^^^^^^^^^^^^^^^^^^^
  File "/app/.venv/lib/python3.11/site-packages/superset_ownership/sentinel.py", line 54, in get_sentinel_subject
    return get_or_create_role_subject(role.id)
           ^^^^^^^^^^^^^^^^^^^^^^^^^^^^^^^^^^^
  File "/app/superset/subjects/utils.py", line 284, in get_or_create_role_subject
    if subject := get_role_subject(role_id):
                  ^^^^^^^^^^^^^^^^^^^^^^^^^
  File "/app/superset/subjects/utils.py", line 272, in get_role_subject
    .first()
     ^^^^^^^
  File "/app/.venv/lib/python3.11/site-packages/sqlalchemy/orm/query.py", line 2766, in first
    return self.limit(1)._iter().first()  # type: ignore
           ^^^^^^^^^^^^^^^^^^^^^
  File "/app/.venv/lib/python3.11/site-packages/sqlalchemy/orm/query.py", line 2864, in _iter
    result: Union[ScalarResult[_T], Result[_T]] = self.session.execute(
                                                  ^^^^^^^^^^^^^^^^^^^^^
  File "/app/.venv/lib/python3.11/site-packages/sqlalchemy/orm/session.py", line 2373, in execute
    return self._execute_internal(
           ^^^^^^^^^^^^^^^^^^^^^^^
  File "/app/.venv/lib/python3.11/site-packages/sqlalchemy/orm/session.py", line 2271, in _execute_internal
    result: Result[Any] = compile_state_cls.orm_execute_statement(
                          ^^^^^^^^^^^^^^^^^^^^^^^^^^^^^^^^^^^^^^^^
  File "/app/.venv/lib/python3.11/site-packages/sqlalchemy/orm/context.py", line 306, in orm_execute_statement
    result = conn.execute(
             ^^^^^^^^^^^^^
  File "/app/.venv/lib/python3.11/site-packages/sqlalchemy/engine/base.py", line 1421, in execute
    return meth(
           ^^^^^
  File "/app/.venv/lib/python3.11/site-packages/sqlalchemy/sql/elements.py", line 526, in _execute_on_connection
    return connection._execute_clauseelement(
           ^^^^^^^^^^^^^^^^^^^^^^^^^^^^^^^^^^
  File "/app/.venv/lib/python3.11/site-packages/sqlalchemy/engine/base.py", line 1643, in _execute_clauseelement
    ret = self._execute_context(
          ^^^^^^^^^^^^^^^^^^^^^^
  File "/app/.venv/lib/python3.11/site-packages/sqlalchemy/engine/base.py", line 1848, in _execute_context
    return self._exec_single_context(
           ^^^^^^^^^^^^^^^^^^^^^^^^^^
  File "/app/.venv/lib/python3.11/site-packages/sqlalchemy/engine/base.py", line 1988, in _exec_single_context
    self._handle_dbapi_exception(
  File "/app/.venv/lib/python3.11/site-packages/sqlalchemy/engine/base.py", line 2365, in _handle_dbapi_exception
    raise sqlalchemy_exception.with_traceback(exc_info[2]) from e
  File "/app/.venv/lib/python3.11/site-packages/sqlalchemy/engine/base.py", line 1969, in _exec_single_context
    self.dialect.do_execute(
  File "/app/.venv/lib/python3.11/site-packages/sqlalchemy/engine/default.py", line 952, in do_execute
    cursor.execute(statement, parameters)
sqlalchemy.exc.ProgrammingError: (psycopg2.errors.UndefinedTable) relation "subjects" does not exist
LINE 2: FROM subjects LEFT OUTER JOIN ab_user AS ab_user_1 ON ab_use...
             ^

[SQL: SELECT subjects.id AS subjects_id, subjects.uuid AS subjects_uuid, subjects.label AS subjects_label, subjects.secondary_label AS subjects_secondary_label, subjects.active AS subjects_active, subjects.extra_search AS subjects_extra_search, subjects.type AS subjects_type, subjects.user_id AS subjects_user_id, subjects.role_id AS subjects_role_id, subjects.group_id AS subjects_group_id, subjects.created_on AS subjects_created_on, subjects.changed_on AS subjects_changed_on, subjects.created_by_fk AS subjects_created_by_fk, subjects.changed_by_fk AS subjects_changed_by_fk, ab_user_1.id AS ab_user_1_id, ab_user_1.first_name AS ab_user_1_first_name, ab_user_1.last_name AS ab_user_1_last_name, ab_user_1.username AS ab_user_1_username, ab_user_1.password AS ab_user_1_password, ab_user_1.active AS ab_user_1_active, ab_user_1.email AS ab_user_1_email, ab_user_1.last_login AS ab_user_1_last_login, ab_user_1.login_count AS ab_user_1_login_count, ab_user_1.fail_login_count AS ab_user_1_fail_login_count, ab_user_1.created_on AS ab_user_1_created_on, ab_user_1.changed_on AS ab_user_1_changed_on, ab_user_1.created_by_fk AS ab_user_1_created_by_fk, ab_user_1.changed_by_fk AS ab_user_1_changed_by_fk, ab_role_1.id AS ab_role_1_id, ab_role_1.name AS ab_role_1_name, ab_group_1.id AS ab_group_1_id, ab_group_1.name AS ab_group_1_name, ab_group_1.label AS ab_group_1_label, ab_group_1.description AS ab_group_1_description 
FROM subjects LEFT OUTER JOIN ab_user AS ab_user_1 ON ab_user_1.id = subjects.user_id LEFT OUTER JOIN ab_role AS ab_role_1 ON ab_role_1.id = subjects.role_id LEFT OUTER JOIN ab_group AS ab_group_1 ON ab_group_1.id = subjects.group_id 
WHERE subjects.role_id = %(role_id_1)s AND subjects.type = %(type_1)s 
 LIMIT %(param_1)s]
[parameters: {'role_id_1': 3, 'type_1': <SubjectType.ROLE: 2>, 'param_1': 1}]
(Background on this error at: https://sqlalche.me/e/20/f405)
2026-09-14 04:16:59,702:INFO:alembic.runtime.migration:Context impl PostgresqlImpl.
2026-09-14 04:16:59,702:INFO:alembic.runtime.migration:Will assume transactional DDL.
2026-09-14 04:16:59,864:INFO:superset.app:Pending database migrations: run 'superset db upgrade'
2026-09-14 04:17:00,049:INFO:superset.core.mcp.core_mcp_injection:fastmcp is not installed, skipping MCP initialization. Install it with: pip install 'apache-superset[fastmcp]'
INFO  [alembic.env] Starting the migration scripts.
INFO  [alembic.runtime.migration] Context impl PostgresqlImpl.
INFO  [alembic.runtime.migration] Will assume transactional DDL.
INFO  [alembic.runtime.migration] Running upgrade  -> 4e6a06bad7a8, Init
INFO  [alembic.env] Creating table [32mclusters[0m...
INFO  [alembic.env] Table [32mclusters[0m created.
INFO  [alembic.env] Creating table [32mdashboards[0m...
INFO  [alembic.env] Table [32mdashboards[0m created.
INFO  [alembic.env] Creating table [32mdbs[0m...
INFO  [alembic.env] Table [32mdbs[0m created.
INFO  [alembic.env] Creating table [32mdatasources[0m...
INFO  [alembic.env] Table [32mdatasources[0m created.
INFO  [alembic.env] Creating table [32mtables[0m...
INFO  [alembic.env] Table [32mtables[0m created.
INFO  [alembic.env] Creating table [32mcolumns[0m...
INFO  [alembic.env] Table [32mcolumns[0m created.
INFO  [alembic.env] Creating table [32mmetrics[0m...
INFO  [alembic.env] Table [32mmetrics[0m created.
INFO  [alembic.env] Creating table [32mslices[0m...
INFO  [alembic.env] Table [32mslices[0m created.
INFO  [alembic.env] Creating table [32msql_metrics[0m...
INFO  [alembic.env] Table [32msql_metrics[0m created.
INFO  [alembic.env] Creating table [32mtable_columns[0m...
INFO  [alembic.env] Table [32mtable_columns[0m created.
INFO  [alembic.env] Creating table [32mdashboard_slices[0m...
INFO  [alembic.env] Table [32mdashboard_slices[0m created.
INFO  [alembic.runtime.migration] Running upgrade 4e6a06bad7a8 -> 5a7bad26f2a7, empty message
INFO  [alembic.runtime.migration] Running upgrade 5a7bad26f2a7 -> 1e2841a4128, empty message
INFO  [alembic.runtime.migration] Running upgrade 1e2841a4128 -> 2929af7925ed, TZ offsets in data sources
INFO  [alembic.runtime.migration] Running upgrade 2929af7925ed -> 289ce07647b, Add encrypted password field
INFO  [alembic.runtime.migration] Running upgrade 289ce07647b -> 1a48a5411020, adding slug to dash
INFO  [alembic.runtime.migration] Running upgrade 1a48a5411020 -> 315b3f4da9b0, adding log model
INFO  [alembic.env] Creating table [32mlogs[0m...
INFO  [alembic.env] Table [32mlogs[0m created.
INFO  [alembic.runtime.migration] Running upgrade 315b3f4da9b0 -> 55179c7f25c7, sqla_descr
INFO  [alembic.runtime.migration] Running upgrade 55179c7f25c7 -> 12d55656cbca, is_featured
INFO  [alembic.runtime.migration] Running upgrade 12d55656cbca -> 2591d77e9831, user_id
INFO  [alembic.runtime.migration] Running upgrade 2591d77e9831 -> 8e80a26a31db, empty message
INFO  [alembic.env] Creating table [32murl[0m...
INFO  [alembic.env] Table [32murl[0m created.
INFO  [alembic.runtime.migration] Running upgrade 8e80a26a31db -> 7dbf98566af7, empty message
INFO  [alembic.runtime.migration] Running upgrade 7dbf98566af7 -> 43df8de3a5f4, empty message
INFO  [alembic.runtime.migration] Running upgrade 43df8de3a5f4 -> d827694c7555, css templates
INFO  [alembic.env] Creating table [32mcss_templates[0m...
INFO  [alembic.env] Table [32mcss_templates[0m created.
INFO  [alembic.runtime.migration] Running upgrade d827694c7555 -> 430039611635, log more
INFO  [alembic.runtime.migration] Running upgrade 430039611635 -> 18e88e1cc004, making audit nullable
INFO  [alembic.runtime.migration] Running upgrade 18e88e1cc004 -> 836c0bf75904, cache_timeouts
INFO  [alembic.runtime.migration] Running upgrade 18e88e1cc004 -> a2d606a761d9, adding favstar model
INFO  [alembic.env] Creating table [32mfavstar[0m...
INFO  [alembic.env] Table [32mfavstar[0m created.
INFO  [alembic.runtime.migration] Running upgrade a2d606a761d9, 836c0bf75904 -> d2424a248d63, empty message
INFO  [alembic.runtime.migration] Running upgrade d2424a248d63 -> 763d4b211ec9, fixing audit fk
INFO  [alembic.runtime.migration] Running upgrade d2424a248d63 -> 1d2ddd543133, log dt
INFO  [alembic.runtime.migration] Running upgrade 1d2ddd543133, 763d4b211ec9 -> fee7b758c130, empty message
INFO  [alembic.runtime.migration] Running upgrade fee7b758c130 -> 867bf4f117f9, Adding extra field to Database model
INFO  [alembic.runtime.migration] Running upgrade 867bf4f117f9 -> bb51420eaf83, add schema to table model
INFO  [alembic.runtime.migration] Running upgrade bb51420eaf83 -> b4456560d4f3, change_table_unique_constraint
INFO  [alembic.runtime.migration] Running upgrade b4456560d4f3 -> 4fa88fe24e94, owners_many_to_many
INFO  [alembic.env] Creating table [32mdashboard_user[0m...
INFO  [alembic.env] Table [32mdashboard_user[0m created.
INFO  [alembic.env] Creating table [32mslice_user[0m...
INFO  [alembic.env] Table [32mslice_user[0m created.
INFO  [alembic.runtime.migration] Running upgrade 4fa88fe24e94 -> c3a8f8611885, Materializing permission
INFO  [alembic.runtime.migration] Running upgrade c3a8f8611885 -> f0fbf6129e13, Adding verbose_name to tablecolumn
INFO  [alembic.runtime.migration] Running upgrade f0fbf6129e13 -> 956a063c52b3, adjusting key length
INFO  [alembic.runtime.migration] Running upgrade 956a063c52b3 -> 1226819ee0e3, Fix wrong constraint on table columns
WARNI [alembic.env] Could not find or drop constraint on `columns`
INFO  [alembic.runtime.migration] Running upgrade 1226819ee0e3 -> d8bc074f7aad, Add new field 'is_restricted' to SqlMetric and DruidMetric
INFO  [alembic.runtime.migration] Running upgrade d8bc074f7aad -> 27ae655e4247, Make creator owners
INFO  [alembic.runtime.migration] Running upgrade 27ae655e4247 -> 960c69cb1f5b, add dttm_format related fields in table_columns
INFO  [alembic.runtime.migration] Running upgrade 960c69cb1f5b -> f162a1dea4c4, d3format_by_metric
INFO  [alembic.runtime.migration] Running upgrade f162a1dea4c4 -> ad82a75afd82, Update models to support storing the queries.
INFO  [alembic.env] Creating table [32mquery[0m...
INFO  [alembic.env] Table [32mquery[0m created.
INFO  [alembic.runtime.migration] Running upgrade ad82a75afd82 -> 3c3ffe173e4f, add_sql_string_to_table
INFO  [alembic.runtime.migration] Running upgrade 3c3ffe173e4f -> 41f6a59a61f2, database options for sql lab
INFO  [alembic.runtime.migration] Running upgrade 41f6a59a61f2 -> 4500485bde7d, allow_run_sync_async
INFO  [alembic.runtime.migration] Running upgrade 4500485bde7d -> 65903709c321, allow_dml
INFO  [alembic.runtime.migration] Running upgrade 41f6a59a61f2 -> 33d996bcc382, update slice model
INFO  [alembic.runtime.migration] Running upgrade 33d996bcc382, 65903709c321 -> b347b202819b, empty message
INFO  [alembic.runtime.migration] Running upgrade b347b202819b -> 5e4a03ef0bf0, Add access_request table to manage requests to access datastores.
INFO  [alembic.env] Creating table [32maccess_request[0m...
INFO  [alembic.env] Table [32maccess_request[0m created.
INFO  [alembic.runtime.migration] Running upgrade 5e4a03ef0bf0 -> eca4694defa7, sqllab_setting_defaults
INFO  [alembic.runtime.migration] Running upgrade eca4694defa7 -> ab3d66c4246e, add_cache_timeout_to_druid_cluster
INFO  [alembic.runtime.migration] Running upgrade eca4694defa7 -> 3b626e2a6783, Sync DB with the models.py.
WARNI [alembic.env] slices
INFO  [alembic.runtime.migration] Running upgrade 3b626e2a6783, ab3d66c4246e -> ef8843b41dac, empty message
INFO  [alembic.runtime.migration] Running upgrade ef8843b41dac -> b46fa1b0b39e, Add json_metadata to the tables table.
INFO  [alembic.runtime.migration] Running upgrade b46fa1b0b39e -> 7e3ddad2a00b, results_key to query
INFO  [alembic.runtime.migration] Running upgrade 7e3ddad2a00b -> ad4d656d92bc, Add avg() to default metrics
INFO  [alembic.runtime.migration] Running upgrade ad4d656d92bc -> c611f2b591b8, dim_spec
INFO  [alembic.runtime.migration] Running upgrade c611f2b591b8 -> e46f2d27a08e, materialize perms
INFO  [alembic.runtime.migration] Running upgrade e46f2d27a08e -> f1f2d4af5b90, Enable Filter Select
INFO  [alembic.runtime.migration] Running upgrade e46f2d27a08e -> 525c854f0005, log_this_plus
INFO  [alembic.runtime.migration] Running upgrade 525c854f0005, f1f2d4af5b90 -> 6414e83d82b7, empty message
INFO  [alembic.runtime.migration] Running upgrade 6414e83d82b7 -> 1296d28ec131, Adds params to the datasource (druid) table
INFO  [alembic.runtime.migration] Running upgrade 1296d28ec131 -> f18570e03440, Add index on the result key to the query table.
INFO  [alembic.runtime.migration] Running upgrade f18570e03440 -> bcf3126872fc, Add keyvalue table
INFO  [alembic.env] Creating table [32mkeyvalue[0m...
INFO  [alembic.env] Table [32mkeyvalue[0m created.
INFO  [alembic.runtime.migration] Running upgrade f18570e03440 -> db0c65b146bd, update_slice_model_json
INFO  [alembic.runtime.migration] Running upgrade db0c65b146bd -> a99f2f7c195a, rewriting url from shortener with new format
INFO  [alembic.runtime.migration] Running upgrade a99f2f7c195a, bcf3126872fc -> d6db5a5cdb5d, empty message
INFO  [alembic.runtime.migration] Running upgrade d6db5a5cdb5d -> b318dfe5fb6c, adding verbose_name to druid column
INFO  [alembic.runtime.migration] Running upgrade d6db5a5cdb5d -> 732f1c06bcbf, add fetch values predicate
INFO  [alembic.runtime.migration] Running upgrade 732f1c06bcbf, b318dfe5fb6c -> ea033256294a, empty message
INFO  [alembic.runtime.migration] Running upgrade b318dfe5fb6c -> db527d8c4c78, Add verbose name to DruidCluster and Database
INFO  [alembic.runtime.migration] Running upgrade db527d8c4c78, ea033256294a -> 979c03af3341, empty message
INFO  [alembic.runtime.migration] Running upgrade 979c03af3341 -> a6c18f869a4e, query.start_running_time
INFO  [alembic.runtime.migration] Running upgrade a6c18f869a4e -> 2fcdcb35e487, saved_queries
INFO  [alembic.runtime.migration] Running upgrade 2fcdcb35e487 -> a65458420354, add_result_backend_time_logging
INFO  [alembic.runtime.migration] Running upgrade a65458420354 -> ca69c70ec99b, tracking_url
INFO  [alembic.runtime.migration] Running upgrade ca69c70ec99b -> a9c47e2c1547, add impersonate_user to dbs
INFO  [alembic.runtime.migration] Running upgrade ca69c70ec99b -> ddd6ebdd853b, annotations
INFO  [alembic.env] Creating table [32mannotation_layer[0m...
INFO  [alembic.env] Table [32mannotation_layer[0m created.
INFO  [alembic.env] Creating table [32mannotation[0m...
INFO  [alembic.env] Table [32mannotation[0m created.
INFO  [alembic.runtime.migration] Running upgrade a9c47e2c1547, ddd6ebdd853b -> d39b1e37131d, empty message
INFO  [alembic.runtime.migration] Running upgrade ca69c70ec99b -> 19a814813610, Adding metric warning_text
INFO  [alembic.runtime.migration] Running upgrade 19a814813610, a9c47e2c1547 -> 472d2f73dfd4, empty message
INFO  [alembic.runtime.migration] Running upgrade 472d2f73dfd4, d39b1e37131d -> f959a6652acd, empty message
INFO  [alembic.runtime.migration] Running upgrade f959a6652acd -> 4736ec66ce19, empty message
INFO  [alembic.runtime.migration] Running upgrade 4736ec66ce19 -> 67a6ac9b727b, update_spatial_params
INFO  [alembic.runtime.migration] Running upgrade 67a6ac9b727b -> 21e88bc06c02, migrate_old_annotation_layers
INFO  [alembic.runtime.migration] Running upgrade 21e88bc06c02 -> e866bd2d4976, smaller_grid
INFO  [alembic.runtime.migration] Running upgrade e866bd2d4976 -> e68c4473c581, allow_multi_schema_metadata_fetch
INFO  [alembic.runtime.migration] Running upgrade e68c4473c581 -> f231d82b9b26, empty message
INFO  [alembic.runtime.migration] Running upgrade f231d82b9b26 -> bf706ae5eb46, cal_heatmap_metric_to_metrics
INFO  [alembic.runtime.migration] Running upgrade f231d82b9b26 -> 30bb17c0dc76, empty message
INFO  [alembic.runtime.migration] Running upgrade 30bb17c0dc76, bf706ae5eb46 -> c9495751e314, empty message
INFO  [alembic.runtime.migration] Running upgrade f231d82b9b26 -> 130915240929, is_sqllab_view
INFO  [alembic.runtime.migration] Running upgrade 130915240929, c9495751e314 -> 5ccf602336a0, empty message
INFO  [alembic.runtime.migration] Running upgrade 5ccf602336a0 -> e502db2af7be, add template_params to tables
INFO  [alembic.runtime.migration] Running upgrade e502db2af7be -> c5756bec8b47, Time grain SQLA
INFO  [alembic.runtime.migration] Running upgrade c5756bec8b47 -> afb7730f6a9c, remove empty filters
INFO  [alembic.runtime.migration] Running upgrade afb7730f6a9c -> 80a67c5192fa, single pie chart metric
INFO  [alembic.runtime.migration] Running upgrade 80a67c5192fa -> bddc498dd179, adhoc filters
INFO  [alembic.runtime.migration] Running upgrade bddc498dd179 -> 4451805bbaa1, remove double percents
INFO  [alembic.runtime.migration] Running upgrade bddc498dd179 -> 3dda56f1c4c6, Migrate num_period_compare and period_ratio_type
INFO  [alembic.runtime.migration] Running upgrade 3dda56f1c4c6 -> 1d9e835a84f9, empty message
INFO  [alembic.runtime.migration] Running upgrade 4451805bbaa1, 1d9e835a84f9 -> e3970889f38e, empty message
INFO  [alembic.runtime.migration] Running upgrade 4451805bbaa1, 1d9e835a84f9 -> 705732c70154, empty message
INFO  [alembic.runtime.migration] Running upgrade 4451805bbaa1, 1d9e835a84f9 -> fc480c87706c, empty message
INFO  [alembic.runtime.migration] Running upgrade fc480c87706c -> bebcf3fed1fe, Migrate dashboard position_json data from V1 to V2
INFO  [alembic.runtime.migration] Running upgrade bebcf3fed1fe, 705732c70154 -> ec1f88a35cc6, empty message
INFO  [alembic.runtime.migration] Running upgrade 705732c70154, e3970889f38e -> 46ba6aaaac97, empty message
INFO  [alembic.runtime.migration] Running upgrade 46ba6aaaac97, ec1f88a35cc6 -> c18bd4186f15, empty message
INFO  [alembic.runtime.migration] Running upgrade c18bd4186f15 -> 7fcdcde0761c, Reduce position_json size by remove extra space and component id prefix
INFO  [alembic.runtime.migration] Running upgrade 7fcdcde0761c -> 0c5070e96b57, add user attributes table
INFO  [alembic.runtime.migration] Running upgrade 0c5070e96b57 -> 1a1d627ebd8e, position_json
INFO  [alembic.runtime.migration] Running upgrade 1a1d627ebd8e -> 55e910a74826, add_metadata_column_to_annotation_model.py
INFO  [alembic.runtime.migration] Running upgrade 55e910a74826 -> 4ce8df208545, empty message
INFO  [alembic.runtime.migration] Running upgrade 4ce8df208545 -> 46f444d8b9b7, remove_coordinator_from_druid_cluster_model.py
INFO  [alembic.runtime.migration] Running upgrade 46f444d8b9b7 -> a61b40f9f57f, remove allow_run_sync
INFO  [alembic.runtime.migration] Running upgrade a61b40f9f57f -> 6c7537a6004a, models for email reports
INFO  [alembic.env] Creating table [32mdashboard_email_schedules[0m...
INFO  [alembic.env] Table [32mdashboard_email_schedules[0m created.
INFO  [alembic.env] Creating table [32mslice_email_schedules[0m...
INFO  [alembic.env] Table [32mslice_email_schedules[0m created.
INFO  [alembic.runtime.migration] Running upgrade 6c7537a6004a -> 3e1b21cd94a4, change_owner_to_m2m_relation_on_datasources.py
INFO  [alembic.env] Creating table [32msqlatable_user[0m...
INFO  [alembic.env] Table [32msqlatable_user[0m created.
INFO  [alembic.env] Creating table [32mdruiddatasource_user[0m...
INFO  [alembic.env] Table [32mdruiddatasource_user[0m created.
INFO  [alembic.runtime.migration] Running upgrade 6c7537a6004a -> cefabc8f7d38, Increase size of name column in ab_view_menu
INFO  [alembic.runtime.migration] Running upgrade 55e910a74826 -> 0b1f1ab473c0, Add extra column to Query
INFO  [alembic.runtime.migration] Running upgrade 0b1f1ab473c0, cefabc8f7d38, 3e1b21cd94a4 -> de021a1ca60d, empty message
INFO  [alembic.runtime.migration] Running upgrade de021a1ca60d -> fb13d49b72f9, better_filters
INFO  [alembic.runtime.migration] Running upgrade fb13d49b72f9 -> a33a03f16c4a, Add extra column to SavedQuery
INFO  [alembic.runtime.migration] Running upgrade 4451805bbaa1, 1d9e835a84f9 -> c829ff0b37d0, empty message
INFO  [alembic.runtime.migration] Running upgrade c829ff0b37d0 -> 7467e77870e4, remove_aggs
INFO  [alembic.runtime.migration] Running upgrade 7467e77870e4, de021a1ca60d -> fbd55e0f83eb, empty message
INFO  [alembic.runtime.migration] Running upgrade fbd55e0f83eb, fb13d49b72f9 -> 8b70aa3d0f87, empty message
INFO  [alembic.runtime.migration] Running upgrade 8b70aa3d0f87, a33a03f16c4a -> 18dc26817ad2, empty message
INFO  [alembic.runtime.migration] Running upgrade 18dc26817ad2 -> c617da68de7d, form nullable
INFO  [alembic.runtime.migration] Running upgrade c617da68de7d -> c82ee8a39623, Add implicit tags
INFO  [alembic.runtime.migration] Running upgrade 18dc26817ad2 -> e553e78e90c5, add_druid_auth_py.py
INFO  [alembic.runtime.migration] Running upgrade e553e78e90c5, c82ee8a39623 -> 45e7da7cfeba, empty message
INFO  [alembic.runtime.migration] Running upgrade 45e7da7cfeba -> 80aa3f04bc82, Add Parent ids in dashboard layout metadata
INFO  [alembic.runtime.migration] Running upgrade 80aa3f04bc82 -> d94d33dbe938, form strip
INFO  [alembic.runtime.migration] Running upgrade d94d33dbe938 -> 937d04c16b64, update datasources
INFO  [alembic.runtime.migration] Running upgrade 937d04c16b64 -> 7f2635b51f5d, update base columns
INFO  [alembic.runtime.migration] Running upgrade 7f2635b51f5d -> e9df189e5c7e, update base metrics
INFO  [alembic.runtime.migration] Running upgrade e9df189e5c7e -> afc69274c25a, update the sql, select_sql, and executed_sql columns in the
   query table in mysql dbs to be long text columns
INFO  [alembic.runtime.migration] Running upgrade afc69274c25a -> d7c1a0d6f2da, Remove limit used from query model
INFO  [alembic.runtime.migration] Running upgrade d7c1a0d6f2da -> ab8c66efdd01, resample
INFO  [alembic.runtime.migration] Running upgrade ab8c66efdd01 -> b4a38aa87893, deprecate database expression
INFO  [alembic.runtime.migration] Running upgrade b4a38aa87893 -> d6ffdf31bdd4, Add published column to dashboards
INFO  [alembic.runtime.migration] Running upgrade d6ffdf31bdd4 -> 190188938582, Remove duplicated entries in dashboard_slices table and add unique constraint
INFO  [alembic.runtime.migration] Running upgrade 190188938582 -> def97f26fdfb, Add index to tagged_object
INFO  [alembic.runtime.migration] Running upgrade def97f26fdfb -> 11c737c17cc6, deprecate_restricted_metrics
INFO  [alembic.runtime.migration] Running upgrade 11c737c17cc6 -> 258b5280a45e, form strip leading and trailing whitespace
INFO  [alembic.runtime.migration] Running upgrade 258b5280a45e -> 1495eb914ad3, time range
INFO  [alembic.runtime.migration] Running upgrade 1495eb914ad3 -> b6fa807eac07, make_names_non_nullable
INFO  [alembic.runtime.migration] Running upgrade b6fa807eac07 -> cca2f5d568c8, add encrypted_extra to dbs
INFO  [alembic.runtime.migration] Running upgrade cca2f5d568c8 -> c2acd2cf3df2, alter type of dbs encrypted_extra
INFO  [alembic.runtime.migration] Running upgrade c2acd2cf3df2 -> 78ee127d0d1d, reconvert legacy filters into adhoc
INFO  [alembic.runtime.migration] Running upgrade 78ee127d0d1d -> db4b49eb0782, Add tables for SQL Lab state
INFO  [alembic.env] Creating table [32mtab_state[0m...
INFO  [alembic.env] Table [32mtab_state[0m created.
INFO  [alembic.env] Creating table [32mtable_schema[0m...
INFO  [alembic.env] Table [32mtable_schema[0m created.
INFO  [alembic.runtime.migration] Running upgrade db4b49eb0782 -> 5afa9079866a, serialize_schema_permissions.py
INFO  [alembic.runtime.migration] Running upgrade 5afa9079866a -> 89115a40e8ea, Change table schema description to long text
INFO  [alembic.runtime.migration] Running upgrade 89115a40e8ea -> 817e1c9b09d0, add_not_null_to_dbs_sqlalchemy_url
INFO  [alembic.runtime.migration] Running upgrade 817e1c9b09d0 -> e96dbf2cfef0, datasource_cluster_fk
INFO  [alembic.runtime.migration] Running upgrade e96dbf2cfef0 -> 3325d4caccc8, empty message
INFO  [alembic.runtime.migration] Running upgrade 3325d4caccc8 -> 0a6f12f60c73, add_role_level_security
INFO  [alembic.env] Creating table [32mrow_level_security_filters[0m...
INFO  [alembic.env] Table [32mrow_level_security_filters[0m created.
INFO  [alembic.env] Creating table [32mrls_filter_roles[0m...
INFO  [alembic.env] Table [32mrls_filter_roles[0m created.
INFO  [alembic.runtime.migration] Running upgrade 0a6f12f60c73 -> 72428d1ea401, Add tmp_schema_name to the query object.
INFO  [alembic.runtime.migration] Running upgrade 72428d1ea401 -> b5998378c225, add certificate to dbs
INFO  [alembic.runtime.migration] Running upgrade b5998378c225 -> f9a30386bd74, cleanup_time_granularity
INFO  [alembic.runtime.migration] Running upgrade f9a30386bd74 -> 620241d1153f, update time_grain_sqla
INFO  [alembic.runtime.migration] Running upgrade 620241d1153f -> 743a117f0d98, Add slack to the schedule
INFO  [alembic.runtime.migration] Running upgrade 743a117f0d98 -> e557699a813e, add_tables_relation_to_row_level_security
INFO  [alembic.env] Creating table [32mrls_filter_tables[0m...
INFO  [alembic.env] Table [32mrls_filter_tables[0m created.
INFO  [alembic.runtime.migration] Running upgrade e557699a813e -> ea396d202291, Add ctas_method to the Query object
INFO  [alembic.runtime.migration] Running upgrade ea396d202291 -> a72cb0ebeb22, deprecate dbs.perm column
INFO  [alembic.runtime.migration] Running upgrade a72cb0ebeb22 -> 2f1d15e8a6af, add_alerts
INFO  [alembic.env] Creating table [32malerts[0m...
INFO  [alembic.env] Table [32malerts[0m created.
INFO  [alembic.env] Creating table [32malert_logs[0m...
INFO  [alembic.env] Table [32malert_logs[0m created.
INFO  [alembic.env] Creating table [32malert_owner[0m...
INFO  [alembic.env] Table [32malert_owner[0m created.
INFO  [alembic.runtime.migration] Running upgrade 2f1d15e8a6af -> f2672aa8350a, add_slack_to_alerts
INFO  [alembic.runtime.migration] Running upgrade f2672aa8350a -> f120347acb39, Add extra column to tables and metrics
INFO  [alembic.runtime.migration] Running upgrade f2672aa8350a -> 978245563a02, Migrate iframe in dashboard to markdown component
INFO  [alembic.runtime.migration] Running upgrade 978245563a02, f120347acb39 -> f80a3b88324b, empty message
INFO  [alembic.runtime.migration] Running upgrade f80a3b88324b -> 2e5a0ee25ed4, refractor_alerting
INFO  [alembic.env] Creating table [32malert_validators[0m...
INFO  [alembic.env] Table [32malert_validators[0m created.
INFO  [alembic.env] Creating table [32msql_observers[0m...
INFO  [alembic.env] Table [32msql_observers[0m created.
INFO  [alembic.env] Creating table [32msql_observations[0m...
INFO  [alembic.env] Table [32msql_observations[0m created.
INFO  [alembic.runtime.migration] Running upgrade f80a3b88324b -> 175ea3592453, Add cache to datasource lookup table.
INFO  [alembic.env] Creating table [32mcache_keys[0m...
INFO  [alembic.env] Table [32mcache_keys[0m created.
INFO  [alembic.runtime.migration] Running upgrade 175ea3592453, 2e5a0ee25ed4 -> ae19b4ee3692, empty message
INFO  [alembic.runtime.migration] Running upgrade ae19b4ee3692 -> e5ef6828ac4e, add rls filter type and grouping key
INFO  [alembic.runtime.migration] Running upgrade e5ef6828ac4e -> 3fbbc6e8d654, fix data access permissions for virtual datasets
INFO  [alembic.runtime.migration] Running upgrade 3fbbc6e8d654 -> 18532d70ab98, Delete table_name unique constraint in mysql
INFO  [alembic.runtime.migration] Running upgrade 18532d70ab98 -> b56500de1855, add_uuid_column_to_import_mixin
INFO  [alembic.runtime.migration] Running upgrade b56500de1855 -> af30ca79208f, Collapse alerting models into a single one
INFO  [alembic.runtime.migration] Running upgrade af30ca79208f -> 585b0b1a7b18, add exec info to saved queries
INFO  [alembic.runtime.migration] Running upgrade 585b0b1a7b18 -> 96e99fb176a0, add_import_mixing_to_saved_query
INFO  [alembic.runtime.migration] Running upgrade 96e99fb176a0 -> 49b5a32daba5, add report schedules
INFO  [alembic.env] Creating table [32mreport_schedule[0m...
INFO  [alembic.env] Table [32mreport_schedule[0m created.
INFO  [alembic.env] Creating table [32mreport_execution_log[0m...
INFO  [alembic.env] Table [32mreport_execution_log[0m created.
INFO  [alembic.env] Creating table [32mreport_recipient[0m...
INFO  [alembic.env] Table [32mreport_recipient[0m created.
INFO  [alembic.env] Creating table [32mreport_schedule_user[0m...
INFO  [alembic.env] Table [32mreport_schedule_user[0m created.
INFO  [alembic.runtime.migration] Running upgrade 49b5a32daba5 -> a8173232b786, Add path to logs
INFO  [alembic.runtime.migration] Running upgrade a8173232b786 -> e38177dbf641, security converge saved queries
INFO  [alembic.runtime.migration] Running upgrade e38177dbf641 -> 8ee129739cf9, security converge css templates
INFO  [alembic.runtime.migration] Running upgrade 8ee129739cf9 -> 811494c0cc23, Remove path, path_no_int, and ref from logs
INFO  [alembic.runtime.migration] Running upgrade 811494c0cc23 -> 5daced1f0e76, reports add working_timeout column
INFO  [alembic.runtime.migration] Running upgrade 5daced1f0e76 -> 40f16acf1ba7, security converge reports
INFO  [alembic.runtime.migration] Running upgrade 40f16acf1ba7 -> ccb74baaa89b, security converge charts
INFO  [alembic.runtime.migration] Running upgrade ccb74baaa89b -> c25cb2c78727, security converge annotations
INFO  [alembic.runtime.migration] Running upgrade c25cb2c78727 -> 45731db65d9c, security converge datasets
INFO  [alembic.runtime.migration] Running upgrade 45731db65d9c -> 4b84f97828aa, security converge logs
INFO  [alembic.runtime.migration] Running upgrade 4b84f97828aa -> 1f6dca87d1a2, security converge dashboards
INFO  [alembic.runtime.migration] Running upgrade 1f6dca87d1a2 -> 42b4c9e01447, security converge databases
INFO  [alembic.runtime.migration] Running upgrade 42b4c9e01447 -> e37912a26567, security converge queries
INFO  [alembic.runtime.migration] Running upgrade e37912a26567 -> ab104a954a8f, reports alter crontab size
INFO  [alembic.runtime.migration] Running upgrade ab104a954a8f -> 73fd22e742ab, add_dynamic_plugins.py
INFO  [alembic.runtime.migration] Running upgrade 73fd22e742ab -> c878781977c6, alert reports shared uniqueness
INFO  [alembic.runtime.migration] Running upgrade c878781977c6 -> 260bf0649a77, migrate [x dateunit] to [x dateunit ago/later]
INFO  [alembic.runtime.migration] Running upgrade 260bf0649a77 -> e11ccdd12658, add roles relationship to dashboard
INFO  [alembic.env] Creating table [32mdashboard_roles[0m...
INFO  [alembic.env] Table [32mdashboard_roles[0m created.
INFO  [alembic.runtime.migration] Running upgrade e11ccdd12658 -> 41ce8799acc3, rename pie label type
INFO  [alembic.runtime.migration] Running upgrade 41ce8799acc3 -> 070c043f2fdb, add granularity to charts where missing
INFO  [alembic.runtime.migration] Running upgrade 070c043f2fdb -> c501b7c653a3, add missing uuid column
INFO  [alembic.env] Table dbs already has uuid column, skipping...
INFO  [alembic.env] Table dashboards already has uuid column, skipping...
INFO  [alembic.env] Table slices already has uuid column, skipping...
INFO  [alembic.env] Table tables already has uuid column, skipping...
INFO  [alembic.env] Table table_columns already has uuid column, skipping...
INFO  [alembic.env] Table sql_metrics already has uuid column, skipping...
INFO  [alembic.env] Table clusters already has uuid column, skipping...
INFO  [alembic.env] Table datasources already has uuid column, skipping...
INFO  [alembic.env] Table columns already has uuid column, skipping...
INFO  [alembic.env] Table metrics already has uuid column, skipping...
INFO  [alembic.env] Table dashboard_email_schedules already has uuid column, skipping...
INFO  [alembic.env] Table slice_email_schedules already has uuid column, skipping...
INFO  [alembic.runtime.migration] Running upgrade c501b7c653a3 -> 1412ec1e5a7b, legacy force directed to echart
INFO  [alembic.runtime.migration] Running upgrade 1412ec1e5a7b -> 67da9ef1ef9c, add hide_left_bar to tabstate
INFO  [alembic.runtime.migration] Running upgrade 67da9ef1ef9c -> 989bbe479899, rename_filter_configuration_in_dashboard_metadata.py
INFO  [alembic.runtime.migration] Running upgrade 989bbe479899 -> 301362411006, add_execution_id_to_report_execution_log_model.py
INFO  [alembic.runtime.migration] Running upgrade 301362411006 -> 134cea61c5e7, remove dataset health check message
INFO  [alembic.runtime.migration] Running upgrade 134cea61c5e7 -> 085f06488938, Country map use lowercase country name
INFO  [alembic.runtime.migration] Running upgrade 085f06488938 -> fc3a3a8ff221, migrate filter sets to new format
INFO  [alembic.runtime.migration] Running upgrade fc3a3a8ff221 -> 19e978e1b9c3, add_report_format_to_report_schedule_model.py
INFO  [alembic.runtime.migration] Running upgrade 19e978e1b9c3 -> d416d0d715cc, add_limiting_factor_column_to_query_model.py
INFO  [alembic.runtime.migration] Running upgrade d416d0d715cc -> f1410ed7ec95, migrate native filters to new schema
INFO  [alembic.runtime.migration] Running upgrade f1410ed7ec95 -> 453530256cea, add_save_form_column_to_db_model
INFO  [alembic.runtime.migration] Running upgrade 453530256cea -> 3317e9248280, add_creation_method_to_reports_model
INFO  [alembic.runtime.migration] Running upgrade 3317e9248280 -> 030c840e3a1c, Add query context to slices
INFO  [alembic.runtime.migration] Running upgrade 030c840e3a1c -> ae1ed299413b, add_timezone_to_report_schedule
INFO  [alembic.runtime.migration] Running upgrade ae1ed299413b -> 31b2a1039d4a, drop tables constraint
INFO  [alembic.runtime.migration] Running upgrade 31b2a1039d4a -> e323605f370a, fix schemas_allowed_for_csv_upload
INFO  [alembic.runtime.migration] Running upgrade e323605f370a -> 143b6f2815da, migrate pivot table v2 heatmaps to new format
INFO  [alembic.runtime.migration] Running upgrade 143b6f2815da -> f6196627326f, update chart permissions
INFO  [alembic.runtime.migration] Running upgrade f6196627326f -> 6d20ba9ecb33, add_last_saved_at_to_slice_model
INFO  [alembic.runtime.migration] Running upgrade 6d20ba9ecb33 -> 07071313dd52, change_fetch_values_predicate_to_text
INFO  [alembic.runtime.migration] Running upgrade 07071313dd52 -> 021b81fe4fbb, Add type to native filter configuration
INFO  [alembic.env] [AddTypeToNativeFilter] Starting upgrade
INFO  [alembic.env] [AddTypeToNativeFilter] Done!
INFO  [alembic.runtime.migration] Running upgrade 021b81fe4fbb -> 181091c0ef16, add_extra_column_to_columns_model
INFO  [alembic.runtime.migration] Running upgrade 181091c0ef16 -> 3ebe0993c770, add filter set model
INFO  [alembic.env] Creating table [32mfilter_sets[0m...
INFO  [alembic.env] Table [32mfilter_sets[0m created.
INFO  [alembic.runtime.migration] Running upgrade 3ebe0993c770 -> 60dc453f4e2e, migrate timeseries_limit_metric to legacy_order_by in pivot_table_v2
INFO  [alembic.runtime.migration] Running upgrade 60dc453f4e2e -> 32646df09c64, update time grain SQLA
INFO  [alembic.runtime.migration] Running upgrade 32646df09c64 -> f9847149153d, add_certifications_columns_to_slice
INFO  [alembic.runtime.migration] Running upgrade f9847149153d -> aea15018d53b, add_certifications_columns_to_dashboard
INFO  [alembic.runtime.migration] Running upgrade aea15018d53b -> b92d69a6643c, rename_csv_to_file
INFO  [alembic.runtime.migration] Running upgrade b92d69a6643c -> 0ca9e5f1dacd, rename to schemas_allowed_for_file_upload in dbs.extra
INFO  [alembic.runtime.migration] Running upgrade 0ca9e5f1dacd -> abe27eaf93db, add_extra_config_column_to_alerts
INFO  [alembic.runtime.migration] Running upgrade abe27eaf93db -> 3ba29ecbaac5, Change datatype of type in BaseColumn
INFO  [alembic.runtime.migration] Running upgrade 3ba29ecbaac5 -> fe23025b9441, rename_big_viz_total_form_data_fields
INFO  [alembic.runtime.migration] Running upgrade fe23025b9441 -> 31bb738bd1d2, move_pivot_table_v2_legacy_order_by_to_timeseries_limit_metric
INFO  [alembic.runtime.migration] Running upgrade 31bb738bd1d2 -> bb38f40aa3ff, Add force_screenshot to alerts/reports
INFO  [alembic.runtime.migration] Running upgrade bb38f40aa3ff -> c53bae8f08dd, add_saved_query_foreign_key_to_tab_state
INFO  [alembic.runtime.migration] Running upgrade c53bae8f08dd -> 5fd49410a97a, Add columns for external management
INFO  [alembic.runtime.migration] Running upgrade 5fd49410a97a -> 5afbb1a5849b, add_embedded_dashboard_table
INFO  [alembic.env] Creating table [32membedded_dashboards[0m...
INFO  [alembic.env] Table [32membedded_dashboards[0m created.
INFO  [alembic.runtime.migration] Running upgrade 5afbb1a5849b -> b8d3a24d9131, New dataset models
INFO  [alembic.runtime.migration] Running upgrade b8d3a24d9131 -> b5a422d8e252, fix query and saved_query null schema
INFO  [alembic.runtime.migration] Running upgrade b5a422d8e252 -> ab9a9d86e695, deprecate time_range_endpoints
INFO  [alembic.runtime.migration] Running upgrade ab9a9d86e695 -> 7293b0ca7944, change_adhoc_filter_b_from_none_to_empty_array
INFO  [alembic.runtime.migration] Running upgrade 7293b0ca7944 -> 6766938c6065, add key-value store
INFO  [alembic.env] Creating table [32mkey_value[0m...
INFO  [alembic.env] Table [32mkey_value[0m created.
INFO  [alembic.runtime.migration] Running upgrade 6766938c6065 -> 58df9d617f14, add_on_saved_query_delete_tab_state_null_constraint"
INFO  [alembic.runtime.migration] Running upgrade 58df9d617f14 -> 2ed890b36b94, rm_time_range_endpoints_from_qc
INFO  [alembic.runtime.migration] Running upgrade 2ed890b36b94 -> b0d0249074e4, deprecate time_range_endpoints v2
INFO  [alembic.runtime.migration] Running upgrade 2ed890b36b94 -> 8b841273bec3, sql_lab_models_database_constraint_updates
INFO  [alembic.runtime.migration] Running upgrade 8b841273bec3, b0d0249074e4 -> 9d8a8d575284, merge point
INFO  [alembic.runtime.migration] Running upgrade 9d8a8d575284 -> cecc6bf46990, rm_time_range_endpoints_2
INFO  [alembic.runtime.migration] Running upgrade cecc6bf46990 -> ad07e4fdbaba, rm_time_range_endpoints_from_qc_3
INFO  [alembic.runtime.migration] Running upgrade ad07e4fdbaba -> a9422eeaae74, new_dataset_models_take_2
INFO  [alembic.runtime.migration] Running upgrade a9422eeaae74 -> cbe71abde154, fix report schedule and execution log
INFO  [alembic.runtime.migration] Running upgrade cbe71abde154 -> 6f139c533bea, adding advanced data type to column models
INFO  [alembic.runtime.migration] Running upgrade 6f139c533bea -> e786798587de, Delete None permissions
INFO  [alembic.runtime.migration] Running upgrade e786798587de -> e09b4ae78457, Resize key_value blob
INFO  [alembic.runtime.migration] Running upgrade e09b4ae78457 -> f3afaf1f11f0, add_unique_name_desc_rls
INFO  [alembic.runtime.migration] Running upgrade f3afaf1f11f0 -> 7fb8bca906d2, permalink_rename_filterState
INFO  [alembic.runtime.migration] Running upgrade 7fb8bca906d2 -> cdcf3d64daf4, Add user_id and dttm composite index to Log model
INFO  [alembic.env] Creating index [32mix_logs_user_id_dttm[0m on table [32mlogs[0m
INFO  [alembic.runtime.migration] Running upgrade cdcf3d64daf4 -> c747c78868b6, Migrating legacy TreeMap
INFO  [alembic.runtime.migration] Running upgrade c747c78868b6 -> 06e1e70058c7, Migrating legacy Area
INFO  [alembic.runtime.migration] Running upgrade 06e1e70058c7 -> a39867932713, query_context_to_mediumtext
INFO  [alembic.runtime.migration] Running upgrade a39867932713 -> 409c7b420ab0, add created_by_fk as owner
INFO  [alembic.runtime.migration] Running upgrade 409c7b420ab0 -> ffa79af61a56, rename report_schedule.extra to extra_json
INFO  [alembic.runtime.migration] Running upgrade ffa79af61a56 -> 6d3c6f9d665d, fix_table_chart_conditional_formatting_colors
INFO  [alembic.runtime.migration] Running upgrade 6d3c6f9d665d -> 291f024254b5, drop_column_allow_multi_schema_metadata_fetch
INFO  [alembic.runtime.migration] Running upgrade 291f024254b5 -> deb4c9d4a4ef, parameters in saved queries
INFO  [alembic.runtime.migration] Running upgrade deb4c9d4a4ef -> 4ce1d9b25135, remove_filter_bar_orientation
INFO  [alembic.runtime.migration] Running upgrade 4ce1d9b25135 -> f3c2d8ec8595, create_ssh_tunnel_credentials_tbl
INFO  [alembic.env] Creating table [32mssh_tunnels[0m...
INFO  [alembic.env] Table [32mssh_tunnels[0m created.
INFO  [alembic.runtime.migration] Running upgrade f3c2d8ec8595 -> 9c2a5681ddfd, convert key-value entries to json
INFO  [alembic.runtime.migration] Running upgrade 9c2a5681ddfd -> c0a3ea245b61, remove_show_native_filters
INFO  [alembic.runtime.migration] Running upgrade c0a3ea245b61 -> d0ac08bb5b83, invert_horizontal_bar_chart_order
INFO  [alembic.runtime.migration] Running upgrade d0ac08bb5b83 -> b5ea9d343307, bar_chart_stack_options
INFO  [alembic.runtime.migration] Running upgrade b5ea9d343307 -> 07f9a902af1b, drop postgres enum constrains for tags
INFO  [alembic.runtime.migration] Running upgrade 07f9a902af1b -> 7e67aecbf3f1, chart-ds-constraint
INFO  [alembic.runtime.migration] Running upgrade 7e67aecbf3f1 -> 4ea966691069, cross-filter-global-scoping
INFO  [alembic.runtime.migration] Running upgrade 4ea966691069 -> 9ba2ce3086e5, migrate-pivot-table-v1-to-v2
INFO  [alembic.runtime.migration] Running upgrade 9ba2ce3086e5 -> 4c5da39be729, migrate_treemap_chart
INFO  [alembic.runtime.migration] Running upgrade 4c5da39be729 -> ae58e1e58e5c, migrate_dual_line_to_mixed_chart
INFO  [alembic.runtime.migration] Running upgrade ae58e1e58e5c -> 83e1abbe777f, drop access_request
INFO  [alembic.runtime.migration] Running upgrade 83e1abbe777f -> 90139bf715e4, add_currency_column_to_metrics
INFO  [alembic.env] Adding column [32mcurrency[0m to table [32mmetrics[0m...
INFO  [alembic.env] Adding column [32mcurrency[0m to table [32msql_metrics[0m...
INFO  [alembic.runtime.migration] Running upgrade 90139bf715e4 -> 6fbe660cac39, add on delete cascade for tables references
INFO  [alembic.runtime.migration] Running upgrade 6fbe660cac39 -> 8e5b0fb85b9a, Add custom size columns to report schedule
INFO  [alembic.runtime.migration] Running upgrade 8e5b0fb85b9a -> 240d23c7f86f, update_tag_model_w_description
INFO  [alembic.runtime.migration] Running upgrade 240d23c7f86f -> f92a3124dd66, drop rouge constraints and tables
INFO  [alembic.runtime.migration] Running upgrade f92a3124dd66 -> 6d05b0a70c89, add on delete cascade for owners references
INFO  [alembic.runtime.migration] Running upgrade 6d05b0a70c89 -> 863adcf72773, delete obsolete Druid NoSQL slice parameters
INFO  [alembic.runtime.migration] Running upgrade 863adcf72773 -> a23c6f8b1280, cleanup erroneous parent filter IDs
INFO  [alembic.runtime.migration] Running upgrade a23c6f8b1280 -> bf646a0c1501, json_metadata
INFO  [alembic.runtime.migration] Running upgrade bf646a0c1501 -> e0f6f91c2055, create_user_favorite_table
INFO  [alembic.env] Creating table [32muser_favorite_tag[0m...
INFO  [alembic.env] Table [32muser_favorite_tag[0m created.
INFO  [alembic.runtime.migration] Running upgrade e0f6f91c2055 -> ee179a490af9, deckgl-path-width-units
INFO  [alembic.runtime.migration] Running upgrade ee179a490af9 -> 0769ef90fddd, Fix schema perm for datasets
INFO  [alembic.runtime.migration] Running upgrade 0769ef90fddd -> 2e826adca42c, Fix schema for log
INFO  [alembic.runtime.migration] Running upgrade 2e826adca42c -> 8ace289026f3, add on delete cascade for dashboard_slices
INFO  [alembic.runtime.migration] Running upgrade 8ace289026f3 -> 4448fa6deeb1, add on delete cascade for embedded_dashboards
INFO  [alembic.runtime.migration] Running upgrade 4448fa6deeb1 -> 9f4a086c2676, add_normalize_columns_to_sqla_model
INFO  [alembic.runtime.migration] Running upgrade 9f4a086c2676 -> ec54aca4c8a2, Increase ab_user.email field size
INFO  [alembic.runtime.migration] Running upgrade ec54aca4c8a2 -> 317970b4400c, Added always_filter_main_dttm to datasource
INFO  [alembic.runtime.migration] Running upgrade 317970b4400c -> 4b85906e5b91, add on delete cascade for dashboard_roles
INFO  [alembic.runtime.migration] Running upgrade 4b85906e5b91 -> b7851ee5522f, replay 317970b4400c
INFO  [alembic.runtime.migration] Running upgrade b7851ee5522f -> 06dd9ff00fe8, add_percent_calculation_type_funnel_chart
INFO  [alembic.runtime.migration] Running upgrade 06dd9ff00fe8 -> 65a167d4c62e, add indexes to report models
INFO  [alembic.env] Creating index [32mix_report_execution_log_report_schedule_id[0m on table [32mreport_execution_log[0m
INFO  [alembic.env] Creating index [32mix_report_execution_log_start_dttm[0m on table [32mreport_execution_log[0m
INFO  [alembic.env] Creating index [32mix_report_recipient_report_schedule_id[0m on table [32mreport_recipient[0m
INFO  [alembic.runtime.migration] Running upgrade 65a167d4c62e -> 59a1450b3c10, drop_filter_sets_table
INFO  [alembic.runtime.migration] Running upgrade 59a1450b3c10 -> a32e0c4d8646, migrate-sunburst-chart
INFO  [alembic.runtime.migration] Running upgrade 59a1450b3c10 -> 96164e3017c6
INFO  [alembic.runtime.migration] Running upgrade 96164e3017c6, a32e0c4d8646 -> 15a2c68a2e6b, merging two heads
INFO  [alembic.runtime.migration] Running upgrade a32e0c4d8646 -> 214f580d09c9, migrate_filter_boxes_to_native_filters
INFO  [alembic.runtime.migration] Running upgrade 214f580d09c9 -> e863403c0c50, drop_url_table
INFO  [alembic.runtime.migration] Running upgrade e863403c0c50, 15a2c68a2e6b -> 1cf8e4344e2b, merging
INFO  [alembic.runtime.migration] Running upgrade 1cf8e4344e2b -> 87d38ad83218, Migrate can_view_and_drill permission
INFO  [alembic.runtime.migration] Running upgrade 87d38ad83218 -> 17fcea065655, change_text_to_mediumtext
INFO  [alembic.runtime.migration] Running upgrade 17fcea065655 -> be1b217cd8cd, big_number_kpi_single_metric
INFO  [alembic.runtime.migration] Running upgrade be1b217cd8cd -> 678eefb4ab44, Add access token table
INFO  [alembic.env] Creating table [32mdatabase_user_oauth2_tokens[0m...
INFO  [alembic.env] Table [32mdatabase_user_oauth2_tokens[0m created.
INFO  [alembic.env] Creating index [32midx_user_id_database_id[0m on table [32mdatabase_user_oauth2_tokens[0m
INFO  [alembic.runtime.migration] Running upgrade 678eefb4ab44 -> c22cb5c2e546, empty message
INFO  [alembic.env] Adding column [32mavatar_url[0m to table [32muser_attribute[0m...
INFO  [alembic.runtime.migration] Running upgrade c22cb5c2e546 -> 5ad7321c2169, mig new csv upload perm
INFO  [alembic.runtime.migration] Running upgrade 5ad7321c2169 -> d60591c5515f, mig new excel upload perm
INFO  [alembic.runtime.migration] Running upgrade d60591c5515f -> 5f57af97bc3f, Add catalog column
INFO  [alembic.env] Adding column [32mcatalog[0m to table [32mtables[0m...
INFO  [alembic.env] Adding column [32mcatalog[0m to table [32mquery[0m...
INFO  [alembic.env] Adding column [32mcatalog[0m to table [32msaved_query[0m...
INFO  [alembic.env] Adding column [32mcatalog[0m to table [32mtab_state[0m...
INFO  [alembic.env] Adding column [32mcatalog[0m to table [32mtable_schema[0m...
INFO  [alembic.runtime.migration] Running upgrade 5f57af97bc3f -> 3dfd0e78650e, add_query_sql_editor_id_index
INFO  [alembic.env] Creating index [32mix_sql_editor_id[0m on table [32mquery[0m
INFO  [alembic.runtime.migration] Running upgrade 5f57af97bc3f -> 4a33124c18ad, mig new columnar upload perm
INFO  [alembic.runtime.migration] Running upgrade 4a33124c18ad -> 58d051681a3b, Add catalog_perm to tables
INFO  [alembic.env] Adding column [32mcatalog_perm[0m to table [32mtables[0m...
INFO  [alembic.env] Adding column [32mcatalog_perm[0m to table [32mslices[0m...
INFO  [alembic.runtime.migration] Running upgrade 58d051681a3b, 3dfd0e78650e -> 645bb206f96c, empty message
INFO  [alembic.runtime.migration] Running upgrade 645bb206f96c -> 4081be5b6b74, Enable catalog in Databricks
INFO  [alembic.runtime.migration] Running upgrade 4081be5b6b74 -> 87ffc36f9842, Enable catalog in BigQuery/Presto/Trino/Snowflake
INFO  [alembic.runtime.migration] Running upgrade 87ffc36f9842 -> 9621c6d56ffb, add subject column to report schedule
INFO  [alembic.runtime.migration] Running upgrade 9621c6d56ffb -> f84fde59123a, Update charts with old time comparison controls
INFO  [alembic.runtime.migration] Running upgrade f84fde59123a -> f7b6750b67e8, change_mediumtext_to_longtext
Revision ID: f7b6750b67e8
Revises: f84fde59123a
Create Date: 2024-05-09 19:19:46.630140
INFO  [alembic.runtime.migration] Running upgrade f7b6750b67e8 -> 02f4f7811799, remove sl_dataset_columns tables
INFO  [alembic.env] Dropping foreign key [32msl_dataset_columns_column_id_fkey[0m from table [32msl_dataset_columns[0m...
INFO  [alembic.env] Dropping foreign key [32msl_dataset_columns_dataset_id_fkey[0m from table [32msl_dataset_columns[0m...
INFO  [alembic.runtime.migration] Running upgrade 02f4f7811799 -> 39549add7bfc, remove sl_table_columns_table
INFO  [alembic.env] Dropping foreign key [32msl_table_columns_column_id_fkey[0m from table [32msl_table_columns[0m...
INFO  [alembic.env] Dropping foreign key [32msl_table_columns_table_id_fkey[0m from table [32msl_table_columns[0m...
INFO  [alembic.runtime.migration] Running upgrade 39549add7bfc -> 38f4144e8558, remove sl_dataset_tables
INFO  [alembic.env] Dropping foreign key [32msl_dataset_tables_dataset_id_fkey[0m from table [32msl_dataset_tables[0m...
INFO  [alembic.env] Dropping foreign key [32msl_dataset_tables_table_id_fkey[0m from table [32msl_dataset_tables[0m...
INFO  [alembic.runtime.migration] Running upgrade 38f4144e8558 -> e53fd48cc078, remove sl_dataset_users
INFO  [alembic.env] Dropping foreign key [32msl_dataset_users_user_id_fkey[0m from table [32msl_dataset_users[0m...
INFO  [alembic.env] Dropping foreign key [32msl_dataset_users_dataset_id_fkey[0m from table [32msl_dataset_users[0m...
INFO  [alembic.runtime.migration] Running upgrade e53fd48cc078 -> a6b32d2d07b1, remove sl_columns
INFO  [alembic.env] Dropping foreign key [32msl_columns_changed_by_fk_fkey[0m from table [32msl_columns[0m...
INFO  [alembic.env] Dropping foreign key [32msl_columns_created_by_fk_fkey[0m from table [32msl_columns[0m...
INFO  [alembic.runtime.migration] Running upgrade a6b32d2d07b1 -> 007a1abffe7e, remove sl_tables
INFO  [alembic.env] Dropping foreign key [32msl_tables_changed_by_fk_fkey[0m from table [32msl_tables[0m...
INFO  [alembic.env] Dropping foreign key [32msl_tables_database_id_fkey[0m from table [32msl_tables[0m...
INFO  [alembic.env] Dropping foreign key [32msl_tables_created_by_fk_fkey[0m from table [32msl_tables[0m...
INFO  [alembic.runtime.migration] Running upgrade 007a1abffe7e -> 48cbb571fa3a, remove sl_datasets
INFO  [alembic.env] Dropping foreign key [32msl_datasets_database_id_fkey[0m from table [32msl_datasets[0m...
INFO  [alembic.env] Dropping foreign key [32msl_datasets_created_by_fk_fkey[0m from table [32msl_datasets[0m...
INFO  [alembic.env] Dropping foreign key [32msl_datasets_changed_by_fk_fkey[0m from table [32msl_datasets[0m...
INFO  [alembic.runtime.migration] Running upgrade 48cbb571fa3a -> 7b17aa722e30, UUIDMixin
INFO  [alembic.env] Adding column [32muuid[0m to table [32mcss_templates[0m...
INFO  [alembic.env] Adding column [32muuid[0m to table [32mfavstar[0m...
INFO  [alembic.runtime.migration] Running upgrade 48cbb571fa3a -> df3d7e2eb9a4, Remove _customer_location_uc
INFO  [alembic.runtime.migration] Running upgrade df3d7e2eb9a4, 7b17aa722e30 -> eb1c288c71c4, empty message
INFO  [alembic.runtime.migration] Running upgrade eb1c288c71c4 -> d482d51c15ca, remove_legacy_plugins_5_0
INFO  [alembic.runtime.migration] Running upgrade d482d51c15ca -> 74ad1125881c, converge_upload_permissions
INFO  [alembic.env] Going to delete pvm: can_csv_upload Database
INFO  [alembic.env] Going to delete permission: can_csv_upload
INFO  [alembic.env] Going to delete pvm: can_excel_upload Database
INFO  [alembic.env] Going to delete permission: can_excel_upload
INFO  [alembic.env] Going to delete pvm: can_columnar_upload Database
INFO  [alembic.env] Going to delete permission: can_columnar_upload
INFO  [alembic.runtime.migration] Running upgrade 74ad1125881c -> 94e7a3499973, Add folders column to datasets
INFO  [alembic.env] Adding column [32mfolders[0m to table [32mtables[0m...
INFO  [alembic.runtime.migration] Running upgrade 94e7a3499973 -> 32bf93dfe2a4, Add on cascade to foreign keys in ab_permission_view_role and ab_user_role
INFO  [alembic.env] Dropping foreign key [32mab_permission_view_role_permission_view_id_fkey[0m from table [32mab_permission_view_role[0m...
INFO  [alembic.env] Dropping foreign key [32mab_permission_view_role_role_id_fkey[0m from table [32mab_permission_view_role[0m...
INFO  [alembic.env] Creating foreign key [32mab_permission_view_role_role_id_fkey[0m on table [32mab_permission_view_role[0m...
INFO  [alembic.env] Creating foreign key [32mab_permission_view_role_permission_view_id_fkey[0m on table [32mab_permission_view_role[0m...
INFO  [alembic.env] Dropping foreign key [32mab_user_role_role_id_fkey[0m from table [32mab_user_role[0m...
INFO  [alembic.env] Dropping foreign key [32mab_user_role_user_id_fkey[0m from table [32mab_user_role[0m...
INFO  [alembic.env] Creating foreign key [32mab_user_role_user_id_fkey[0m on table [32mab_user_role[0m...
INFO  [alembic.env] Creating foreign key [32mab_user_role_role_id_fkey[0m on table [32mab_user_role[0m...
INFO  [alembic.runtime.migration] Running upgrade 32bf93dfe2a4 -> 378cecfdba9f, merge_x_axis_sort_series_with_x_axis_sort
INFO  [alembic.runtime.migration] Running upgrade 378cecfdba9f -> f1edd4a4d4f2, metric currency should be JSON
INFO  [alembic.runtime.migration] Running upgrade f1edd4a4d4f2 -> 363a9b1e8992, convert_metric_currencies_from_str_to_json
INFO  [alembic.runtime.migration] Running upgrade 363a9b1e8992 -> 3fd555e76e3d, theme_crud
INFO  [alembic.env] Creating table [32mthemes[0m...
INFO  [alembic.env] Table [32mthemes[0m created.
INFO  [alembic.env] Creating foreign key [32mfk_themes_created_by_fk_ab_user[0m on table [32mthemes[0m...
INFO  [alembic.env] Creating foreign key [32mfk_themes_changed_by_fk_ab_user[0m on table [32mthemes[0m...
INFO  [alembic.runtime.migration] Running upgrade 3fd555e76e3d -> cd1fb11291f2, add theme_id to dashboard model
INFO  [alembic.env] Adding column [32mtheme_id[0m to table [32mdashboards[0m...
INFO  [alembic.env] Creating foreign key [32mfk_dashboards_theme_id_themes[0m on table [32mdashboards[0m...
INFO  [alembic.runtime.migration] Running upgrade cd1fb11291f2 -> c233f5365c9e, is_system_default-is_system_dark
INFO  [alembic.env] Adding column [32mis_system_default[0m to table [32mthemes[0m...
INFO  [alembic.env] Adding column [32mis_system_dark[0m to table [32mthemes[0m...
INFO  [alembic.env] Creating index [32midx_theme_is_system_default[0m on table [32mthemes[0m
INFO  [alembic.env] Creating index [32midx_theme_is_system_dark[0m on table [32mthemes[0m
INFO  [alembic.runtime.migration] Running upgrade c233f5365c9e -> x2s8ocx6rto6, Expand username field to 128 chars
INFO  [alembic.env] Column ab_user.username already has length 128. Skipping migration.
INFO  [alembic.runtime.migration] Running upgrade x2s8ocx6rto6 -> a9c01ec10479, add_datetime_format_to_table_columns
INFO  [alembic.runtime.migration] Running upgrade a9c01ec10479 -> f5b5f88d8526, fix_form_data_string_in_query_context
INFO  [alembic.runtime.migration] Running upgrade f5b5f88d8526 -> 9787190b3d89, add currency column support
INFO  [alembic.env] Adding column [32mcurrency_code_column[0m to table [32mtables[0m...
INFO  [alembic.runtime.migration] Running upgrade 9787190b3d89 -> 4b2a8c9d3e1f, Create tasks and task_subscriber tables for Global Task Framework (GTF)
INFO  [alembic.env] Creating table [32mtasks[0m...
INFO  [alembic.env] Table [32mtasks[0m created.
INFO  [alembic.env] Creating index [32midx_tasks_dedup_key[0m on table [32mtasks[0m
INFO  [alembic.env] Creating index [32midx_tasks_status[0m on table [32mtasks[0m
INFO  [alembic.env] Creating index [32midx_tasks_scope[0m on table [32mtasks[0m
INFO  [alembic.env] Creating index [32midx_tasks_ended_at[0m on table [32mtasks[0m
INFO  [alembic.env] Creating index [32midx_tasks_created_by[0m on table [32mtasks[0m
INFO  [alembic.env] Creating index [32midx_tasks_created_on[0m on table [32mtasks[0m
INFO  [alembic.env] Creating index [32midx_tasks_task_key[0m on table [32mtasks[0m
INFO  [alembic.env] Creating index [32midx_tasks_task_type[0m on table [32mtasks[0m
INFO  [alembic.env] Creating index [32midx_tasks_uuid[0m on table [32mtasks[0m
INFO  [alembic.env] Creating foreign key [32mfk_tasks_created_by_fk_ab_user[0m on table [32mtasks[0m...
INFO  [alembic.env] Creating foreign key [32mfk_tasks_changed_by_fk_ab_user[0m on table [32mtasks[0m...
INFO  [alembic.env] Creating foreign key [32mfk_tasks_user_id_ab_user[0m on table [32mtasks[0m...
INFO  [alembic.env] Creating table [32mtask_subscribers[0m...
INFO  [alembic.env] Table [32mtask_subscribers[0m created.
INFO  [alembic.env] Creating index [32midx_task_subscribers_user_id[0m on table [32mtask_subscribers[0m
INFO  [alembic.env] Creating foreign key [32mfk_task_subscribers_task_id_tasks[0m on table [32mtask_subscribers[0m...
INFO  [alembic.env] Creating foreign key [32mfk_task_subscribers_user_id_ab_user[0m on table [32mtask_subscribers[0m...
INFO  [alembic.env] Creating foreign key [32mfk_task_subscribers_created_by_fk_ab_user[0m on table [32mtask_subscribers[0m...
INFO  [alembic.env] Creating foreign key [32mfk_task_subscribers_changed_by_fk_ab_user[0m on table [32mtask_subscribers[0m...
INFO  [alembic.runtime.migration] Running upgrade 4b2a8c9d3e1f -> a1b2c3d4e5f6, add granular export permissions
INFO  [alembic.runtime.migration] Running upgrade a1b2c3d4e5f6 -> ce6bd21901ab, migrate mapbox and deckgl charts to point_cluster_map
INFO  [alembic.runtime.migration] Running upgrade ce6bd21901ab -> 33d7e0e21daa, add_semantic_layers_and_views
INFO  [alembic.env] Creating table [32msemantic_layers[0m...
INFO  [alembic.env] Table [32msemantic_layers[0m created.
INFO  [alembic.env] Creating foreign key [32mfk_semantic_layers_created_by_fk_ab_user[0m on table [32msemantic_layers[0m...
INFO  [alembic.env] Creating foreign key [32mfk_semantic_layers_changed_by_fk_ab_user[0m on table [32msemantic_layers[0m...
INFO  [alembic.env] Creating table [32msemantic_views[0m...
INFO  [alembic.env] Table [32msemantic_views[0m created.
INFO  [alembic.env] Creating foreign key [32mfk_semantic_views_created_by_fk_ab_user[0m on table [32msemantic_views[0m...
INFO  [alembic.env] Creating foreign key [32mfk_semantic_views_changed_by_fk_ab_user[0m on table [32msemantic_views[0m...
INFO  [alembic.runtime.migration] Running upgrade 33d7e0e21daa -> 31dae2559c05, replay user_favorite_tag migration for users upgrading from 3.0.x
INFO  [alembic.env] Table [91muser_favorite_tag[0m already exists. Skipping...
INFO  [alembic.runtime.migration] Running upgrade 31dae2559c05 -> f7a1c93e0b21, add sessions_invalidated_at to user_attribute
INFO  [alembic.env] Adding column [32msessions_invalidated_at[0m to table [32muser_attribute[0m...
INFO  [alembic.env] Creating index [32mix_user_attribute_sessions_invalidated_at[0m on table [32muser_attribute[0m
INFO  [alembic.runtime.migration] Running upgrade 31dae2559c05 -> c8d2e3f4a5b6, add guest_token_revoked_before to embedded_dashboards
INFO  [alembic.env] Adding column [32mguest_token_revoked_before[0m to table [32membedded_dashboards[0m...
INFO  [alembic.runtime.migration] Running upgrade c8d2e3f4a5b6, f7a1c93e0b21 -> b7c9d1e2f3a4, add password_must_change to user_attribute
INFO  [alembic.env] Adding column [32mpassword_must_change[0m to table [32muser_attribute[0m...
INFO  [alembic.runtime.migration] Running upgrade b7c9d1e2f3a4 -> 78a40c08b4be, add server_host_key to ssh_tunnels
INFO  [alembic.env] Adding column [32mserver_host_key[0m to table [32mssh_tunnels[0m...
INFO  [alembic.runtime.migration] Running upgrade 78a40c08b4be -> a7d3f1b9c2e4, clean up stale can_import permission on ImportExportRestApi
INFO  [alembic.runtime.migration] Running upgrade a7d3f1b9c2e4 -> 2bee73611e32, composite_pk_association_tables
INFO  [alembic.runtime.migration] Running upgrade 2bee73611e32 -> 9e1f3b8c4d2a, Add deleted_at + partial unique slug index for soft-delete.
INFO  [alembic.env] Adding column [32mdeleted_at[0m to table [32mdashboards[0m...
INFO  [alembic.env] Creating index [32mix_dashboards_deleted_at[0m on table [32mdashboards[0m
INFO  [alembic.runtime.migration] Running upgrade 9e1f3b8c4d2a -> b4a3f2e1d0c9, fix Security view menu case
INFO  [alembic.env] No lowercase 'security' view-menu found; nothing to do.
INFO  [alembic.runtime.migration] Running upgrade b4a3f2e1d0c9 -> 7c4a8d09ca37, Add deleted_at column and index to slices for soft-delete.
INFO  [alembic.env] Adding column [32mdeleted_at[0m to table [32mslices[0m...
INFO  [alembic.env] Creating index [32mix_slices_deleted_at[0m on table [32mslices[0m
INFO  [alembic.runtime.migration] Running upgrade 7c4a8d09ca37 -> 3a8e6f2c1b95, Add deleted_at column and index to tables for soft-delete.
INFO  [alembic.env] Adding column [32mdeleted_at[0m to table [32mtables[0m...
INFO  [alembic.env] Creating index [32mix_tables_deleted_at[0m on table [32mtables[0m
INFO  [alembic.runtime.migration] Running upgrade 3a8e6f2c1b95 -> b1c2d3e4f5a6, add subjects and editor/viewer tables
INFO  [alembic.env] Creating table [32msubjects[0m...
INFO  [alembic.env] Table [32msubjects[0m created.
INFO  [alembic.env] Creating index [32mix_subjects_label[0m on table [32msubjects[0m
INFO  [alembic.env] Creating index [32mix_subjects_extra_search[0m on table [32msubjects[0m
INFO  [alembic.env] Creating index [32mix_subjects_user_id[0m on table [32msubjects[0m
INFO  [alembic.env] Creating index [32mix_subjects_role_id[0m on table [32msubjects[0m
INFO  [alembic.env] Creating index [32mix_subjects_group_id[0m on table [32msubjects[0m
INFO  [alembic.env] Creating foreign key [32mfk_subjects_user_id_ab_user[0m on table [32msubjects[0m...
INFO  [alembic.env] Creating foreign key [32mfk_subjects_role_id_ab_role[0m on table [32msubjects[0m...
INFO  [alembic.env] Creating foreign key [32mfk_subjects_group_id_ab_group[0m on table [32msubjects[0m...
INFO  [alembic.env] Creating foreign key [32mfk_subjects_created_by_fk_ab_user[0m on table [32msubjects[0m...
INFO  [alembic.env] Creating foreign key [32mfk_subjects_changed_by_fk_ab_user[0m on table [32msubjects[0m...
INFO  [alembic.env] Creating table [32mdashboard_editors[0m...
INFO  [alembic.env] Table [32mdashboard_editors[0m created.
INFO  [alembic.env] Creating foreign key [32mfk_dashboard_editors_subject_id_subjects[0m on table [32mdashboard_editors[0m...
INFO  [alembic.env] Creating foreign key [32mfk_dashboard_editors_dashboard_id_dashboards[0m on table [32mdashboard_editors[0m...
INFO  [alembic.env] Creating table [32mdashboard_viewers[0m...
INFO  [alembic.env] Table [32mdashboard_viewers[0m created.
INFO  [alembic.env] Creating foreign key [32mfk_dashboard_viewers_subject_id_subjects[0m on table [32mdashboard_viewers[0m...
INFO  [alembic.env] Creating foreign key [32mfk_dashboard_viewers_dashboard_id_dashboards[0m on table [32mdashboard_viewers[0m...
INFO  [alembic.env] Creating table [32mchart_editors[0m...
INFO  [alembic.env] Table [32mchart_editors[0m created.
INFO  [alembic.env] Creating foreign key [32mfk_chart_editors_subject_id_subjects[0m on table [32mchart_editors[0m...
INFO  [alembic.env] Creating foreign key [32mfk_chart_editors_chart_id_slices[0m on table [32mchart_editors[0m...
INFO  [alembic.env] Creating table [32mchart_viewers[0m...
INFO  [alembic.env] Table [32mchart_viewers[0m created.
INFO  [alembic.env] Creating foreign key [32mfk_chart_viewers_subject_id_subjects[0m on table [32mchart_viewers[0m...
INFO  [alembic.env] Creating foreign key [32mfk_chart_viewers_chart_id_slices[0m on table [32mchart_viewers[0m...
INFO  [alembic.env] Creating table [32msqlatable_editors[0m...
INFO  [alembic.env] Table [32msqlatable_editors[0m created.
INFO  [alembic.env] Creating foreign key [32mfk_sqlatable_editors_subject_id_subjects[0m on table [32msqlatable_editors[0m...
INFO  [alembic.env] Creating foreign key [32mfk_sqlatable_editors_table_id_tables[0m on table [32msqlatable_editors[0m...
INFO  [alembic.env] Creating table [32mreport_schedule_editors[0m...
INFO  [alembic.env] Table [32mreport_schedule_editors[0m created.
INFO  [alembic.env] Creating foreign key [32mfk_report_schedule_editors_subject_id_subjects[0m on table [32mreport_schedule_editors[0m...
INFO  [alembic.env] Creating foreign key [32mfk_report_schedule_editors_report_schedule_id_report_schedule[0m on table [32mreport_schedule_editors[0m...
INFO  [alembic.env] Creating table [32mrls_filter_subjects[0m...
INFO  [alembic.env] Table [32mrls_filter_subjects[0m created.
INFO  [alembic.env] Creating foreign key [32mfk_rls_filter_subjects_subject_id_subjects[0m on table [32mrls_filter_subjects[0m...
INFO  [alembic.env] Creating foreign key [32mfk_rls_filter_subjects_rls_filter_id_row_level_security_filters[0m on table [32mrls_filter_subjects[0m...
INFO  [alembic.env] Dropping table [32mdashboard_user[0m...
INFO  [alembic.env] Dropping foreign key [32mfk_dashboard_user_dashboard_id_dashboards[0m from table [32mdashboard_user[0m...
INFO  [alembic.env] Dropping foreign key [32mfk_dashboard_user_user_id_ab_user[0m from table [32mdashboard_user[0m...
INFO  [alembic.env] Table [32mdashboard_user[0m dropped.
INFO  [alembic.env] Dropping table [32mslice_user[0m...
INFO  [alembic.env] Dropping foreign key [32mfk_slice_user_user_id_ab_user[0m from table [32mslice_user[0m...
INFO  [alembic.env] Dropping foreign key [32mfk_slice_user_slice_id_slices[0m from table [32mslice_user[0m...
INFO  [alembic.env] Table [32mslice_user[0m dropped.
INFO  [alembic.env] Dropping table [32msqlatable_user[0m...
INFO  [alembic.env] Dropping foreign key [32mfk_sqlatable_user_user_id_ab_user[0m from table [32msqlatable_user[0m...
INFO  [alembic.env] Dropping foreign key [32mfk_sqlatable_user_table_id_tables[0m from table [32msqlatable_user[0m...
INFO  [alembic.env] Table [32msqlatable_user[0m dropped.
INFO  [alembic.env] Dropping table [32mreport_schedule_user[0m...
INFO  [alembic.env] Dropping foreign key [32mfk_report_schedule_user_report_schedule_id_report_schedule[0m from table [32mreport_schedule_user[0m...
INFO  [alembic.env] Dropping foreign key [32mfk_report_schedule_user_user_id_ab_user[0m from table [32mreport_schedule_user[0m...
INFO  [alembic.env] Table [32mreport_schedule_user[0m dropped.
INFO  [alembic.env] Dropping table [32mdashboard_roles[0m...
INFO  [alembic.env] Dropping foreign key [32mfk_dashboard_roles_dashboard_id_dashboards[0m from table [32mdashboard_roles[0m...
INFO  [alembic.env] Dropping foreign key [32mfk_dashboard_roles_role_id_ab_role[0m from table [32mdashboard_roles[0m...
INFO  [alembic.env] Table [32mdashboard_roles[0m dropped.
INFO  [alembic.env] Dropping table [32mrls_filter_roles[0m...
INFO  [alembic.env] Dropping foreign key [32mrls_filter_roles_role_id_fkey[0m from table [32mrls_filter_roles[0m...
INFO  [alembic.env] Dropping foreign key [32mrls_filter_roles_rls_filter_id_fkey[0m from table [32mrls_filter_roles[0m...
INFO  [alembic.env] Table [32mrls_filter_roles[0m dropped.
INFO  [alembic.runtime.migration] Running upgrade b1c2d3e4f5a6 -> 56cd24c07170, add_versioning_tables
INFO  [alembic.runtime.migration] Running upgrade 56cd24c07170 -> 8f3a1b2c4d5e, shadow_live_row_indexes
INFO  [alembic.runtime.migration] Running upgrade 8f3a1b2c4d5e -> d24e6b0a9c7f, strip metricSqlExpressions from ag_grid_table params
INFO  [alembic.runtime.migration] Running upgrade d24e6b0a9c7f -> e5f6a7b8c9d0, add_extension_storage_table
INFO  [alembic.runtime.migration] Running upgrade e5f6a7b8c9d0 -> d3b9a1f6c204, Add an index on version_transaction.issued_at.
INFO  [alembic.env] Creating index [32mix_version_transaction_issued_at[0m on table [32mversion_transaction[0m
INFO  [alembic.runtime.migration] Running upgrade d3b9a1f6c204 -> e7d93a524ff6, add purge_audit_log
INFO  [alembic.env] Creating table [32mpurge_audit_log[0m...
INFO  [alembic.env] Table [32mpurge_audit_log[0m created.
INFO  [alembic.env] Creating index [32mix_purge_audit_log_entity_uuid[0m on table [32mpurge_audit_log[0m
INFO  [alembic.env] Creating index [32mix_purge_audit_log_status_created_on[0m on table [32mpurge_audit_log[0m
INFO  [alembic.env] Creating index [32mix_dashboard_slices_version_slice_id[0m on table [32mdashboard_slices_version[0m
INFO  [alembic.runtime.migration] Running upgrade d3b9a1f6c204 -> d4e5f6a7b8c9, migrate_bubble_chart_to_echarts
INFO  [alembic.runtime.migration] Running upgrade d4e5f6a7b8c9 -> 88360afb61ed, migrate_compare_chart_to_echarts
INFO  [alembic.runtime.migration] Running upgrade 88360afb61ed, e7d93a524ff6 -> 9d744c5dd981, merge_compare_chart_migration_with_purge_audit_log
INFO  [alembic.runtime.migration] Running upgrade e7d93a524ff6 -> f3a8c1d2e9b7, add_report_retry_columns
INFO  [alembic.runtime.migration] Running upgrade f3a8c1d2e9b7 -> 16755d4ca4ae, Drop _customer_location_uc (take 2)
INFO  [alembic.runtime.migration] Running upgrade 16755d4ca4ae -> 1a27941d5352, restore pivot table percent display from orphaned aggregateFunction
INFO  [alembic.runtime.migration] Running upgrade f3a8c1d2e9b7, 9d744c5dd981 -> 0b99fc576740, merge report retry state columns migration with compare chart merge
INFO  [alembic.runtime.migration] Running upgrade 0b99fc576740, e5f6a7b8c9d0 -> 0be4b8f436f2, merge report retry state columns merge with extension storage table
INFO  [alembic.runtime.migration] Running upgrade 1a27941d5352, 0be4b8f436f2 -> 4f145192b583, merge pivot-table-percent-display restore with report-retry/compare-chart merge
INFO  [alembic.runtime.migration] Running upgrade 1a27941d5352 -> c4a1b8e2d739, migrate Databend connections to an explicit sslmode
INFO  [alembic.runtime.migration] Running upgrade c4a1b8e2d739, 4f145192b583 -> d7cecc48bd55, merge databend sslmode migration with pivot-table-percent-display restore
INFO  [alembic.runtime.migration] Running upgrade d7cecc48bd55 -> b8d2f4a6c901, Preserve MySQL audit ordering and index predecessor lookups.
INFO  [alembic.env] Creating index [32mix_purge_audit_log_retention_predecessor[0m on table [32mpurge_audit_log[0m
INFO  [alembic.runtime.migration] Running upgrade b8d2f4a6c901 -> 2d6ad72e4af6, add include_cta to report_schedule
INFO  [alembic.env] Adding column [32minclude_cta[0m to table [32mreport_schedule[0m...
INFO  [alembic.runtime.migration] Running upgrade b8d2f4a6c901 -> da0e3f0081bf, Enforce one OAuth2 token per (user_id, database_id).
INFO  [alembic.env] Creating index [32midx_user_id_database_id_tmp_unique[0m on table [32mdatabase_user_oauth2_tokens[0m
INFO  [alembic.env] Dropping index [32midx_user_id_database_id[0m from table [32mdatabase_user_oauth2_tokens[0m...
INFO  [alembic.env] Creating index [32midx_user_id_database_id[0m on table [32mdatabase_user_oauth2_tokens[0m
INFO  [alembic.env] Dropping index [32midx_user_id_database_id_tmp_unique[0m from table [32mdatabase_user_oauth2_tokens[0m...
INFO  [alembic.runtime.migration] Running upgrade da0e3f0081bf, 2d6ad72e4af6 -> 1072de5ed955, merge oauth2 token uniqueness with report_schedule include_cta
INFO  [alembic.runtime.migration] Running upgrade 1072de5ed955 -> 39097d124752, Add a reason to purge_audit_log.
INFO  [alembic.env] Adding column [32mreason[0m to table [32mpurge_audit_log[0m...
INFO  [alembic.env] Migration scripts completed. Duration: 00:00:01

Cleaning up slice uuid from dashboard position json..Cleaning up slice uuid from dashboard position json.. Done.      

Updated 0 pie chart labels.
0 slices altered

Cleaning up slice uuid from dashboard position json..Cleaning up slice uuid from dashboard position json.. Done.      

Updated 0 native filter configurations.
Updated 0 filter sets with 0 filters.
Upgraded 0 filters and 0 filter sets.
Upgraded 0 slices.
slices updated with no time_range_endpoints: 0
>> Assign new UUIDs to tables...
>> Drop intermediate columns...
[entrypoint-ownership] loading examples (SUPERSET_LOAD_EXAMPLES=yes)
Loaded your LOCAL configuration at [/app/pythonpath/superset_config_docker.py] (md5:6152310b3750)
2026-09-14 04:17:04,425:WARNING:superset.initialization:--------------------------------------------------------------------------------
                                    WARNING
--------------------------------------------------------------------------------
2026-09-14 04:17:04,425:WARNING:superset.initialization:SQLALCHEMY_ENCRYPTED_FIELD_ENGINE is set to the legacy 'aes' engine (AES-CBC, unauthenticated). App-encrypted fields — database passwords, SSH tunnel credentials, OAuth2 tokens, and similar — would benefit from the authenticated 'aes-gcm' engine instead.
Switching engines on a populated database requires re-encrypting existing values first, since the two ciphertext formats are not interchangeable:
  1. Back up the metadata database.
  2. superset re-encrypt-secrets --engine aes-gcm
  3. Set SQLALCHEMY_ENCRYPTED_FIELD_ENGINE = 'aes-gcm' in superset_config.py.
  4. Restart Superset, then re-run the command above once more to sweep up any values written during the cutover.
See UPDATING.md and docs/sip/authenticated-encryption-at-rest.md for the full runbook.
2026-09-14 04:17:04,425:WARNING:superset.initialization:--------------------------------------------------------------------------------
--------------------------------------------------------------------------------
2026-09-14 04:17:04,443:INFO:superset.initialization:Registering blueprint: superset_ownership
2026-09-14 04:17:04,453:WARNING:py.warnings:/app/.venv/lib/python3.11/site-packages/flask_limiter/extension.py:324: UserWarning: Using the in-memory storage for tracking rate limits as no storage was explicitly specified. This is not recommended for production use. See: https://flask-limiter.readthedocs.io#configuring-a-storage-backend for documentation about configuring the storage backend.
  warnings.warn(

2026-09-14 04:17:04,701:INFO:superset.subjects.hooks:Subject sync hooks registered
2026-09-14 04:17:04,701:INFO:superset_ownership.flags:superset_ownership: OWNERSHIP_ENABLED=True FEATURE_FLAGS['OBJECT_OWNERSHIP']=True (one switch; the flag is derived from the setting)
2026-09-14 04:17:04,701:INFO:superset_ownership.flags:superset_ownership: OWNERSHIP_ENABLED='false' in the environment is the default; an earlier config layer set OWNERSHIP_ENABLED=True as a Python setting, and a config layer wins over the environment.
2026-09-14 04:17:04,702:INFO:superset_ownership.plugins:ownership: authorizer = superset_ownership.authz:OpenFGAAuthorizer (protocol v1, from config)
2026-09-14 04:17:04,702:INFO:superset_ownership.plugins:ownership: directory = superset_ownership.directory:OpenFGADirectory (protocol v1, from config)
2026-09-14 04:17:04,702:INFO:superset_ownership.plugins:ownership: identity = superset_ownership.identity:DefaultIdentity (protocol v1, from default)
2026-09-14 04:17:04,702:INFO:superset_ownership.plugins:ownership: fga = http://openfga:8080 store=01M2F234EV0AE8KZN18Z1SZ628 model=01M2F23E3NX7BNN63C99NM9Y08
2026-09-14 04:17:04,707:INFO:alembic.runtime.migration:Context impl PostgresqlImpl.
2026-09-14 04:17:04,707:INFO:alembic.runtime.migration:Will assume transactional DDL.
2026-09-14 04:17:04,709:INFO:superset_ownership.migrate:superset_ownership: chain upgraded to head
2026-09-14 04:17:04,713:INFO:alembic.runtime.migration:Context impl PostgresqlImpl.
2026-09-14 04:17:04,713:INFO:alembic.runtime.migration:Will assume transactional DDL.
2026-09-14 04:17:04,718:INFO:alembic.runtime.migration:Context impl PostgresqlImpl.
2026-09-14 04:17:04,718:INFO:alembic.runtime.migration:Will assume transactional DDL.
2026-09-14 04:17:04,725:INFO:alembic.runtime.migration:Context impl PostgresqlImpl.
2026-09-14 04:17:04,725:INFO:alembic.runtime.migration:Will assume transactional DDL.
2026-09-14 04:17:04,732:INFO:alembic.runtime.migration:Context impl PostgresqlImpl.
2026-09-14 04:17:04,732:INFO:alembic.runtime.migration:Will assume transactional DDL.
2026-09-14 04:17:04,734:INFO:superset_ownership.db:superset_ownership: schema at 0003_ownership_foreign_keys
2026-09-14 04:17:04,734:WARNING:superset_ownership.outbox:superset_ownership: the outbox is ENABLED but no Celery beat entry runs superset_ownership.outbox.drain. Sharing changes will queue and never reach the authorization store unless `superset ownership outbox drain` is run by something.
2026-09-14 04:17:04,734:INFO:superset_ownership.guard:superset_ownership: viewers guard installed
2026-09-14 04:17:04,735:INFO:superset_ownership.cli:superset_ownership: CLI registered (superset ownership --help)
2026-09-14 04:17:04,805:INFO:superset_ownership.dashboard_patch:superset_ownership: dashboard-chart access marker installed
2026-09-14 04:17:04,812:INFO:superset_ownership.sentinel:superset_ownership: created sentinel role __ownership_sentinel__
2026-09-14 04:17:04,820:INFO:alembic.runtime.migration:Context impl PostgresqlImpl.
2026-09-14 04:17:04,820:INFO:alembic.runtime.migration:Will assume transactional DDL.
2026-09-14 04:17:04,826:INFO:superset_ownership.lifecycle:superset_ownership: startup check ok
2026-09-14 04:17:04,827:INFO:alembic.runtime.migration:Context impl PostgresqlImpl.
2026-09-14 04:17:04,827:INFO:alembic.runtime.migration:Will assume transactional DDL.
2026-09-14 04:17:04,983:INFO:superset.app:Syncing configuration to database...
2026-09-14 04:17:04,991:INFO:superset.app:Configuration sync to database completed successfully
2026-09-14 04:17:05,169:INFO:superset.core.mcp.core_mcp_injection:fastmcp is not installed, skipping MCP initialization. Install it with: pip install 'apache-superset[fastmcp]'
2026-09-14 04:17:05,176:INFO:superset.utils.database:Creating database reference for examples
2026-09-14 04:17:05,183:INFO:superset.cli.examples:Loading examples metadata and related data into examples
2026-09-14 04:17:05,580:INFO:superset.cli.examples:Loading [Bart Lines]
2026-09-14 04:17:05,621:INFO:superset.examples.generic_loader:Loading data for bart_lines from bart_lines.parquet
2026-09-14 04:17:05,663:INFO:superset.examples.generic_loader:Loaded 5 rows into bart_lines
2026-09-14 04:17:05,705:INFO:superset.cli.examples:Loading [Birth France By Region]
2026-09-14 04:17:05,721:INFO:superset.examples.generic_loader:Loading data for birth_france_by_region from birth_france_by_region.parquet
2026-09-14 04:17:05,738:INFO:superset.examples.generic_loader:Loaded 96 rows into birth_france_by_region
2026-09-14 04:17:05,783:INFO:superset.cli.examples:Loading [Cleaned Sales Data]
2026-09-14 04:17:05,800:INFO:superset.examples.generic_loader:Loading data for cleaned_sales_data from cleaned_sales_data.parquet
2026-09-14 04:17:06,387:INFO:superset.examples.generic_loader:Loaded 2823 rows into cleaned_sales_data
2026-09-14 04:17:06,456:INFO:superset.cli.examples:Loading [Fcc New Coder Survey]
2026-09-14 04:17:06,472:INFO:superset.examples.generic_loader:Loading data for FCC 2018 Survey from fcc_new_coder_survey.parquet
2026-09-14 04:17:36,055:INFO:superset.examples.generic_loader:Loaded 28397 rows into FCC 2018 Survey
2026-09-14 04:17:36,193:INFO:superset.cli.examples:Loading [Flights]
2026-09-14 04:17:36,208:INFO:superset.examples.generic_loader:Loading data for flights from flights.parquet
2026-09-14 04:17:55,004:INFO:superset.examples.generic_loader:Loaded 55105 rows into flights
2026-09-14 04:17:55,068:INFO:superset.cli.examples:Loading [Hierarchical Dataset]
2026-09-14 04:17:55,082:INFO:superset.examples.generic_loader:Loading data for hierarchical_dataset from hierarchical_dataset.parquet
2026-09-14 04:17:55,090:INFO:superset.examples.generic_loader:Loaded 12 rows into hierarchical_dataset
2026-09-14 04:17:55,119:INFO:superset.cli.examples:Loading [International Sales]
2026-09-14 04:17:55,133:INFO:superset.examples.generic_loader:Loading data for international_sales from international_sales.parquet
2026-09-14 04:17:55,145:INFO:superset.examples.generic_loader:Loaded 42 rows into international_sales
2026-09-14 04:17:55,181:INFO:superset.cli.examples:Loading [Long Lat]
2026-09-14 04:17:55,195:INFO:superset.examples.generic_loader:Loading data for long_lat from long_lat.parquet
2026-09-14 04:18:23,480:INFO:superset.examples.generic_loader:Loaded 261552 rows into long_lat
2026-09-14 04:18:23,534:INFO:superset.cli.examples:Loading [Members Channels 2]
2026-09-14 04:18:23,550:INFO:superset.examples.generic_loader:Loading data for members_channels_2 from members_channels_2.parquet
2026-09-14 04:18:23,650:INFO:superset.examples.generic_loader:Loaded 8358 rows into members_channels_2
2026-09-14 04:18:23,679:INFO:superset.cli.examples:Loading [Messages]
2026-09-14 04:18:23,692:INFO:superset.examples.generic_loader:Loading data for messages from messages.parquet
2026-09-14 04:18:25,263:INFO:superset.examples.generic_loader:Loaded 4684 rows into messages
2026-09-14 04:18:25,329:INFO:superset.cli.examples:Loading [Messages Channels]
2026-09-14 04:18:25,348:INFO:superset.examples.generic_loader:Loading data for messages_channels from messages_channels.parquet
2026-09-14 04:18:25,440:INFO:superset.examples.generic_loader:Loaded 4684 rows into messages_channels
2026-09-14 04:18:25,472:INFO:superset.cli.examples:Loading [New Members Daily]
2026-09-14 04:18:25,487:INFO:superset.examples.generic_loader:Loading data for new_members_daily from new_members_daily.parquet
2026-09-14 04:18:25,509:INFO:superset.examples.generic_loader:Loaded 1141 rows into new_members_daily
2026-09-14 04:18:25,539:INFO:superset.cli.examples:Loading [Project Management]
2026-09-14 04:18:25,554:INFO:superset.examples.generic_loader:Loading data for project_management from project_management.parquet
2026-09-14 04:18:25,562:INFO:superset.examples.generic_loader:Loaded 18 rows into project_management
2026-09-14 04:18:25,596:INFO:superset.cli.examples:Loading [Sales Dashboard]
2026-09-14 04:18:25,608:INFO:superset.examples.generic_loader:Table cleaned_sales_data already exists, skipping data load
2026-09-14 04:18:25,609:INFO:superset.cli.examples:Loading [Sf Population Polygons]
2026-09-14 04:18:25,621:INFO:superset.examples.generic_loader:Loading data for sf_population_polygons from sf_population_polygons.parquet
2026-09-14 04:18:25,632:INFO:superset.examples.generic_loader:Loaded 25 rows into sf_population_polygons
2026-09-14 04:18:25,661:INFO:superset.cli.examples:Loading [Threads]
2026-09-14 04:18:25,674:INFO:superset.examples.generic_loader:Loading data for threads from threads.parquet
2026-09-14 04:18:25,690:INFO:superset.examples.generic_loader:Loaded 85 rows into threads
2026-09-14 04:18:25,727:INFO:superset.cli.examples:Loading [Unicode Test]
2026-09-14 04:18:25,741:INFO:superset.examples.generic_loader:Loading data for unicode_test from unicode_test.parquet
2026-09-14 04:18:25,749:INFO:superset.examples.generic_loader:Loaded 41 rows into unicode_test
2026-09-14 04:18:25,779:INFO:superset.cli.examples:Loading [Usa Births Names]
2026-09-14 04:18:25,793:INFO:superset.examples.generic_loader:Loading data for birth_names from usa_births_names.parquet
2026-09-14 04:18:29,488:INFO:superset.examples.generic_loader:Loaded 75691 rows into birth_names
2026-09-14 04:18:29,524:INFO:superset.cli.examples:Loading [Users]
2026-09-14 04:18:29,537:INFO:superset.examples.generic_loader:Loading data for users from users.parquet
2026-09-14 04:18:29,867:INFO:superset.examples.generic_loader:Loaded 2505 rows into users
2026-09-14 04:18:29,911:INFO:superset.cli.examples:Loading [Users Channels-Uzoonntsro]
2026-09-14 04:18:29,927:INFO:superset.examples.generic_loader:Loading data for users_channels-uzooNNtSRO from users_channels-uzooNNtSRO.parquet
2026-09-14 04:18:29,950:INFO:superset.examples.generic_loader:Loaded 870 rows into users_channels-uzooNNtSRO
2026-09-14 04:18:29,981:INFO:superset.cli.examples:Loading [Video Game Sales]
2026-09-14 04:18:29,995:INFO:superset.examples.generic_loader:Loading data for video_game_sales from video_game_sales.parquet
2026-09-14 04:18:31,309:INFO:superset.examples.generic_loader:Loaded 16595 rows into video_game_sales
2026-09-14 04:18:31,349:INFO:superset.cli.examples:Loading [Wb Health Population]
2026-09-14 04:18:31,365:INFO:superset.examples.generic_loader:Loading data for wb_health_population from wb_health_population.parquet
2026-09-14 04:19:02,018:INFO:superset.examples.generic_loader:Loaded 11770 rows into wb_health_population
2026-09-14 04:19:02,322:INFO:superset.cli.examples:Loading [World Health]
2026-09-14 04:19:02,335:INFO:superset.examples.generic_loader:Table wb_health_population already exists, skipping data load
2026-09-14 04:19:05,043:WARNING:superset.commands.dataset.importers.v1.utils:Couldn't check if table project_management exists, assuming it does
2026-09-14 04:19:17,634:INFO:superset_ownership.hooks:superset_ownership: chart 1 created public, owner=None
2026-09-14 04:19:17,636:INFO:superset_ownership.hooks:superset_ownership: chart 2 created public, owner=None
2026-09-14 04:19:17,637:INFO:superset_ownership.hooks:superset_ownership: chart 3 created public, owner=None
2026-09-14 04:19:17,639:INFO:superset_ownership.hooks:superset_ownership: chart 4 created public, owner=None
2026-09-14 04:19:17,640:INFO:superset_ownership.hooks:superset_ownership: chart 5 created public, owner=None
2026-09-14 04:19:17,641:INFO:superset_ownership.hooks:superset_ownership: chart 6 created public, owner=None
2026-09-14 04:19:17,643:INFO:superset_ownership.hooks:superset_ownership: chart 7 created public, owner=None
2026-09-14 04:19:17,644:INFO:superset_ownership.hooks:superset_ownership: chart 8 created public, owner=None
2026-09-14 04:19:17,646:INFO:superset_ownership.hooks:superset_ownership: chart 9 created public, owner=None
2026-09-14 04:19:17,647:INFO:superset_ownership.hooks:superset_ownership: chart 10 created public, owner=None
2026-09-14 04:19:17,648:INFO:superset_ownership.hooks:superset_ownership: chart 11 created public, owner=None
2026-09-14 04:19:17,650:INFO:superset_ownership.hooks:superset_ownership: chart 12 created public, owner=None
2026-09-14 04:19:17,651:INFO:superset_ownership.hooks:superset_ownership: chart 13 created public, owner=None
2026-09-14 04:19:17,653:INFO:superset_ownership.hooks:superset_ownership: chart 14 created public, owner=None
2026-09-14 04:19:17,654:INFO:superset_ownership.hooks:superset_ownership: chart 15 created public, owner=None
2026-09-14 04:19:17,655:INFO:superset_ownership.hooks:superset_ownership: chart 16 created public, owner=None
2026-09-14 04:19:17,657:INFO:superset_ownership.hooks:superset_ownership: chart 17 created public, owner=None
2026-09-14 04:19:17,658:INFO:superset_ownership.hooks:superset_ownership: chart 18 created public, owner=None
2026-09-14 04:19:17,659:INFO:superset_ownership.hooks:superset_ownership: chart 19 created public, owner=None
2026-09-14 04:19:17,661:INFO:superset_ownership.hooks:superset_ownership: chart 20 created public, owner=None
2026-09-14 04:19:17,662:INFO:superset_ownership.hooks:superset_ownership: chart 21 created public, owner=None
2026-09-14 04:19:17,663:INFO:superset_ownership.hooks:superset_ownership: chart 22 created public, owner=None
2026-09-14 04:19:17,665:INFO:superset_ownership.hooks:superset_ownership: chart 23 created public, owner=None
2026-09-14 04:19:17,666:INFO:superset_ownership.hooks:superset_ownership: chart 24 created public, owner=None
2026-09-14 04:19:17,667:INFO:superset_ownership.hooks:superset_ownership: chart 25 created public, owner=None
2026-09-14 04:19:17,669:INFO:superset_ownership.hooks:superset_ownership: chart 26 created public, owner=None
2026-09-14 04:19:17,670:INFO:superset_ownership.hooks:superset_ownership: chart 27 created public, owner=None
2026-09-14 04:19:17,671:INFO:superset_ownership.hooks:superset_ownership: chart 28 created public, owner=None
2026-09-14 04:19:17,673:INFO:superset_ownership.hooks:superset_ownership: chart 29 created public, owner=None
2026-09-14 04:19:17,674:INFO:superset_ownership.hooks:superset_ownership: chart 30 created public, owner=None
2026-09-14 04:19:17,675:INFO:superset_ownership.hooks:superset_ownership: chart 31 created public, owner=None
2026-09-14 04:19:17,677:INFO:superset_ownership.hooks:superset_ownership: chart 32 created public, owner=None
2026-09-14 04:19:17,678:INFO:superset_ownership.hooks:superset_ownership: chart 33 created public, owner=None
2026-09-14 04:19:17,680:INFO:superset_ownership.hooks:superset_ownership: chart 34 created public, owner=None
2026-09-14 04:19:17,681:INFO:superset_ownership.hooks:superset_ownership: chart 35 created public, owner=None
2026-09-14 04:19:17,682:INFO:superset_ownership.hooks:superset_ownership: chart 36 created public, owner=None
2026-09-14 04:19:17,683:INFO:superset_ownership.hooks:superset_ownership: chart 37 created public, owner=None
2026-09-14 04:19:17,684:INFO:superset_ownership.hooks:superset_ownership: chart 38 created public, owner=None
2026-09-14 04:19:17,685:INFO:superset_ownership.hooks:superset_ownership: chart 39 created public, owner=None
2026-09-14 04:19:17,686:INFO:superset_ownership.hooks:superset_ownership: chart 40 created public, owner=None
2026-09-14 04:19:17,687:INFO:superset_ownership.hooks:superset_ownership: chart 41 created public, owner=None
2026-09-14 04:19:17,689:INFO:superset_ownership.hooks:superset_ownership: chart 42 created public, owner=None
2026-09-14 04:19:17,690:INFO:superset_ownership.hooks:superset_ownership: chart 43 created public, owner=None
2026-09-14 04:19:17,691:INFO:superset_ownership.hooks:superset_ownership: chart 44 created public, owner=None
2026-09-14 04:19:17,693:INFO:superset_ownership.hooks:superset_ownership: chart 45 created public, owner=None
2026-09-14 04:19:17,694:INFO:superset_ownership.hooks:superset_ownership: chart 46 created public, owner=None
2026-09-14 04:19:17,695:INFO:superset_ownership.hooks:superset_ownership: chart 47 created public, owner=None
2026-09-14 04:19:17,697:INFO:superset_ownership.hooks:superset_ownership: chart 48 created public, owner=None
2026-09-14 04:19:17,698:INFO:superset_ownership.hooks:superset_ownership: chart 49 created public, owner=None
2026-09-14 04:19:17,699:INFO:superset_ownership.hooks:superset_ownership: chart 50 created public, owner=None
2026-09-14 04:19:17,701:INFO:superset_ownership.hooks:superset_ownership: chart 51 created public, owner=None
2026-09-14 04:19:17,702:INFO:superset_ownership.hooks:superset_ownership: chart 52 created public, owner=None
2026-09-14 04:19:17,703:INFO:superset_ownership.hooks:superset_ownership: chart 53 created public, owner=None
2026-09-14 04:19:17,705:INFO:superset_ownership.hooks:superset_ownership: chart 54 created public, owner=None
2026-09-14 04:19:17,706:INFO:superset_ownership.hooks:superset_ownership: chart 55 created public, owner=None
2026-09-14 04:19:17,707:INFO:superset_ownership.hooks:superset_ownership: chart 56 created public, owner=None
2026-09-14 04:19:17,709:INFO:superset_ownership.hooks:superset_ownership: chart 57 created public, owner=None
2026-09-14 04:19:17,710:INFO:superset_ownership.hooks:superset_ownership: chart 58 created public, owner=None
2026-09-14 04:19:17,711:INFO:superset_ownership.hooks:superset_ownership: chart 59 created public, owner=None
2026-09-14 04:19:17,713:INFO:superset_ownership.hooks:superset_ownership: chart 60 created public, owner=None
2026-09-14 04:19:17,714:INFO:superset_ownership.hooks:superset_ownership: chart 61 created public, owner=None
2026-09-14 04:19:17,715:INFO:superset_ownership.hooks:superset_ownership: chart 62 created public, owner=None
2026-09-14 04:19:17,717:INFO:superset_ownership.hooks:superset_ownership: chart 63 created public, owner=None
2026-09-14 04:19:17,718:INFO:superset_ownership.hooks:superset_ownership: chart 64 created public, owner=None
2026-09-14 04:19:17,719:INFO:superset_ownership.hooks:superset_ownership: chart 65 created public, owner=None
2026-09-14 04:19:17,721:INFO:superset_ownership.hooks:superset_ownership: chart 66 created public, owner=None
2026-09-14 04:19:17,722:INFO:superset_ownership.hooks:superset_ownership: chart 67 created public, owner=None
2026-09-14 04:19:17,723:INFO:superset_ownership.hooks:superset_ownership: chart 68 created public, owner=None
2026-09-14 04:19:17,724:INFO:superset_ownership.hooks:superset_ownership: chart 69 created public, owner=None
2026-09-14 04:19:17,726:INFO:superset_ownership.hooks:superset_ownership: chart 70 created public, owner=None
2026-09-14 04:19:17,727:INFO:superset_ownership.hooks:superset_ownership: chart 71 created public, owner=None
2026-09-14 04:19:17,728:INFO:superset_ownership.hooks:superset_ownership: chart 72 created public, owner=None
2026-09-14 04:19:17,730:INFO:superset_ownership.hooks:superset_ownership: chart 73 created public, owner=None
2026-09-14 04:19:17,731:INFO:superset_ownership.hooks:superset_ownership: chart 74 created public, owner=None
2026-09-14 04:19:17,732:INFO:superset_ownership.hooks:superset_ownership: chart 75 created public, owner=None
2026-09-14 04:19:17,735:INFO:superset_ownership.hooks:superset_ownership: chart 76 created public, owner=None
2026-09-14 04:19:17,737:INFO:superset_ownership.hooks:superset_ownership: chart 77 created public, owner=None
2026-09-14 04:19:17,739:INFO:superset_ownership.hooks:superset_ownership: chart 78 created public, owner=None
2026-09-14 04:19:17,741:INFO:superset_ownership.hooks:superset_ownership: chart 79 created public, owner=None
2026-09-14 04:19:17,742:INFO:superset_ownership.hooks:superset_ownership: chart 80 created public, owner=None
2026-09-14 04:19:17,743:INFO:superset_ownership.hooks:superset_ownership: chart 81 created public, owner=None
2026-09-14 04:19:17,745:INFO:superset_ownership.hooks:superset_ownership: chart 82 created public, owner=None
2026-09-14 04:19:17,746:INFO:superset_ownership.hooks:superset_ownership: chart 83 created public, owner=None
2026-09-14 04:19:17,748:INFO:superset_ownership.hooks:superset_ownership: chart 84 created public, owner=None
2026-09-14 04:19:17,749:INFO:superset_ownership.hooks:superset_ownership: chart 85 created public, owner=None
2026-09-14 04:19:17,750:INFO:superset_ownership.hooks:superset_ownership: chart 86 created public, owner=None
2026-09-14 04:19:17,751:INFO:superset_ownership.hooks:superset_ownership: chart 87 created public, owner=None
2026-09-14 04:19:17,753:INFO:superset_ownership.hooks:superset_ownership: chart 88 created public, owner=None
2026-09-14 04:19:17,754:INFO:superset_ownership.hooks:superset_ownership: chart 89 created public, owner=None
2026-09-14 04:19:17,756:INFO:superset_ownership.hooks:superset_ownership: chart 90 created public, owner=None
2026-09-14 04:19:17,757:INFO:superset_ownership.hooks:superset_ownership: chart 91 created public, owner=None
2026-09-14 04:19:17,758:INFO:superset_ownership.hooks:superset_ownership: chart 92 created public, owner=None
2026-09-14 04:19:17,761:INFO:superset_ownership.hooks:superset_ownership: chart 93 created public, owner=None
2026-09-14 04:19:17,762:INFO:superset_ownership.hooks:superset_ownership: chart 94 created public, owner=None
2026-09-14 04:19:17,764:INFO:superset_ownership.hooks:superset_ownership: chart 95 created public, owner=None
2026-09-14 04:19:17,765:INFO:superset_ownership.hooks:superset_ownership: chart 96 created public, owner=None
2026-09-14 04:19:17,766:INFO:superset_ownership.hooks:superset_ownership: chart 97 created public, owner=None
2026-09-14 04:19:17,768:INFO:superset_ownership.hooks:superset_ownership: chart 98 created public, owner=None
2026-09-14 04:19:17,769:INFO:superset_ownership.hooks:superset_ownership: chart 99 created public, owner=None
2026-09-14 04:19:17,771:INFO:superset_ownership.hooks:superset_ownership: chart 100 created public, owner=None
2026-09-14 04:19:17,774:INFO:superset_ownership.hooks:superset_ownership: chart 101 created public, owner=None
2026-09-14 04:19:17,776:INFO:superset_ownership.hooks:superset_ownership: chart 102 created public, owner=None
2026-09-14 04:19:17,777:INFO:superset_ownership.hooks:superset_ownership: chart 103 created public, owner=None
2026-09-14 04:19:17,778:INFO:superset_ownership.hooks:superset_ownership: dashboard 1 created public, owner=None
2026-09-14 04:19:17,780:INFO:superset_ownership.hooks:superset_ownership: dashboard 2 created public, owner=None
2026-09-14 04:19:17,781:INFO:superset_ownership.hooks:superset_ownership: dashboard 3 created public, owner=None
2026-09-14 04:19:17,782:INFO:superset_ownership.hooks:superset_ownership: dashboard 4 created public, owner=None
2026-09-14 04:19:17,784:INFO:superset_ownership.hooks:superset_ownership: dashboard 5 created public, owner=None
2026-09-14 04:19:17,785:INFO:superset_ownership.hooks:superset_ownership: dashboard 6 created public, owner=None
2026-09-14 04:19:17,786:INFO:superset_ownership.hooks:superset_ownership: dashboard 7 created public, owner=None
2026-09-14 04:19:17,788:INFO:superset_ownership.hooks:superset_ownership: dashboard 8 created public, owner=None
2026-09-14 04:19:17,789:INFO:superset_ownership.hooks:superset_ownership: dashboard 9 created public, owner=None
2026-09-14 04:19:17,837:INFO:superset_ownership.audit:AUDIT {'event': 'ownership.object_created', 'occurred_at': '2026-09-14T04:19:17.634572Z', 'actor': {'superset_id': None, 'member_guid': None, 'tenant_guid': None, 'username': None}, 'object': {'type': 'chart', 'id': 1, 'uuid': 'bd20fc69-dd51-46c1-99b5-09e37a434bf1'}, 'before': None, 'after': {'visibility': 'public', 'owner_user_id': None, 'via': 'flush guard'}, 'request_id': None}
2026-09-14 04:19:17,837:INFO:superset_ownership.audit:AUDIT {'event': 'ownership.object_created', 'occurred_at': '2026-09-14T04:19:17.636414Z', 'actor': {'superset_id': None, 'member_guid': None, 'tenant_guid': None, 'username': None}, 'object': {'type': 'chart', 'id': 2, 'uuid': '7b12a243-88e0-4dc5-ac33-9a840bb0ac5a'}, 'before': None, 'after': {'visibility': 'public', 'owner_user_id': None, 'via': 'flush guard'}, 'request_id': None}
2026-09-14 04:19:17,837:INFO:superset_ownership.audit:AUDIT {'event': 'ownership.object_created', 'occurred_at': '2026-09-14T04:19:17.637834Z', 'actor': {'superset_id': None, 'member_guid': None, 'tenant_guid': None, 'username': None}, 'object': {'type': 'chart', 'id': 3, 'uuid': '08aff161-f60c-4cb3-a225-dc9b1140d2e3'}, 'before': None, 'after': {'visibility': 'public', 'owner_user_id': None, 'via': 'flush guard'}, 'request_id': None}
2026-09-14 04:19:17,837:INFO:superset_ownership.audit:AUDIT {'event': 'ownership.object_created', 'occurred_at': '2026-09-14T04:19:17.639196Z', 'actor': {'superset_id': None, 'member_guid': None, 'tenant_guid': None, 'username': None}, 'object': {'type': 'chart', 'id': 4, 'uuid': 'cf0da099-b3ab-4d94-ab62-cf353ac3c611'}, 'before': None, 'after': {'visibility': 'public', 'owner_user_id': None, 'via': 'flush guard'}, 'request_id': None}
2026-09-14 04:19:17,837:INFO:superset_ownership.audit:AUDIT {'event': 'ownership.object_created', 'occurred_at': '2026-09-14T04:19:17.640534Z', 'actor': {'superset_id': None, 'member_guid': None, 'tenant_guid': None, 'username': None}, 'object': {'type': 'chart', 'id': 5, 'uuid': 'b8b7ca30-6291-44b0-bc64-ba42e2892b86'}, 'before': None, 'after': {'visibility': 'public', 'owner_user_id': None, 'via': 'flush guard'}, 'request_id': None}
2026-09-14 04:19:17,837:INFO:superset_ownership.audit:AUDIT {'event': 'ownership.object_created', 'occurred_at': '2026-09-14T04:19:17.641875Z', 'actor': {'superset_id': None, 'member_guid': None, 'tenant_guid': None, 'username': None}, 'object': {'type': 'chart', 'id': 6, 'uuid': 'db9609e4-9b78-4a32-87a7-4d9e19d51cd8'}, 'before': None, 'after': {'visibility': 'public', 'owner_user_id': None, 'via': 'flush guard'}, 'request_id': None}
2026-09-14 04:19:17,837:INFO:superset_ownership.audit:AUDIT {'event': 'ownership.object_created', 'occurred_at': '2026-09-14T04:19:17.643304Z', 'actor': {'superset_id': None, 'member_guid': None, 'tenant_guid': None, 'username': None}, 'object': {'type': 'chart', 'id': 7, 'uuid': '692aca26-a526-85db-c94c-411c91cc1077'}, 'before': None, 'after': {'visibility': 'public', 'owner_user_id': None, 'via': 'flush guard'}, 'request_id': None}
2026-09-14 04:19:17,837:INFO:superset_ownership.audit:AUDIT {'event': 'ownership.object_created', 'occurred_at': '2026-09-14T04:19:17.644605Z', 'actor': {'superset_id': None, 'member_guid': None, 'tenant_guid': None, 'username': None}, 'object': {'type': 'chart', 'id': 8, 'uuid': 'c3d643cd-fd6f-4659-a5b7-59402487a8d0'}, 'before': None, 'after': {'visibility': 'public', 'owner_user_id': None, 'via': 'flush guard'}, 'request_id': None}
2026-09-14 04:19:17,837:INFO:superset_ownership.audit:AUDIT {'event': 'ownership.object_created', 'occurred_at': '2026-09-14T04:19:17.646243Z', 'actor': {'superset_id': None, 'member_guid': None, 'tenant_guid': None, 'username': None}, 'object': {'type': 'chart', 'id': 9, 'uuid': '09c497e0-f442-1121-c9e7-671e37750424'}, 'before': None, 'after': {'visibility': 'public', 'owner_user_id': None, 'via': 'flush guard'}, 'request_id': None}
2026-09-14 04:19:17,837:INFO:superset_ownership.audit:AUDIT {'event': 'ownership.object_created', 'occurred_at': '2026-09-14T04:19:17.647631Z', 'actor': {'superset_id': None, 'member_guid': None, 'tenant_guid': None, 'username': None}, 'object': {'type': 'chart', 'id': 10, 'uuid': 'f065a533-2e13-42b9-bd19-801a21700dff'}, 'before': None, 'after': {'visibility': 'public', 'owner_user_id': None, 'via': 'flush guard'}, 'request_id': None}
2026-09-14 04:19:17,837:INFO:superset_ownership.audit:AUDIT {'event': 'ownership.object_created', 'occurred_at': '2026-09-14T04:19:17.648993Z', 'actor': {'superset_id': None, 'member_guid': None, 'tenant_guid': None, 'username': None}, 'object': {'type': 'chart', 'id': 11, 'uuid': 'ed3032d8-7961-4576-8fc4-2a61639a38bf'}, 'before': None, 'after': {'visibility': 'public', 'owner_user_id': None, 'via': 'flush guard'}, 'request_id': None}
2026-09-14 04:19:17,837:INFO:superset_ownership.audit:AUDIT {'event': 'ownership.object_created', 'occurred_at': '2026-09-14T04:19:17.650410Z', 'actor': {'superset_id': None, 'member_guid': None, 'tenant_guid': None, 'username': None}, 'object': {'type': 'chart', 'id': 12, 'uuid': 'fe23db78-c168-4ce2-86b0-38d82bb37d88'}, 'before': None, 'after': {'visibility': 'public', 'owner_user_id': None, 'via': 'flush guard'}, 'request_id': None}
2026-09-14 04:19:17,837:INFO:superset_ownership.audit:AUDIT {'event': 'ownership.object_created', 'occurred_at': '2026-09-14T04:19:17.651762Z', 'actor': {'superset_id': None, 'member_guid': None, 'tenant_guid': None, 'username': None}, 'object': {'type': 'chart', 'id': 13, 'uuid': '48bf196c-f5fe-4e6c-b8ed-166e36b6648b'}, 'before': None, 'after': {'visibility': 'public', 'owner_user_id': None, 'via': 'flush guard'}, 'request_id': None}
2026-09-14 04:19:17,837:INFO:superset_ownership.audit:AUDIT {'event': 'ownership.object_created', 'occurred_at': '2026-09-14T04:19:17.653099Z', 'actor': {'superset_id': None, 'member_guid': None, 'tenant_guid': None, 'username': None}, 'object': {'type': 'chart', 'id': 14, 'uuid': '2a89c19d-d0d2-4f5e-9007-e0fb65440e80'}, 'before': None, 'after': {'visibility': 'public', 'owner_user_id': None, 'via': 'flush guard'}, 'request_id': None}
2026-09-14 04:19:17,837:INFO:superset_ownership.audit:AUDIT {'event': 'ownership.object_created', 'occurred_at': '2026-09-14T04:19:17.654420Z', 'actor': {'superset_id': None, 'member_guid': None, 'tenant_guid': None, 'username': None}, 'object': {'type': 'chart', 'id': 15, 'uuid': '36367ecc-e09a-4c9f-80df-5dbaf97f741f'}, 'before': None, 'after': {'visibility': 'public', 'owner_user_id': None, 'via': 'flush guard'}, 'request_id': None}
2026-09-14 04:19:17,837:INFO:superset_ownership.audit:AUDIT {'event': 'ownership.object_created', 'occurred_at': '2026-09-14T04:19:17.655748Z', 'actor': {'superset_id': None, 'member_guid': None, 'tenant_guid': None, 'username': None}, 'object': {'type': 'chart', 'id': 16, 'uuid': '57ccf0f1-d28a-4127-9581-7153c5a15b62'}, 'before': None, 'after': {'visibility': 'public', 'owner_user_id': None, 'via': 'flush guard'}, 'request_id': None}
2026-09-14 04:19:17,837:INFO:superset_ownership.audit:AUDIT {'event': 'ownership.object_created', 'occurred_at': '2026-09-14T04:19:17.657147Z', 'actor': {'superset_id': None, 'member_guid': None, 'tenant_guid': None, 'username': None}, 'object': {'type': 'chart', 'id': 17, 'uuid': 'd3967f7d-58ea-43fe-9961-7e061affdb1c'}, 'before': None, 'after': {'visibility': 'public', 'owner_user_id': None, 'via': 'flush guard'}, 'request_id': None}
2026-09-14 04:19:17,837:INFO:superset_ownership.audit:AUDIT {'event': 'ownership.object_created', 'occurred_at': '2026-09-14T04:19:17.658480Z', 'actor': {'superset_id': None, 'member_guid': None, 'tenant_guid': None, 'username': None}, 'object': {'type': 'chart', 'id': 18, 'uuid': '02ed54c5-dc22-468c-9edf-729b5401b182'}, 'before': None, 'after': {'visibility': 'public', 'owner_user_id': None, 'via': 'flush guard'}, 'request_id': None}
2026-09-14 04:19:17,837:INFO:superset_ownership.audit:AUDIT {'event': 'ownership.object_created', 'occurred_at': '2026-09-14T04:19:17.659806Z', 'actor': {'superset_id': None, 'member_guid': None, 'tenant_guid': None, 'username': None}, 'object': {'type': 'chart', 'id': 19, 'uuid': '97c77c60-0613-4066-aec7-a9c6a75ad8d8'}, 'before': None, 'after': {'visibility': 'public', 'owner_user_id': None, 'via': 'flush guard'}, 'request_id': None}
2026-09-14 04:19:17,837:INFO:superset_ownership.audit:AUDIT {'event': 'ownership.object_created', 'occurred_at': '2026-09-14T04:19:17.661127Z', 'actor': {'superset_id': None, 'member_guid': None, 'tenant_guid': None, 'username': None}, 'object': {'type': 'chart', 'id': 20, 'uuid': 'c2014499-6800-43f0-908f-a2633db3ade7'}, 'before': None, 'after': {'visibility': 'public', 'owner_user_id': None, 'via': 'flush guard'}, 'request_id': None}
2026-09-14 04:19:17,837:INFO:superset_ownership.audit:AUDIT {'event': 'ownership.object_created', 'occurred_at': '2026-09-14T04:19:17.662450Z', 'actor': {'superset_id': None, 'member_guid': None, 'tenant_guid': None, 'username': None}, 'object': {'type': 'chart', 'id': 21, 'uuid': 'c99dbe37-50da-4067-837c-3a8e5b68aafd'}, 'before': None, 'after': {'visibility': 'public', 'owner_user_id': None, 'via': 'flush guard'}, 'request_id': None}
2026-09-14 04:19:17,837:INFO:superset_ownership.audit:AUDIT {'event': 'ownership.object_created', 'occurred_at': '2026-09-14T04:19:17.663760Z', 'actor': {'superset_id': None, 'member_guid': None, 'tenant_guid': None, 'username': None}, 'object': {'type': 'chart', 'id': 22, 'uuid': 'be39bc2e-00c0-498b-96bf-858fe2361a89'}, 'before': None, 'after': {'visibility': 'public', 'owner_user_id': None, 'via': 'flush guard'}, 'request_id': None}
2026-09-14 04:19:17,837:INFO:superset_ownership.audit:AUDIT {'event': 'ownership.object_created', 'occurred_at': '2026-09-14T04:19:17.665104Z', 'actor': {'superset_id': None, 'member_guid': None, 'tenant_guid': None, 'username': None}, 'object': {'type': 'chart', 'id': 23, 'uuid': '57e7f05e-0c9a-4313-8a33-e6d0999824af'}, 'before': None, 'after': {'visibility': 'public', 'owner_user_id': None, 'via': 'flush guard'}, 'request_id': None}
2026-09-14 04:19:17,837:INFO:superset_ownership.audit:AUDIT {'event': 'ownership.object_created', 'occurred_at': '2026-09-14T04:19:17.666572Z', 'actor': {'superset_id': None, 'member_guid': None, 'tenant_guid': None, 'username': None}, 'object': {'type': 'chart', 'id': 24, 'uuid': '7b90545c-1aac-447d-9175-a49f508f699d'}, 'before': None, 'after': {'visibility': 'public', 'owner_user_id': None, 'via': 'flush guard'}, 'request_id': None}
2026-09-14 04:19:17,837:INFO:superset_ownership.audit:AUDIT {'event': 'ownership.object_created', 'occurred_at': '2026-09-14T04:19:17.667956Z', 'actor': {'superset_id': None, 'member_guid': None, 'tenant_guid': None, 'username': None}, 'object': {'type': 'chart', 'id': 25, 'uuid': '946cccb5-2101-44f5-98f8-501789a333cd'}, 'before': None, 'after': {'visibility': 'public', 'owner_user_id': None, 'via': 'flush guard'}, 'request_id': None}
2026-09-14 04:19:17,837:INFO:superset_ownership.audit:AUDIT {'event': 'ownership.object_created', 'occurred_at': '2026-09-14T04:19:17.669299Z', 'actor': {'superset_id': None, 'member_guid': None, 'tenant_guid': None, 'username': None}, 'object': {'type': 'chart', 'id': 26, 'uuid': '7a37f7d8-6deb-4fd3-a150-01b0ff532dbd'}, 'before': None, 'after': {'visibility': 'public', 'owner_user_id': None, 'via': 'flush guard'}, 'request_id': None}
2026-09-14 04:19:17,837:INFO:superset_ownership.audit:AUDIT {'event': 'ownership.object_created', 'occurred_at': '2026-09-14T04:19:17.670662Z', 'actor': {'superset_id': None, 'member_guid': None, 'tenant_guid': None, 'username': None}, 'object': {'type': 'chart', 'id': 27, 'uuid': '281656a3-3d8d-4423-8b58-b050d59fadd9'}, 'before': None, 'after': {'visibility': 'public', 'owner_user_id': None, 'via': 'flush guard'}, 'request_id': None}
2026-09-14 04:19:17,838:INFO:superset_ownership.audit:AUDIT {'event': 'ownership.object_created', 'occurred_at': '2026-09-14T04:19:17.671995Z', 'actor': {'superset_id': None, 'member_guid': None, 'tenant_guid': None, 'username': None}, 'object': {'type': 'chart', 'id': 28, 'uuid': '5adc2abe-bfa3-4091-9838-4a470031208c'}, 'before': None, 'after': {'visibility': 'public', 'owner_user_id': None, 'via': 'flush guard'}, 'request_id': None}
2026-09-14 04:19:17,838:INFO:superset_ownership.audit:AUDIT {'event': 'ownership.object_created', 'occurred_at': '2026-09-14T04:19:17.673305Z', 'actor': {'superset_id': None, 'member_guid': None, 'tenant_guid': None, 'username': None}, 'object': {'type': 'chart', 'id': 29, 'uuid': 'c91c242e-ec16-43e4-84fd-1c69336e0a99'}, 'before': None, 'after': {'visibility': 'public', 'owner_user_id': None, 'via': 'flush guard'}, 'request_id': None}
2026-09-14 04:19:17,838:INFO:superset_ownership.audit:AUDIT {'event': 'ownership.object_created', 'occurred_at': '2026-09-14T04:19:17.674597Z', 'actor': {'superset_id': None, 'member_guid': None, 'tenant_guid': None, 'username': None}, 'object': {'type': 'chart', 'id': 30, 'uuid': 'fead4d46-ecb9-4fd9-8b9c-420629269c02'}, 'before': None, 'after': {'visibility': 'public', 'owner_user_id': None, 'via': 'flush guard'}, 'request_id': None}
2026-09-14 04:19:17,838:INFO:superset_ownership.audit:AUDIT {'event': 'ownership.object_created', 'occurred_at': '2026-09-14T04:19:17.675916Z', 'actor': {'superset_id': None, 'member_guid': None, 'tenant_guid': None, 'username': None}, 'object': {'type': 'chart', 'id': 31, 'uuid': '47b26af7-19e0-4ca1-9cf6-b74b2f1f7e3c'}, 'before': None, 'after': {'visibility': 'public', 'owner_user_id': None, 'via': 'flush guard'}, 'request_id': None}
2026-09-14 04:19:17,838:INFO:superset_ownership.audit:AUDIT {'event': 'ownership.object_created', 'occurred_at': '2026-09-14T04:19:17.677367Z', 'actor': {'superset_id': None, 'member_guid': None, 'tenant_guid': None, 'username': None}, 'object': {'type': 'chart', 'id': 32, 'uuid': 'd0e7b367-f16f-4d7a-adde-7c7f455fa9bc'}, 'before': None, 'after': {'visibility': 'public', 'owner_user_id': None, 'via': 'flush guard'}, 'request_id': None}
2026-09-14 04:19:17,838:INFO:superset_ownership.audit:AUDIT {'event': 'ownership.object_created', 'occurred_at': '2026-09-14T04:19:17.678775Z', 'actor': {'superset_id': None, 'member_guid': None, 'tenant_guid': None, 'username': None}, 'object': {'type': 'chart', 'id': 33, 'uuid': 'fcf2a0cf-0079-4f59-854f-d28297b07bf0'}, 'before': None, 'after': {'visibility': 'public', 'owner_user_id': None, 'via': 'flush guard'}, 'request_id': None}
2026-09-14 04:19:17,838:INFO:superset_ownership.audit:AUDIT {'event': 'ownership.object_created', 'occurred_at': '2026-09-14T04:19:17.680043Z', 'actor': {'superset_id': None, 'member_guid': None, 'tenant_guid': None, 'username': None}, 'object': {'type': 'chart', 'id': 34, 'uuid': 'bb394e7b-0cfc-47ba-b067-541964545752'}, 'before': None, 'after': {'visibility': 'public', 'owner_user_id': None, 'via': 'flush guard'}, 'request_id': None}
2026-09-14 04:19:17,838:INFO:superset_ownership.audit:AUDIT {'event': 'ownership.object_created', 'occurred_at': '2026-09-14T04:19:17.681052Z', 'actor': {'superset_id': None, 'member_guid': None, 'tenant_guid': None, 'username': None}, 'object': {'type': 'chart', 'id': 35, 'uuid': '79567e46-97f6-4cd2-8e98-4cd211389743'}, 'before': None, 'after': {'visibility': 'public', 'owner_user_id': None, 'via': 'flush guard'}, 'request_id': None}
2026-09-14 04:19:17,838:INFO:superset_ownership.audit:AUDIT {'event': 'ownership.object_created', 'occurred_at': '2026-09-14T04:19:17.682064Z', 'actor': {'superset_id': None, 'member_guid': None, 'tenant_guid': None, 'username': None}, 'object': {'type': 'chart', 'id': 36, 'uuid': '1be00870-89b8-4ba0-a451-1fe56ef89581'}, 'before': None, 'after': {'visibility': 'public', 'owner_user_id': None, 'via': 'flush guard'}, 'request_id': None}
2026-09-14 04:19:17,838:INFO:superset_ownership.audit:AUDIT {'event': 'ownership.object_created', 'occurred_at': '2026-09-14T04:19:17.683085Z', 'actor': {'superset_id': None, 'member_guid': None, 'tenant_guid': None, 'username': None}, 'object': {'type': 'chart', 'id': 37, 'uuid': 'cc8eea37-f890-4816-8df0-b1354d7cd553'}, 'before': None, 'after': {'visibility': 'public', 'owner_user_id': None, 'via': 'flush guard'}, 'request_id': None}
2026-09-14 04:19:17,838:INFO:superset_ownership.audit:AUDIT {'event': 'ownership.object_created', 'occurred_at': '2026-09-14T04:19:17.684083Z', 'actor': {'superset_id': None, 'member_guid': None, 'tenant_guid': None, 'username': None}, 'object': {'type': 'chart', 'id': 38, 'uuid': '5b629855-f912-4e28-8444-56b9db83e5b3'}, 'before': None, 'after': {'visibility': 'public', 'owner_user_id': None, 'via': 'flush guard'}, 'request_id': None}
2026-09-14 04:19:17,838:INFO:superset_ownership.audit:AUDIT {'event': 'ownership.object_created', 'occurred_at': '2026-09-14T04:19:17.685383Z', 'actor': {'superset_id': None, 'member_guid': None, 'tenant_guid': None, 'username': None}, 'object': {'type': 'chart', 'id': 39, 'uuid': 'abe2c022-ceee-a60a-e601-ab93f7ee52b1'}, 'before': None, 'after': {'visibility': 'public', 'owner_user_id': None, 'via': 'flush guard'}, 'request_id': None}
2026-09-14 04:19:17,838:INFO:superset_ownership.audit:AUDIT {'event': 'ownership.object_created', 'occurred_at': '2026-09-14T04:19:17.686657Z', 'actor': {'superset_id': None, 'member_guid': None, 'tenant_guid': None, 'username': None}, 'object': {'type': 'chart', 'id': 40, 'uuid': '7dad983b-e9f6-d2e8-91da-c2262d4e84e8'}, 'before': None, 'after': {'visibility': 'public', 'owner_user_id': None, 'via': 'flush guard'}, 'request_id': None}
2026-09-14 04:19:17,838:INFO:superset_ownership.audit:AUDIT {'event': 'ownership.object_created', 'occurred_at': '2026-09-14T04:19:17.687969Z', 'actor': {'superset_id': None, 'member_guid': None, 'tenant_guid': None, 'username': None}, 'object': {'type': 'chart', 'id': 41, 'uuid': 'f2a8731b-3d8c-4d86-9d33-7c0a3e64d21c'}, 'before': None, 'after': {'visibility': 'public', 'owner_user_id': None, 'via': 'flush guard'}, 'request_id': None}
2026-09-14 04:19:17,838:INFO:superset_ownership.audit:AUDIT {'event': 'ownership.object_created', 'occurred_at': '2026-09-14T04:19:17.689296Z', 'actor': {'superset_id': None, 'member_guid': None, 'tenant_guid': None, 'username': None}, 'object': {'type': 'chart', 'id': 42, 'uuid': 'b0f11bdf-793f-473f-b7d5-b9265e657896'}, 'before': None, 'after': {'visibility': 'public', 'owner_user_id': None, 'via': 'flush guard'}, 'request_id': None}
2026-09-14 04:19:17,838:INFO:superset_ownership.audit:AUDIT {'event': 'ownership.object_created', 'occurred_at': '2026-09-14T04:19:17.690575Z', 'actor': {'superset_id': None, 'member_guid': None, 'tenant_guid': None, 'username': None}, 'object': {'type': 'chart', 'id': 43, 'uuid': '9f742bdd-cac1-468c-3a37-35c9b3cfd5bb'}, 'before': None, 'after': {'visibility': 'public', 'owner_user_id': None, 'via': 'flush guard'}, 'request_id': None}
2026-09-14 04:19:17,838:INFO:superset_ownership.audit:AUDIT {'event': 'ownership.object_created', 'occurred_at': '2026-09-14T04:19:17.691873Z', 'actor': {'superset_id': None, 'member_guid': None, 'tenant_guid': None, 'username': None}, 'object': {'type': 'chart', 'id': 44, 'uuid': '6cb43397-5c62-4f32-bde2-95344c412b5a'}, 'before': None, 'after': {'visibility': 'public', 'owner_user_id': None, 'via': 'flush guard'}, 'request_id': None}
2026-09-14 04:19:17,838:INFO:superset_ownership.audit:AUDIT {'event': 'ownership.object_created', 'occurred_at': '2026-09-14T04:19:17.693183Z', 'actor': {'superset_id': None, 'member_guid': None, 'tenant_guid': None, 'username': None}, 'object': {'type': 'chart', 'id': 45, 'uuid': 'd44e416d-1647-44e4-b442-6da34b44adc4'}, 'before': None, 'after': {'visibility': 'public', 'owner_user_id': None, 'via': 'flush guard'}, 'request_id': None}
2026-09-14 04:19:17,838:INFO:superset_ownership.audit:AUDIT {'event': 'ownership.object_created', 'occurred_at': '2026-09-14T04:19:17.694453Z', 'actor': {'superset_id': None, 'member_guid': None, 'tenant_guid': None, 'username': None}, 'object': {'type': 'chart', 'id': 46, 'uuid': '62b7242e-decc-2d1b-7f80-c62776939d1e'}, 'before': None, 'after': {'visibility': 'public', 'owner_user_id': None, 'via': 'flush guard'}, 'request_id': None}
2026-09-14 04:19:17,838:INFO:superset_ownership.audit:AUDIT {'event': 'ownership.object_created', 'occurred_at': '2026-09-14T04:19:17.695752Z', 'actor': {'superset_id': None, 'member_guid': None, 'tenant_guid': None, 'username': None}, 'object': {'type': 'chart', 'id': 47, 'uuid': '92e1d712-bcf9-4d7e-9b94-26cffe502908'}, 'before': None, 'after': {'visibility': 'public', 'owner_user_id': None, 'via': 'flush guard'}, 'request_id': None}
2026-09-14 04:19:17,838:INFO:superset_ownership.audit:AUDIT {'event': 'ownership.object_created', 'occurred_at': '2026-09-14T04:19:17.697063Z', 'actor': {'superset_id': None, 'member_guid': None, 'tenant_guid': None, 'username': None}, 'object': {'type': 'chart', 'id': 48, 'uuid': 'c18faec9-ec43-4d36-8b66-4c8b1372020f'}, 'before': None, 'after': {'visibility': 'public', 'owner_user_id': None, 'via': 'flush guard'}, 'request_id': None}
2026-09-14 04:19:17,838:INFO:superset_ownership.audit:AUDIT {'event': 'ownership.object_created', 'occurred_at': '2026-09-14T04:19:17.698367Z', 'actor': {'superset_id': None, 'member_guid': None, 'tenant_guid': None, 'username': None}, 'object': {'type': 'chart', 'id': 49, 'uuid': 'cdac97d6-28a2-4cff-a1d0-c8b81dcf29a6'}, 'before': None, 'after': {'visibility': 'public', 'owner_user_id': None, 'via': 'flush guard'}, 'request_id': None}
2026-09-14 04:19:17,838:INFO:superset_ownership.audit:AUDIT {'event': 'ownership.object_created', 'occurred_at': '2026-09-14T04:19:17.699851Z', 'actor': {'superset_id': None, 'member_guid': None, 'tenant_guid': None, 'username': None}, 'object': {'type': 'chart', 'id': 50, 'uuid': '53c450c6-98bf-435a-8ebb-2a237bccfd09'}, 'before': None, 'after': {'visibility': 'public', 'owner_user_id': None, 'via': 'flush guard'}, 'request_id': None}
2026-09-14 04:19:17,838:INFO:superset_ownership.audit:AUDIT {'event': 'ownership.object_created', 'occurred_at': '2026-09-14T04:19:17.701216Z', 'actor': {'superset_id': None, 'member_guid': None, 'tenant_guid': None, 'username': None}, 'object': {'type': 'chart', 'id': 51, 'uuid': '78422cf9-f149-4491-b552-2ab0e3afffcf'}, 'before': None, 'after': {'visibility': 'public', 'owner_user_id': None, 'via': 'flush guard'}, 'request_id': None}
2026-09-14 04:19:17,838:INFO:superset_ownership.audit:AUDIT {'event': 'ownership.object_created', 'occurred_at': '2026-09-14T04:19:17.702517Z', 'actor': {'superset_id': None, 'member_guid': None, 'tenant_guid': None, 'username': None}, 'object': {'type': 'chart', 'id': 52, 'uuid': '6f7e8cc4-c850-4992-85a4-b161a782abc6'}, 'before': None, 'after': {'visibility': 'public', 'owner_user_id': None, 'via': 'flush guard'}, 'request_id': None}
2026-09-14 04:19:17,838:INFO:superset_ownership.audit:AUDIT {'event': 'ownership.object_created', 'occurred_at': '2026-09-14T04:19:17.703825Z', 'actor': {'superset_id': None, 'member_guid': None, 'tenant_guid': None, 'username': None}, 'object': {'type': 'chart', 'id': 53, 'uuid': 'ef1d1d69-4da6-4654-adc5-c78586b07c92'}, 'before': None, 'after': {'visibility': 'public', 'owner_user_id': None, 'via': 'flush guard'}, 'request_id': None}
2026-09-14 04:19:17,838:INFO:superset_ownership.audit:AUDIT {'event': 'ownership.object_created', 'occurred_at': '2026-09-14T04:19:17.705156Z', 'actor': {'superset_id': None, 'member_guid': None, 'tenant_guid': None, 'username': None}, 'object': {'type': 'chart', 'id': 54, 'uuid': 'ba225b63-1ae2-4bf5-b995-1d83740365c1'}, 'before': None, 'after': {'visibility': 'public', 'owner_user_id': None, 'via': 'flush guard'}, 'request_id': None}
2026-09-14 04:19:17,838:INFO:superset_ownership.audit:AUDIT {'event': 'ownership.object_created', 'occurred_at': '2026-09-14T04:19:17.706473Z', 'actor': {'superset_id': None, 'member_guid': None, 'tenant_guid': None, 'username': None}, 'object': {'type': 'chart', 'id': 55, 'uuid': '6cf742ee-281a-4673-a37c-587d6f29726a'}, 'before': None, 'after': {'visibility': 'public', 'owner_user_id': None, 'via': 'flush guard'}, 'request_id': None}
2026-09-14 04:19:17,838:INFO:superset_ownership.audit:AUDIT {'event': 'ownership.object_created', 'occurred_at': '2026-09-14T04:19:17.707845Z', 'actor': {'superset_id': None, 'member_guid': None, 'tenant_guid': None, 'username': None}, 'object': {'type': 'chart', 'id': 56, 'uuid': '71a12856-38a5-4978-be65-d0f4fde98aae'}, 'before': None, 'after': {'visibility': 'public', 'owner_user_id': None, 'via': 'flush guard'}, 'request_id': None}
2026-09-14 04:19:17,838:INFO:superset_ownership.audit:AUDIT {'event': 'ownership.object_created', 'occurred_at': '2026-09-14T04:19:17.709233Z', 'actor': {'superset_id': None, 'member_guid': None, 'tenant_guid': None, 'username': None}, 'object': {'type': 'chart', 'id': 57, 'uuid': '02f546ae-1bf4-bd26-8bc2-14b9279c8a62'}, 'before': None, 'after': {'visibility': 'public', 'owner_user_id': None, 'via': 'flush guard'}, 'request_id': None}
2026-09-14 04:19:17,838:INFO:superset_ownership.audit:AUDIT {'event': 'ownership.object_created', 'occurred_at': '2026-09-14T04:19:17.710572Z', 'actor': {'superset_id': None, 'member_guid': None, 'tenant_guid': None, 'username': None}, 'object': {'type': 'chart', 'id': 58, 'uuid': '03a74c97-52fc-cf87-233c-d4275f8c550c'}, 'before': None, 'after': {'visibility': 'public', 'owner_user_id': None, 'via': 'flush guard'}, 'request_id': None}
2026-09-14 04:19:17,838:INFO:superset_ownership.audit:AUDIT {'event': 'ownership.object_created', 'occurred_at': '2026-09-14T04:19:17.711856Z', 'actor': {'superset_id': None, 'member_guid': None, 'tenant_guid': None, 'username': None}, 'object': {'type': 'chart', 'id': 59, 'uuid': 'bfe5a8e6-146f-ef59-5e6c-13d519b236a8'}, 'before': None, 'after': {'visibility': 'public', 'owner_user_id': None, 'via': 'flush guard'}, 'request_id': None}
2026-09-14 04:19:17,838:INFO:superset_ownership.audit:AUDIT {'event': 'ownership.object_created', 'occurred_at': '2026-09-14T04:19:17.713217Z', 'actor': {'superset_id': None, 'member_guid': None, 'tenant_guid': None, 'username': None}, 'object': {'type': 'chart', 'id': 60, 'uuid': 'bff88053-ccc4-92f2-d6f5-de83e950e8cd'}, 'before': None, 'after': {'visibility': 'public', 'owner_user_id': None, 'via': 'flush guard'}, 'request_id': None}
2026-09-14 04:19:17,838:INFO:superset_ownership.audit:AUDIT {'event': 'ownership.object_created', 'occurred_at': '2026-09-14T04:19:17.714529Z', 'actor': {'superset_id': None, 'member_guid': None, 'tenant_guid': None, 'username': None}, 'object': {'type': 'chart', 'id': 61, 'uuid': '5596e0f6-78a9-465d-8325-7139c794a06a'}, 'before': None, 'after': {'visibility': 'public', 'owner_user_id': None, 'via': 'flush guard'}, 'request_id': None}
2026-09-14 04:19:17,838:INFO:superset_ownership.audit:AUDIT {'event': 'ownership.object_created', 'occurred_at': '2026-09-14T04:19:17.715823Z', 'actor': {'superset_id': None, 'member_guid': None, 'tenant_guid': None, 'username': None}, 'object': {'type': 'chart', 'id': 62, 'uuid': 'def07750-b5c0-0b69-6228-cb2330916166'}, 'before': None, 'after': {'visibility': 'public', 'owner_user_id': None, 'via': 'flush guard'}, 'request_id': None}
2026-09-14 04:19:17,838:INFO:superset_ownership.audit:AUDIT {'event': 'ownership.object_created', 'occurred_at': '2026-09-14T04:19:17.717132Z', 'actor': {'superset_id': None, 'member_guid': None, 'tenant_guid': None, 'username': None}, 'object': {'type': 'chart', 'id': 63, 'uuid': '0f6b447c-828c-e71c-87ac-211bc412b214'}, 'before': None, 'after': {'visibility': 'public', 'owner_user_id': None, 'via': 'flush guard'}, 'request_id': None}
2026-09-14 04:19:17,838:INFO:superset_ownership.audit:AUDIT {'event': 'ownership.object_created', 'occurred_at': '2026-09-14T04:19:17.718422Z', 'actor': {'superset_id': None, 'member_guid': None, 'tenant_guid': None, 'username': None}, 'object': {'type': 'chart', 'id': 64, 'uuid': 'edc75073-8f33-4123-a28d-cd6dfb33cade'}, 'before': None, 'after': {'visibility': 'public', 'owner_user_id': None, 'via': 'flush guard'}, 'request_id': None}
2026-09-14 04:19:17,838:INFO:superset_ownership.audit:AUDIT {'event': 'ownership.object_created', 'occurred_at': '2026-09-14T04:19:17.719733Z', 'actor': {'superset_id': None, 'member_guid': None, 'tenant_guid': None, 'username': None}, 'object': {'type': 'chart', 'id': 65, 'uuid': 'a0e5329f-224e-6fc8-efd2-d37d0f546ee8'}, 'before': None, 'after': {'visibility': 'public', 'owner_user_id': None, 'via': 'flush guard'}, 'request_id': None}
2026-09-14 04:19:17,838:INFO:superset_ownership.audit:AUDIT {'event': 'ownership.object_created', 'occurred_at': '2026-09-14T04:19:17.721044Z', 'actor': {'superset_id': None, 'member_guid': None, 'tenant_guid': None, 'username': None}, 'object': {'type': 'chart', 'id': 66, 'uuid': '5f1ea868-604e-f69d-a241-5daa83ff33be'}, 'before': None, 'after': {'visibility': 'public', 'owner_user_id': None, 'via': 'flush guard'}, 'request_id': None}
2026-09-14 04:19:17,838:INFO:superset_ownership.audit:AUDIT {'event': 'ownership.object_created', 'occurred_at': '2026-09-14T04:19:17.722369Z', 'actor': {'superset_id': None, 'member_guid': None, 'tenant_guid': None, 'username': None}, 'object': {'type': 'chart', 'id': 67, 'uuid': 'e6b09c28-98cf-785f-4caf-320fd4fca802'}, 'before': None, 'after': {'visibility': 'public', 'owner_user_id': None, 'via': 'flush guard'}, 'request_id': None}
2026-09-14 04:19:17,838:INFO:superset_ownership.audit:AUDIT {'event': 'ownership.object_created', 'occurred_at': '2026-09-14T04:19:17.723690Z', 'actor': {'superset_id': None, 'member_guid': None, 'tenant_guid': None, 'username': None}, 'object': {'type': 'chart', 'id': 68, 'uuid': 'b8386be8-f44e-6535-378c-2aa2ba461286'}, 'before': None, 'after': {'visibility': 'public', 'owner_user_id': None, 'via': 'flush guard'}, 'request_id': None}
2026-09-14 04:19:17,838:INFO:superset_ownership.audit:AUDIT {'event': 'ownership.object_created', 'occurred_at': '2026-09-14T04:19:17.724985Z', 'actor': {'superset_id': None, 'member_guid': None, 'tenant_guid': None, 'username': None}, 'object': {'type': 'chart', 'id': 69, 'uuid': 'a2ec5256-94b4-43c4-b8c7-b83f70c5d4df'}, 'before': None, 'after': {'visibility': 'public', 'owner_user_id': None, 'via': 'flush guard'}, 'request_id': None}
2026-09-14 04:19:17,838:INFO:superset_ownership.audit:AUDIT {'event': 'ownership.object_created', 'occurred_at': '2026-09-14T04:19:17.726318Z', 'actor': {'superset_id': None, 'member_guid': None, 'tenant_guid': None, 'username': None}, 'object': {'type': 'chart', 'id': 70, 'uuid': '2ba66056-a756-d6a3-aaec-0c243fb7062e'}, 'before': None, 'after': {'visibility': 'public', 'owner_user_id': None, 'via': 'flush guard'}, 'request_id': None}
2026-09-14 04:19:17,838:INFO:superset_ownership.audit:AUDIT {'event': 'ownership.object_created', 'occurred_at': '2026-09-14T04:19:17.727614Z', 'actor': {'superset_id': None, 'member_guid': None, 'tenant_guid': None, 'username': None}, 'object': {'type': 'chart', 'id': 71, 'uuid': '9f7d2b9c-6b3a-69f9-f03e-d3a141514639'}, 'before': None, 'after': {'visibility': 'public', 'owner_user_id': None, 'via': 'flush guard'}, 'request_id': None}
2026-09-14 04:19:17,838:INFO:superset_ownership.audit:AUDIT {'event': 'ownership.object_created', 'occurred_at': '2026-09-14T04:19:17.728940Z', 'actor': {'superset_id': None, 'member_guid': None, 'tenant_guid': None, 'username': None}, 'object': {'type': 'chart', 'id': 72, 'uuid': '6d0ceb30-2008-d19c-d285-cf77dc764433'}, 'before': None, 'after': {'visibility': 'public', 'owner_user_id': None, 'via': 'flush guard'}, 'request_id': None}
2026-09-14 04:19:17,838:INFO:superset_ownership.audit:AUDIT {'event': 'ownership.object_created', 'occurred_at': '2026-09-14T04:19:17.730286Z', 'actor': {'superset_id': None, 'member_guid': None, 'tenant_guid': None, 'username': None}, 'object': {'type': 'chart', 'id': 73, 'uuid': 'a6dd2d5a-2cdc-c8ec-f30c-85920f4f8a65'}, 'before': None, 'after': {'visibility': 'public', 'owner_user_id': None, 'via': 'flush guard'}, 'request_id': None}
2026-09-14 04:19:17,838:INFO:superset_ownership.audit:AUDIT {'event': 'ownership.object_created', 'occurred_at': '2026-09-14T04:19:17.731591Z', 'actor': {'superset_id': None, 'member_guid': None, 'tenant_guid': None, 'username': None}, 'object': {'type': 'chart', 'id': 74, 'uuid': '097c05c9-2dd2-481d-813d-d6c0c12b4a3d'}, 'before': None, 'after': {'visibility': 'public', 'owner_user_id': None, 'via': 'flush guard'}, 'request_id': None}
2026-09-14 04:19:17,838:INFO:superset_ownership.audit:AUDIT {'event': 'ownership.object_created', 'occurred_at': '2026-09-14T04:19:17.732903Z', 'actor': {'superset_id': None, 'member_guid': None, 'tenant_guid': None, 'username': None}, 'object': {'type': 'chart', 'id': 75, 'uuid': '4880e4f4-b701-4be0-86f3-e7e89432e83b'}, 'before': None, 'after': {'visibility': 'public', 'owner_user_id': None, 'via': 'flush guard'}, 'request_id': None}
2026-09-14 04:19:17,839:INFO:superset_ownership.audit:AUDIT {'event': 'ownership.object_created', 'occurred_at': '2026-09-14T04:19:17.735900Z', 'actor': {'superset_id': None, 'member_guid': None, 'tenant_guid': None, 'username': None}, 'object': {'type': 'chart', 'id': 76, 'uuid': '067c4a1e-ae03-4c0c-8e2a-d2c0f4bf43c3'}, 'before': None, 'after': {'visibility': 'public', 'owner_user_id': None, 'via': 'flush guard'}, 'request_id': None}
2026-09-14 04:19:17,839:INFO:superset_ownership.audit:AUDIT {'event': 'ownership.object_created', 'occurred_at': '2026-09-14T04:19:17.737922Z', 'actor': {'superset_id': None, 'member_guid': None, 'tenant_guid': None, 'username': None}, 'object': {'type': 'chart', 'id': 77, 'uuid': 'cb8998ab-9f93-4f0f-4e4b-3bfe4b0dea9d'}, 'before': None, 'after': {'visibility': 'public', 'owner_user_id': None, 'via': 'flush guard'}, 'request_id': None}
2026-09-14 04:19:17,839:INFO:superset_ownership.audit:AUDIT {'event': 'ownership.object_created', 'occurred_at': '2026-09-14T04:19:17.739558Z', 'actor': {'superset_id': None, 'member_guid': None, 'tenant_guid': None, 'username': None}, 'object': {'type': 'chart', 'id': 78, 'uuid': '19eb5db6-5ec5-4f18-b3c8-b66a035e430d'}, 'before': None, 'after': {'visibility': 'public', 'owner_user_id': None, 'via': 'flush guard'}, 'request_id': None}
2026-09-14 04:19:17,839:INFO:superset_ownership.audit:AUDIT {'event': 'ownership.object_created', 'occurred_at': '2026-09-14T04:19:17.741171Z', 'actor': {'superset_id': None, 'member_guid': None, 'tenant_guid': None, 'username': None}, 'object': {'type': 'chart', 'id': 79, 'uuid': '2a58a195-f5eb-4a08-a061-cbe49168eb24'}, 'before': None, 'after': {'visibility': 'public', 'owner_user_id': None, 'via': 'flush guard'}, 'request_id': None}
2026-09-14 04:19:17,839:INFO:superset_ownership.audit:AUDIT {'event': 'ownership.object_created', 'occurred_at': '2026-09-14T04:19:17.742558Z', 'actor': {'superset_id': None, 'member_guid': None, 'tenant_guid': None, 'username': None}, 'object': {'type': 'chart', 'id': 80, 'uuid': '13be7d94-ead6-465e-97ef-a5d419621c29'}, 'before': None, 'after': {'visibility': 'public', 'owner_user_id': None, 'via': 'flush guard'}, 'request_id': None}
2026-09-14 04:19:17,839:INFO:superset_ownership.audit:AUDIT {'event': 'ownership.object_created', 'occurred_at': '2026-09-14T04:19:17.743951Z', 'actor': {'superset_id': None, 'member_guid': None, 'tenant_guid': None, 'username': None}, 'object': {'type': 'chart', 'id': 81, 'uuid': 'e7f37c36-35b4-45f5-a323-9c1d1ff69d04'}, 'before': None, 'after': {'visibility': 'public', 'owner_user_id': None, 'via': 'flush guard'}, 'request_id': None}
2026-09-14 04:19:17,839:INFO:superset_ownership.audit:AUDIT {'event': 'ownership.object_created', 'occurred_at': '2026-09-14T04:19:17.745347Z', 'actor': {'superset_id': None, 'member_guid': None, 'tenant_guid': None, 'username': None}, 'object': {'type': 'chart', 'id': 82, 'uuid': '44c4c16f-216d-44c8-b033-6876b8c51fd2'}, 'before': None, 'after': {'visibility': 'public', 'owner_user_id': None, 'via': 'flush guard'}, 'request_id': None}
2026-09-14 04:19:17,839:INFO:superset_ownership.audit:AUDIT {'event': 'ownership.object_created', 'occurred_at': '2026-09-14T04:19:17.746710Z', 'actor': {'superset_id': None, 'member_guid': None, 'tenant_guid': None, 'username': None}, 'object': {'type': 'chart', 'id': 83, 'uuid': '4c4561b5-20a5-4011-86f7-31c6d4ecc2ef'}, 'before': None, 'after': {'visibility': 'public', 'owner_user_id': None, 'via': 'flush guard'}, 'request_id': None}
2026-09-14 04:19:17,839:INFO:superset_ownership.audit:AUDIT {'event': 'ownership.object_created', 'occurred_at': '2026-09-14T04:19:17.748033Z', 'actor': {'superset_id': None, 'member_guid': None, 'tenant_guid': None, 'username': None}, 'object': {'type': 'chart', 'id': 84, 'uuid': 'a20d8fff-79b1-4419-83bf-3080f93d6908'}, 'before': None, 'after': {'visibility': 'public', 'owner_user_id': None, 'via': 'flush guard'}, 'request_id': None}
2026-09-14 04:19:17,839:INFO:superset_ownership.audit:AUDIT {'event': 'ownership.object_created', 'occurred_at': '2026-09-14T04:19:17.749351Z', 'actor': {'superset_id': None, 'member_guid': None, 'tenant_guid': None, 'username': None}, 'object': {'type': 'chart', 'id': 85, 'uuid': '26a9bde8-eb06-4de3-91f0-5e04d448403a'}, 'before': None, 'after': {'visibility': 'public', 'owner_user_id': None, 'via': 'flush guard'}, 'request_id': None}
2026-09-14 04:19:17,839:INFO:superset_ownership.audit:AUDIT {'event': 'ownership.object_created', 'occurred_at': '2026-09-14T04:19:17.750683Z', 'actor': {'superset_id': None, 'member_guid': None, 'tenant_guid': None, 'username': None}, 'object': {'type': 'chart', 'id': 86, 'uuid': 'd5dfa616-9542-4012-a5bc-9270985f471e'}, 'before': None, 'after': {'visibility': 'public', 'owner_user_id': None, 'via': 'flush guard'}, 'request_id': None}
2026-09-14 04:19:17,839:INFO:superset_ownership.audit:AUDIT {'event': 'ownership.object_created', 'occurred_at': '2026-09-14T04:19:17.752011Z', 'actor': {'superset_id': None, 'member_guid': None, 'tenant_guid': None, 'username': None}, 'object': {'type': 'chart', 'id': 87, 'uuid': '7460bdcb-4963-4f1e-9b61-4bbf609273c1'}, 'before': None, 'after': {'visibility': 'public', 'owner_user_id': None, 'via': 'flush guard'}, 'request_id': None}
2026-09-14 04:19:17,839:INFO:superset_ownership.audit:AUDIT {'event': 'ownership.object_created', 'occurred_at': '2026-09-14T04:19:17.753341Z', 'actor': {'superset_id': None, 'member_guid': None, 'tenant_guid': None, 'username': None}, 'object': {'type': 'chart', 'id': 88, 'uuid': 'b092147d-6068-41b5-a4a4-acc789ce5ebe'}, 'before': None, 'after': {'visibility': 'public', 'owner_user_id': None, 'via': 'flush guard'}, 'request_id': None}
2026-09-14 04:19:17,839:INFO:superset_ownership.audit:AUDIT {'event': 'ownership.object_created', 'occurred_at': '2026-09-14T04:19:17.754740Z', 'actor': {'superset_id': None, 'member_guid': None, 'tenant_guid': None, 'username': None}, 'object': {'type': 'chart', 'id': 89, 'uuid': '326fc7e5-b7f1-448e-8a6f-80d0e7ce0b64'}, 'before': None, 'after': {'visibility': 'public', 'owner_user_id': None, 'via': 'flush guard'}, 'request_id': None}
2026-09-14 04:19:17,839:INFO:superset_ownership.audit:AUDIT {'event': 'ownership.object_created', 'occurred_at': '2026-09-14T04:19:17.756140Z', 'actor': {'superset_id': None, 'member_guid': None, 'tenant_guid': None, 'username': None}, 'object': {'type': 'chart', 'id': 90, 'uuid': '0499bdec-0837-44f3-ae8a-8c670de81afd'}, 'before': None, 'after': {'visibility': 'public', 'owner_user_id': None, 'via': 'flush guard'}, 'request_id': None}
2026-09-14 04:19:17,839:INFO:superset_ownership.audit:AUDIT {'event': 'ownership.object_created', 'occurred_at': '2026-09-14T04:19:17.757463Z', 'actor': {'superset_id': None, 'member_guid': None, 'tenant_guid': None, 'username': None}, 'object': {'type': 'chart', 'id': 91, 'uuid': 'a40879d5-653a-42fe-9314-bbe88ad26e92'}, 'before': None, 'after': {'visibility': 'public', 'owner_user_id': None, 'via': 'flush guard'}, 'request_id': None}
2026-09-14 04:19:17,839:INFO:superset_ownership.audit:AUDIT {'event': 'ownership.object_created', 'occurred_at': '2026-09-14T04:19:17.758935Z', 'actor': {'superset_id': None, 'member_guid': None, 'tenant_guid': None, 'username': None}, 'object': {'type': 'chart', 'id': 92, 'uuid': 'd8bf948e-46fd-4380-9f9c-a950c34bcc92'}, 'before': None, 'after': {'visibility': 'public', 'owner_user_id': None, 'via': 'flush guard'}, 'request_id': None}
2026-09-14 04:19:17,839:INFO:superset_ownership.audit:AUDIT {'event': 'ownership.object_created', 'occurred_at': '2026-09-14T04:19:17.761066Z', 'actor': {'superset_id': None, 'member_guid': None, 'tenant_guid': None, 'username': None}, 'object': {'type': 'chart', 'id': 93, 'uuid': '1810975a-f6d4-07c3-495c-c3b535d01f21'}, 'before': None, 'after': {'visibility': 'public', 'owner_user_id': None, 'via': 'flush guard'}, 'request_id': None}
2026-09-14 04:19:17,839:INFO:superset_ownership.audit:AUDIT {'event': 'ownership.object_created', 'occurred_at': '2026-09-14T04:19:17.762591Z', 'actor': {'superset_id': None, 'member_guid': None, 'tenant_guid': None, 'username': None}, 'object': {'type': 'chart', 'id': 94, 'uuid': '2a5e562b-ab37-1b9b-1de3-1be4335c8e83'}, 'before': None, 'after': {'visibility': 'public', 'owner_user_id': None, 'via': 'flush guard'}, 'request_id': None}
2026-09-14 04:19:17,839:INFO:superset_ownership.audit:AUDIT {'event': 'ownership.object_created', 'occurred_at': '2026-09-14T04:19:17.764052Z', 'actor': {'superset_id': None, 'member_guid': None, 'tenant_guid': None, 'username': None}, 'object': {'type': 'chart', 'id': 95, 'uuid': '2b69887b-23e3-b46d-d38c-8ea11856c555'}, 'before': None, 'after': {'visibility': 'public', 'owner_user_id': None, 'via': 'flush guard'}, 'request_id': None}
2026-09-14 04:19:17,839:INFO:superset_ownership.audit:AUDIT {'event': 'ownership.object_created', 'occurred_at': '2026-09-14T04:19:17.765409Z', 'actor': {'superset_id': None, 'member_guid': None, 'tenant_guid': None, 'username': None}, 'object': {'type': 'chart', 'id': 96, 'uuid': 'd20b7324-3b80-24d4-37e2-3bd583b66713'}, 'before': None, 'after': {'visibility': 'public', 'owner_user_id': None, 'via': 'flush guard'}, 'request_id': None}
2026-09-14 04:19:17,839:INFO:superset_ownership.audit:AUDIT {'event': 'ownership.object_created', 'occurred_at': '2026-09-14T04:19:17.766871Z', 'actor': {'superset_id': None, 'member_guid': None, 'tenant_guid': None, 'username': None}, 'object': {'type': 'chart', 'id': 97, 'uuid': '1964e7e3-6836-42f5-9218-026fd194d6c2'}, 'before': None, 'after': {'visibility': 'public', 'owner_user_id': None, 'via': 'flush guard'}, 'request_id': None}
2026-09-14 04:19:17,839:INFO:superset_ownership.audit:AUDIT {'event': 'ownership.object_created', 'occurred_at': '2026-09-14T04:19:17.768333Z', 'actor': {'superset_id': None, 'member_guid': None, 'tenant_guid': None, 'username': None}, 'object': {'type': 'chart', 'id': 98, 'uuid': 'f3adb73f-1c57-4a0c-86fb-8b1f81cfc427'}, 'before': None, 'after': {'visibility': 'public', 'owner_user_id': None, 'via': 'flush guard'}, 'request_id': None}
2026-09-14 04:19:17,839:INFO:superset_ownership.audit:AUDIT {'event': 'ownership.object_created', 'occurred_at': '2026-09-14T04:19:17.769975Z', 'actor': {'superset_id': None, 'member_guid': None, 'tenant_guid': None, 'username': None}, 'object': {'type': 'chart', 'id': 99, 'uuid': 'e871563b-6b80-4629-b606-ab9054da1fbf'}, 'before': None, 'after': {'visibility': 'public', 'owner_user_id': None, 'via': 'flush guard'}, 'request_id': None}
2026-09-14 04:19:17,839:INFO:superset_ownership.audit:AUDIT {'event': 'ownership.object_created', 'occurred_at': '2026-09-14T04:19:17.771680Z', 'actor': {'superset_id': None, 'member_guid': None, 'tenant_guid': None, 'username': None}, 'object': {'type': 'chart', 'id': 100, 'uuid': '36706f55-dec0-46d8-9dab-50842690d8d8'}, 'before': None, 'after': {'visibility': 'public', 'owner_user_id': None, 'via': 'flush guard'}, 'request_id': None}
2026-09-14 04:19:17,839:INFO:superset_ownership.audit:AUDIT {'event': 'ownership.object_created', 'occurred_at': '2026-09-14T04:19:17.774304Z', 'actor': {'superset_id': None, 'member_guid': None, 'tenant_guid': None, 'username': None}, 'object': {'type': 'chart', 'id': 101, 'uuid': '8663e6d2-5589-49f6-889a-335e8dc15119'}, 'before': None, 'after': {'visibility': 'public', 'owner_user_id': None, 'via': 'flush guard'}, 'request_id': None}
2026-09-14 04:19:17,839:INFO:superset_ownership.audit:AUDIT {'event': 'ownership.object_created', 'occurred_at': '2026-09-14T04:19:17.776034Z', 'actor': {'superset_id': None, 'member_guid': None, 'tenant_guid': None, 'username': None}, 'object': {'type': 'chart', 'id': 102, 'uuid': '5a42df97-80a7-49ee-8985-fcb7fc0bf281'}, 'before': None, 'after': {'visibility': 'public', 'owner_user_id': None, 'via': 'flush guard'}, 'request_id': None}
2026-09-14 04:19:17,839:INFO:superset_ownership.audit:AUDIT {'event': 'ownership.object_created', 'occurred_at': '2026-09-14T04:19:17.777428Z', 'actor': {'superset_id': None, 'member_guid': None, 'tenant_guid': None, 'username': None}, 'object': {'type': 'chart', 'id': 103, 'uuid': '7487e265-39d8-4ccd-b8f4-51f8b32ce073'}, 'before': None, 'after': {'visibility': 'public', 'owner_user_id': None, 'via': 'flush guard'}, 'request_id': None}
2026-09-14 04:19:17,839:INFO:superset_ownership.audit:AUDIT {'event': 'ownership.object_created', 'occurred_at': '2026-09-14T04:19:17.778805Z', 'actor': {'superset_id': None, 'member_guid': None, 'tenant_guid': None, 'username': None}, 'object': {'type': 'dashboard', 'id': 1, 'uuid': '04f79081-fb49-7bac-7f14-cc76cd2ad93b'}, 'before': None, 'after': {'visibility': 'public', 'owner_user_id': None, 'via': 'flush guard'}, 'request_id': None}
2026-09-14 04:19:17,839:INFO:superset_ownership.audit:AUDIT {'event': 'ownership.object_created', 'occurred_at': '2026-09-14T04:19:17.780196Z', 'actor': {'superset_id': None, 'member_guid': None, 'tenant_guid': None, 'username': None}, 'object': {'type': 'dashboard', 'id': 2, 'uuid': 'b388a396-cbca-4299-a443-3e41e870e2c2'}, 'before': None, 'after': {'visibility': 'public', 'owner_user_id': None, 'via': 'flush guard'}, 'request_id': None}
2026-09-14 04:19:17,839:INFO:superset_ownership.audit:AUDIT {'event': 'ownership.object_created', 'occurred_at': '2026-09-14T04:19:17.781536Z', 'actor': {'superset_id': None, 'member_guid': None, 'tenant_guid': None, 'username': None}, 'object': {'type': 'dashboard', 'id': 3, 'uuid': '9992d759-90d7-4d2a-b34d-373a8aaa9889'}, 'before': None, 'after': {'visibility': 'public', 'owner_user_id': None, 'via': 'flush guard'}, 'request_id': None}
2026-09-14 04:19:17,839:INFO:superset_ownership.audit:AUDIT {'event': 'ownership.object_created', 'occurred_at': '2026-09-14T04:19:17.782853Z', 'actor': {'superset_id': None, 'member_guid': None, 'tenant_guid': None, 'username': None}, 'object': {'type': 'dashboard', 'id': 4, 'uuid': '9726d8b0-222f-eb2c-034a-02b9f51ef5fd'}, 'before': None, 'after': {'visibility': 'public', 'owner_user_id': None, 'via': 'flush guard'}, 'request_id': None}
2026-09-14 04:19:17,839:INFO:superset_ownership.audit:AUDIT {'event': 'ownership.object_created', 'occurred_at': '2026-09-14T04:19:17.784181Z', 'actor': {'superset_id': None, 'member_guid': None, 'tenant_guid': None, 'username': None}, 'object': {'type': 'dashboard', 'id': 5, 'uuid': 'be064106-05ab-4501-9695-c2f11547bddc'}, 'before': None, 'after': {'visibility': 'public', 'owner_user_id': None, 'via': 'flush guard'}, 'request_id': None}
2026-09-14 04:19:17,839:INFO:superset_ownership.audit:AUDIT {'event': 'ownership.object_created', 'occurred_at': '2026-09-14T04:19:17.785511Z', 'actor': {'superset_id': None, 'member_guid': None, 'tenant_guid': None, 'username': None}, 'object': {'type': 'dashboard', 'id': 6, 'uuid': '5b12b583-8204-08e9-392c-422209c29787'}, 'before': None, 'after': {'visibility': 'public', 'owner_user_id': None, 'via': 'flush guard'}, 'request_id': None}
2026-09-14 04:19:17,839:INFO:superset_ownership.audit:AUDIT {'event': 'ownership.object_created', 'occurred_at': '2026-09-14T04:19:17.786856Z', 'actor': {'superset_id': None, 'member_guid': None, 'tenant_guid': None, 'username': None}, 'object': {'type': 'dashboard', 'id': 7, 'uuid': '02543e07-662c-46be-bb04-fe5afbe1a86c'}, 'before': None, 'after': {'visibility': 'public', 'owner_user_id': None, 'via': 'flush guard'}, 'request_id': None}
2026-09-14 04:19:17,839:INFO:superset_ownership.audit:AUDIT {'event': 'ownership.object_created', 'occurred_at': '2026-09-14T04:19:17.788371Z', 'actor': {'superset_id': None, 'member_guid': None, 'tenant_guid': None, 'username': None}, 'object': {'type': 'dashboard', 'id': 8, 'uuid': 'c7bc10f4-6a2d-7569-caae-bbc91864ee11'}, 'before': None, 'after': {'visibility': 'public', 'owner_user_id': None, 'via': 'flush guard'}, 'request_id': None}
2026-09-14 04:19:17,839:INFO:superset_ownership.audit:AUDIT {'event': 'ownership.object_created', 'occurred_at': '2026-09-14T04:19:17.789764Z', 'actor': {'superset_id': None, 'member_guid': None, 'tenant_guid': None, 'username': None}, 'object': {'type': 'dashboard', 'id': 9, 'uuid': 'aec4bc9e-0502-40b6-a189-850cd630410d'}, 'before': None, 'after': {'visibility': 'public', 'owner_user_id': None, 'via': 'flush guard'}, 'request_id': None}
[entrypoint-ownership] creating admin user (idempotent: fab create-admin no-ops if present)
Loaded your LOCAL configuration at [/app/pythonpath/superset_config_docker.py] (md5:6152310b3750)
2026-09-14 04:19:20,938:WARNING:superset.initialization:--------------------------------------------------------------------------------
                                    WARNING
--------------------------------------------------------------------------------
2026-09-14 04:19:20,938:WARNING:superset.initialization:SQLALCHEMY_ENCRYPTED_FIELD_ENGINE is set to the legacy 'aes' engine (AES-CBC, unauthenticated). App-encrypted fields — database passwords, SSH tunnel credentials, OAuth2 tokens, and similar — would benefit from the authenticated 'aes-gcm' engine instead.
Switching engines on a populated database requires re-encrypting existing values first, since the two ciphertext formats are not interchangeable:
  1. Back up the metadata database.
  2. superset re-encrypt-secrets --engine aes-gcm
  3. Set SQLALCHEMY_ENCRYPTED_FIELD_ENGINE = 'aes-gcm' in superset_config.py.
  4. Restart Superset, then re-run the command above once more to sweep up any values written during the cutover.
See UPDATING.md and docs/sip/authenticated-encryption-at-rest.md for the full runbook.
2026-09-14 04:19:20,938:WARNING:superset.initialization:--------------------------------------------------------------------------------
--------------------------------------------------------------------------------
2026-09-14 04:19:20,956:INFO:superset.initialization:Registering blueprint: superset_ownership
2026-09-14 04:19:20,966:WARNING:py.warnings:/app/.venv/lib/python3.11/site-packages/flask_limiter/extension.py:324: UserWarning: Using the in-memory storage for tracking rate limits as no storage was explicitly specified. This is not recommended for production use. See: https://flask-limiter.readthedocs.io#configuring-a-storage-backend for documentation about configuring the storage backend.
  warnings.warn(

2026-09-14 04:19:21,229:INFO:superset.subjects.hooks:Subject sync hooks registered
2026-09-14 04:19:21,229:INFO:superset_ownership.flags:superset_ownership: OWNERSHIP_ENABLED=True FEATURE_FLAGS['OBJECT_OWNERSHIP']=True (one switch; the flag is derived from the setting)
2026-09-14 04:19:21,229:INFO:superset_ownership.flags:superset_ownership: OWNERSHIP_ENABLED='false' in the environment is the default; an earlier config layer set OWNERSHIP_ENABLED=True as a Python setting, and a config layer wins over the environment.
2026-09-14 04:19:21,230:INFO:superset_ownership.plugins:ownership: authorizer = superset_ownership.authz:OpenFGAAuthorizer (protocol v1, from config)
2026-09-14 04:19:21,230:INFO:superset_ownership.plugins:ownership: directory = superset_ownership.directory:OpenFGADirectory (protocol v1, from config)
2026-09-14 04:19:21,230:INFO:superset_ownership.plugins:ownership: identity = superset_ownership.identity:DefaultIdentity (protocol v1, from default)
2026-09-14 04:19:21,230:INFO:superset_ownership.plugins:ownership: fga = http://openfga:8080 store=01M2F234EV0AE8KZN18Z1SZ628 model=01M2F23E3NX7BNN63C99NM9Y08
2026-09-14 04:19:21,235:INFO:alembic.runtime.migration:Context impl PostgresqlImpl.
2026-09-14 04:19:21,236:INFO:alembic.runtime.migration:Will assume transactional DDL.
2026-09-14 04:19:21,238:INFO:superset_ownership.migrate:superset_ownership: chain upgraded to head
2026-09-14 04:19:21,242:INFO:alembic.runtime.migration:Context impl PostgresqlImpl.
2026-09-14 04:19:21,242:INFO:alembic.runtime.migration:Will assume transactional DDL.
2026-09-14 04:19:21,248:INFO:alembic.runtime.migration:Context impl PostgresqlImpl.
2026-09-14 04:19:21,248:INFO:alembic.runtime.migration:Will assume transactional DDL.
2026-09-14 04:19:21,258:INFO:alembic.runtime.migration:Context impl PostgresqlImpl.
2026-09-14 04:19:21,258:INFO:alembic.runtime.migration:Will assume transactional DDL.
2026-09-14 04:19:21,266:INFO:alembic.runtime.migration:Context impl PostgresqlImpl.
2026-09-14 04:19:21,266:INFO:alembic.runtime.migration:Will assume transactional DDL.
2026-09-14 04:19:21,267:INFO:superset_ownership.db:superset_ownership: schema at 0003_ownership_foreign_keys
2026-09-14 04:19:21,267:WARNING:superset_ownership.outbox:superset_ownership: the outbox is ENABLED but no Celery beat entry runs superset_ownership.outbox.drain. Sharing changes will queue and never reach the authorization store unless `superset ownership outbox drain` is run by something.
2026-09-14 04:19:21,268:INFO:superset_ownership.guard:superset_ownership: viewers guard installed
2026-09-14 04:19:21,269:INFO:superset_ownership.cli:superset_ownership: CLI registered (superset ownership --help)
2026-09-14 04:19:21,361:INFO:superset_ownership.dashboard_patch:superset_ownership: dashboard-chart access marker installed
2026-09-14 04:19:21,453:INFO:alembic.runtime.migration:Context impl PostgresqlImpl.
2026-09-14 04:19:21,453:INFO:alembic.runtime.migration:Will assume transactional DDL.
2026-09-14 04:19:21,460:INFO:superset_ownership.lifecycle:superset_ownership: startup check ok
2026-09-14 04:19:21,460:INFO:alembic.runtime.migration:Context impl PostgresqlImpl.
2026-09-14 04:19:21,460:INFO:alembic.runtime.migration:Will assume transactional DDL.
2026-09-14 04:19:21,616:INFO:superset.app:Syncing configuration to database...
2026-09-14 04:19:21,621:INFO:superset.app:Configuration sync to database completed successfully
2026-09-14 04:19:21,804:INFO:superset.core.mcp.core_mcp_injection:fastmcp is not installed, skipping MCP initialization. Install it with: pip install 'apache-superset[fastmcp]'
Recognized Database Authentications.
Admin User admin created.
Loaded your LOCAL configuration at [/app/pythonpath/superset_config_docker.py] (md5:6152310b3750)
2026-09-14 04:19:24,842:WARNING:superset.initialization:--------------------------------------------------------------------------------
                                    WARNING
--------------------------------------------------------------------------------
2026-09-14 04:19:24,842:WARNING:superset.initialization:SQLALCHEMY_ENCRYPTED_FIELD_ENGINE is set to the legacy 'aes' engine (AES-CBC, unauthenticated). App-encrypted fields — database passwords, SSH tunnel credentials, OAuth2 tokens, and similar — would benefit from the authenticated 'aes-gcm' engine instead.
Switching engines on a populated database requires re-encrypting existing values first, since the two ciphertext formats are not interchangeable:
  1. Back up the metadata database.
  2. superset re-encrypt-secrets --engine aes-gcm
  3. Set SQLALCHEMY_ENCRYPTED_FIELD_ENGINE = 'aes-gcm' in superset_config.py.
  4. Restart Superset, then re-run the command above once more to sweep up any values written during the cutover.
See UPDATING.md and docs/sip/authenticated-encryption-at-rest.md for the full runbook.
2026-09-14 04:19:24,842:WARNING:superset.initialization:--------------------------------------------------------------------------------
--------------------------------------------------------------------------------
2026-09-14 04:19:24,859:INFO:superset.initialization:Registering blueprint: superset_ownership
2026-09-14 04:19:24,869:WARNING:py.warnings:/app/.venv/lib/python3.11/site-packages/flask_limiter/extension.py:324: UserWarning: Using the in-memory storage for tracking rate limits as no storage was explicitly specified. This is not recommended for production use. See: https://flask-limiter.readthedocs.io#configuring-a-storage-backend for documentation about configuring the storage backend.
  warnings.warn(

2026-09-14 04:19:25,121:INFO:superset.subjects.hooks:Subject sync hooks registered
2026-09-14 04:19:25,121:INFO:superset_ownership.flags:superset_ownership: OWNERSHIP_ENABLED=True FEATURE_FLAGS['OBJECT_OWNERSHIP']=True (one switch; the flag is derived from the setting)
2026-09-14 04:19:25,121:INFO:superset_ownership.flags:superset_ownership: OWNERSHIP_ENABLED='false' in the environment is the default; an earlier config layer set OWNERSHIP_ENABLED=True as a Python setting, and a config layer wins over the environment.
2026-09-14 04:19:25,122:INFO:superset_ownership.plugins:ownership: authorizer = superset_ownership.authz:OpenFGAAuthorizer (protocol v1, from config)
2026-09-14 04:19:25,122:INFO:superset_ownership.plugins:ownership: directory = superset_ownership.directory:OpenFGADirectory (protocol v1, from config)
2026-09-14 04:19:25,122:INFO:superset_ownership.plugins:ownership: identity = superset_ownership.identity:DefaultIdentity (protocol v1, from default)
2026-09-14 04:19:25,122:INFO:superset_ownership.plugins:ownership: fga = http://openfga:8080 store=01M2F234EV0AE8KZN18Z1SZ628 model=01M2F23E3NX7BNN63C99NM9Y08
2026-09-14 04:19:25,127:INFO:alembic.runtime.migration:Context impl PostgresqlImpl.
2026-09-14 04:19:25,127:INFO:alembic.runtime.migration:Will assume transactional DDL.
2026-09-14 04:19:25,130:INFO:superset_ownership.migrate:superset_ownership: chain upgraded to head
2026-09-14 04:19:25,133:INFO:alembic.runtime.migration:Context impl PostgresqlImpl.
2026-09-14 04:19:25,134:INFO:alembic.runtime.migration:Will assume transactional DDL.
2026-09-14 04:19:25,139:INFO:alembic.runtime.migration:Context impl PostgresqlImpl.
2026-09-14 04:19:25,139:INFO:alembic.runtime.migration:Will assume transactional DDL.
2026-09-14 04:19:25,146:INFO:alembic.runtime.migration:Context impl PostgresqlImpl.
2026-09-14 04:19:25,146:INFO:alembic.runtime.migration:Will assume transactional DDL.
2026-09-14 04:19:25,153:INFO:alembic.runtime.migration:Context impl PostgresqlImpl.
2026-09-14 04:19:25,153:INFO:alembic.runtime.migration:Will assume transactional DDL.
2026-09-14 04:19:25,154:INFO:superset_ownership.db:superset_ownership: schema at 0003_ownership_foreign_keys
2026-09-14 04:19:25,154:WARNING:superset_ownership.outbox:superset_ownership: the outbox is ENABLED but no Celery beat entry runs superset_ownership.outbox.drain. Sharing changes will queue and never reach the authorization store unless `superset ownership outbox drain` is run by something.
2026-09-14 04:19:25,155:INFO:superset_ownership.guard:superset_ownership: viewers guard installed
2026-09-14 04:19:25,156:INFO:superset_ownership.cli:superset_ownership: CLI registered (superset ownership --help)
2026-09-14 04:19:25,227:INFO:superset_ownership.dashboard_patch:superset_ownership: dashboard-chart access marker installed
2026-09-14 04:19:25,293:INFO:alembic.runtime.migration:Context impl PostgresqlImpl.
2026-09-14 04:19:25,293:INFO:alembic.runtime.migration:Will assume transactional DDL.
2026-09-14 04:19:25,300:INFO:superset_ownership.lifecycle:superset_ownership: startup check ok
2026-09-14 04:19:25,301:INFO:alembic.runtime.migration:Context impl PostgresqlImpl.
2026-09-14 04:19:25,301:INFO:alembic.runtime.migration:Will assume transactional DDL.
2026-09-14 04:19:25,518:INFO:superset.app:Syncing configuration to database...
2026-09-14 04:19:25,523:INFO:superset.app:Configuration sync to database completed successfully
2026-09-14 04:19:25,701:INFO:superset.core.mcp.core_mcp_injection:fastmcp is not installed, skipping MCP initialization. Install it with: pip install 'apache-superset[fastmcp]'
2026-09-14 04:19:27,031:INFO:superset.security.manager:Syncing role definition
2026-09-14 04:19:27,067:INFO:superset.security.manager:Syncing Admin perms
2026-09-14 04:19:27,069:INFO:superset.security.manager:Syncing Alpha perms
2026-09-14 04:19:27,141:INFO:superset.security.manager:Syncing Gamma perms
2026-09-14 04:19:27,215:INFO:superset.security.manager:Syncing sql_lab perms
2026-09-14 04:19:27,287:INFO:superset.security.manager:Fetching a set of all perms to lookup which ones are missing
2026-09-14 04:19:27,290:INFO:superset.security.manager:Creating missing datasource permissions.
2026-09-14 04:19:27,295:INFO:superset.security.manager:Creating missing database permissions.
2026-09-14 04:19:27,296:INFO:superset.security.manager:Creating missing semantic layer and view permissions.
2026-09-14 04:19:27,298:INFO:superset.security.manager:Cleaning faulty perms
[entrypoint-ownership] OWNERSHIP_ENABLED is not 'true' -- skipping ownership migration/check
[entrypoint-ownership] init complete
  init complete -- content loaded, ownership migration deliberately NOT run yet (see header comment)

############################################################
# [4/9] superset + worker up, OWNERSHIP_ENABLED=false
############################################################
 Container pcssetup-redis-1  Running
 Container pcssetup-postgres-1  Running
 Container pcssetup-scratch-db-1  Created
 Container pcssetup-worker-1  Stopping
 Container pcssetup-worker-1  Stopped
 Container pcssetup-superset-1  Recreate
 Container pcssetup-superset-1  Recreated
 Container pcssetup-worker-1  Recreate
 Container pcssetup-worker-1  Recreated
 Container pcssetup-postgres-1  Waiting
 Container pcssetup-postgres-1  Healthy
 Container pcssetup-scratch-db-1  Starting
 Container pcssetup-scratch-db-1  Started
 Container pcssetup-postgres-1  Waiting
 Container pcssetup-redis-1  Waiting
 Container pcssetup-scratch-db-1  Waiting
 Container pcssetup-scratch-db-1  Exited
 Container pcssetup-redis-1  Healthy
 Container pcssetup-postgres-1  Healthy
 Container pcssetup-superset-1  Starting
 Container pcssetup-superset-1  Started
 Container pcssetup-superset-1  Waiting
 Container pcssetup-scratch-db-1  Waiting
 Container pcssetup-scratch-db-1  Exited
 Container pcssetup-superset-1  Healthy
 Container pcssetup-worker-1  Starting
 Container pcssetup-worker-1  Started
  superset is healthy (ownership switch off): d3c2696ad9114c7bffcce754fc3dcf8f10f14b6cbc058bc07862b3677f387920

############################################################
# [5/9] identities + directory + FGA vocabulary extras
############################################################
Loaded your LOCAL configuration at [/app/pythonpath/superset_config_docker.py] (md5:6152310b3750)
2026-09-14 04:19:56,653:WARNING:superset.initialization:--------------------------------------------------------------------------------
                                    WARNING
--------------------------------------------------------------------------------
2026-09-14 04:19:56,653:WARNING:superset.initialization:SQLALCHEMY_ENCRYPTED_FIELD_ENGINE is set to the legacy 'aes' engine (AES-CBC, unauthenticated). App-encrypted fields — database passwords, SSH tunnel credentials, OAuth2 tokens, and similar — would benefit from the authenticated 'aes-gcm' engine instead.
Switching engines on a populated database requires re-encrypting existing values first, since the two ciphertext formats are not interchangeable:
  1. Back up the metadata database.
  2. superset re-encrypt-secrets --engine aes-gcm
  3. Set SQLALCHEMY_ENCRYPTED_FIELD_ENGINE = 'aes-gcm' in superset_config.py.
  4. Restart Superset, then re-run the command above once more to sweep up any values written during the cutover.
See UPDATING.md and docs/sip/authenticated-encryption-at-rest.md for the full runbook.
2026-09-14 04:19:56,653:WARNING:superset.initialization:--------------------------------------------------------------------------------
--------------------------------------------------------------------------------
2026-09-14 04:19:56,672:INFO:superset.initialization:Registering blueprint: superset_ownership
2026-09-14 04:19:56,728:WARNING:py.warnings:/app/.venv/lib/python3.11/site-packages/flask_limiter/extension.py:324: UserWarning: Using the in-memory storage for tracking rate limits as no storage was explicitly specified. This is not recommended for production use. See: https://flask-limiter.readthedocs.io#configuring-a-storage-backend for documentation about configuring the storage backend.
  warnings.warn(

2026-09-14 04:19:57,004:INFO:superset.subjects.hooks:Subject sync hooks registered
2026-09-14 04:19:57,004:INFO:superset_ownership.flags:superset_ownership: OWNERSHIP_ENABLED=True FEATURE_FLAGS['OBJECT_OWNERSHIP']=True (one switch; the flag is derived from the setting)
2026-09-14 04:19:57,004:INFO:superset_ownership.flags:superset_ownership: OWNERSHIP_ENABLED='false' in the environment is the default; an earlier config layer set OWNERSHIP_ENABLED=True as a Python setting, and a config layer wins over the environment.
2026-09-14 04:19:57,005:INFO:superset_ownership.plugins:ownership: authorizer = superset_ownership.authz:OpenFGAAuthorizer (protocol v1, from config)
2026-09-14 04:19:57,005:INFO:superset_ownership.plugins:ownership: directory = superset_ownership.directory:OpenFGADirectory (protocol v1, from config)
2026-09-14 04:19:57,005:INFO:superset_ownership.plugins:ownership: identity = superset_ownership.identity:DefaultIdentity (protocol v1, from default)
2026-09-14 04:19:57,005:INFO:superset_ownership.plugins:ownership: fga = http://openfga:8080 store=01M2F234EV0AE8KZN18Z1SZ628 model=01M2F23E3NX7BNN63C99NM9Y08
2026-09-14 04:19:57,010:INFO:alembic.runtime.migration:Context impl PostgresqlImpl.
2026-09-14 04:19:57,010:INFO:alembic.runtime.migration:Will assume transactional DDL.
2026-09-14 04:19:57,012:INFO:superset_ownership.migrate:superset_ownership: chain upgraded to head
2026-09-14 04:19:57,016:INFO:alembic.runtime.migration:Context impl PostgresqlImpl.
2026-09-14 04:19:57,016:INFO:alembic.runtime.migration:Will assume transactional DDL.
2026-09-14 04:19:57,022:INFO:alembic.runtime.migration:Context impl PostgresqlImpl.
2026-09-14 04:19:57,022:INFO:alembic.runtime.migration:Will assume transactional DDL.
2026-09-14 04:19:57,030:INFO:alembic.runtime.migration:Context impl PostgresqlImpl.
2026-09-14 04:19:57,030:INFO:alembic.runtime.migration:Will assume transactional DDL.
2026-09-14 04:19:57,036:INFO:alembic.runtime.migration:Context impl PostgresqlImpl.
2026-09-14 04:19:57,036:INFO:alembic.runtime.migration:Will assume transactional DDL.
2026-09-14 04:19:57,038:INFO:superset_ownership.db:superset_ownership: schema at 0003_ownership_foreign_keys
2026-09-14 04:19:57,038:WARNING:superset_ownership.outbox:superset_ownership: the outbox is ENABLED but no Celery beat entry runs superset_ownership.outbox.drain. Sharing changes will queue and never reach the authorization store unless `superset ownership outbox drain` is run by something.
2026-09-14 04:19:57,038:INFO:superset_ownership.guard:superset_ownership: viewers guard installed
2026-09-14 04:19:57,039:INFO:superset_ownership.cli:superset_ownership: CLI registered (superset ownership --help)
2026-09-14 04:19:57,114:INFO:superset_ownership.dashboard_patch:superset_ownership: dashboard-chart access marker installed
2026-09-14 04:19:57,169:INFO:alembic.runtime.migration:Context impl PostgresqlImpl.
2026-09-14 04:19:57,169:INFO:alembic.runtime.migration:Will assume transactional DDL.
2026-09-14 04:19:57,176:INFO:superset_ownership.lifecycle:superset_ownership: startup check ok
2026-09-14 04:19:57,176:INFO:alembic.runtime.migration:Context impl PostgresqlImpl.
2026-09-14 04:19:57,176:INFO:alembic.runtime.migration:Will assume transactional DDL.
2026-09-14 04:19:57,328:INFO:superset.app:Syncing configuration to database...
2026-09-14 04:19:57,334:INFO:superset.app:Configuration sync to database completed successfully
2026-09-14 04:19:57,520:INFO:superset.core.mcp.core_mcp_injection:fastmcp is not installed, skipping MCP initialization. Install it with: pip install 'apache-superset[fastmcp]'
MARKER member 3f0a91c7-2d84-4e63-9b15-7c4e8a2f6d31 superset_id=2 tenant=a1e4c2d0-3b5f-4a91-8c2e-1f6a9d3b7c40 (Ada (tenant A))
MARKER member 6c2b48e9-5a71-4f92-8d03-2e9b7c1a4d53 superset_id=3 tenant=a1e4c2d0-3b5f-4a91-8c2e-1f6a9d3b7c40 (Ben (tenant A))
MARKER member 9d7e35a1-8c62-4b04-a7f1-3d5e9b2c8a76 superset_id=4 tenant=b7f28e5a-9c14-4d6b-a2f0-5e3d8c1a6b92 (Cleo (tenant B))
Loaded your LOCAL configuration at [/app/pythonpath/superset_config_docker.py] (md5:6152310b3750)
2026-09-14 04:20:00,735:WARNING:superset.initialization:--------------------------------------------------------------------------------
                                    WARNING
--------------------------------------------------------------------------------
2026-09-14 04:20:00,735:WARNING:superset.initialization:SQLALCHEMY_ENCRYPTED_FIELD_ENGINE is set to the legacy 'aes' engine (AES-CBC, unauthenticated). App-encrypted fields — database passwords, SSH tunnel credentials, OAuth2 tokens, and similar — would benefit from the authenticated 'aes-gcm' engine instead.
Switching engines on a populated database requires re-encrypting existing values first, since the two ciphertext formats are not interchangeable:
  1. Back up the metadata database.
  2. superset re-encrypt-secrets --engine aes-gcm
  3. Set SQLALCHEMY_ENCRYPTED_FIELD_ENGINE = 'aes-gcm' in superset_config.py.
  4. Restart Superset, then re-run the command above once more to sweep up any values written during the cutover.
See UPDATING.md and docs/sip/authenticated-encryption-at-rest.md for the full runbook.
2026-09-14 04:20:00,735:WARNING:superset.initialization:--------------------------------------------------------------------------------
--------------------------------------------------------------------------------
2026-09-14 04:20:00,754:INFO:superset.initialization:Registering blueprint: superset_ownership
2026-09-14 04:20:00,809:WARNING:py.warnings:/app/.venv/lib/python3.11/site-packages/flask_limiter/extension.py:324: UserWarning: Using the in-memory storage for tracking rate limits as no storage was explicitly specified. This is not recommended for production use. See: https://flask-limiter.readthedocs.io#configuring-a-storage-backend for documentation about configuring the storage backend.
  warnings.warn(

2026-09-14 04:20:01,077:INFO:superset.subjects.hooks:Subject sync hooks registered
2026-09-14 04:20:01,078:INFO:superset_ownership.flags:superset_ownership: OWNERSHIP_ENABLED=True FEATURE_FLAGS['OBJECT_OWNERSHIP']=True (one switch; the flag is derived from the setting)
2026-09-14 04:20:01,078:INFO:superset_ownership.flags:superset_ownership: OWNERSHIP_ENABLED='false' in the environment is the default; an earlier config layer set OWNERSHIP_ENABLED=True as a Python setting, and a config layer wins over the environment.
2026-09-14 04:20:01,079:INFO:superset_ownership.plugins:ownership: authorizer = superset_ownership.authz:OpenFGAAuthorizer (protocol v1, from config)
2026-09-14 04:20:01,079:INFO:superset_ownership.plugins:ownership: directory = superset_ownership.directory:OpenFGADirectory (protocol v1, from config)
2026-09-14 04:20:01,079:INFO:superset_ownership.plugins:ownership: identity = superset_ownership.identity:DefaultIdentity (protocol v1, from default)
2026-09-14 04:20:01,079:INFO:superset_ownership.plugins:ownership: fga = http://openfga:8080 store=01M2F234EV0AE8KZN18Z1SZ628 model=01M2F23E3NX7BNN63C99NM9Y08
2026-09-14 04:20:01,084:INFO:alembic.runtime.migration:Context impl PostgresqlImpl.
2026-09-14 04:20:01,084:INFO:alembic.runtime.migration:Will assume transactional DDL.
2026-09-14 04:20:01,086:INFO:superset_ownership.migrate:superset_ownership: chain upgraded to head
2026-09-14 04:20:01,089:INFO:alembic.runtime.migration:Context impl PostgresqlImpl.
2026-09-14 04:20:01,089:INFO:alembic.runtime.migration:Will assume transactional DDL.
2026-09-14 04:20:01,095:INFO:alembic.runtime.migration:Context impl PostgresqlImpl.
2026-09-14 04:20:01,095:INFO:alembic.runtime.migration:Will assume transactional DDL.
2026-09-14 04:20:01,103:INFO:alembic.runtime.migration:Context impl PostgresqlImpl.
2026-09-14 04:20:01,103:INFO:alembic.runtime.migration:Will assume transactional DDL.
2026-09-14 04:20:01,109:INFO:alembic.runtime.migration:Context impl PostgresqlImpl.
2026-09-14 04:20:01,109:INFO:alembic.runtime.migration:Will assume transactional DDL.
2026-09-14 04:20:01,110:INFO:superset_ownership.db:superset_ownership: schema at 0003_ownership_foreign_keys
2026-09-14 04:20:01,110:WARNING:superset_ownership.outbox:superset_ownership: the outbox is ENABLED but no Celery beat entry runs superset_ownership.outbox.drain. Sharing changes will queue and never reach the authorization store unless `superset ownership outbox drain` is run by something.
2026-09-14 04:20:01,111:INFO:superset_ownership.guard:superset_ownership: viewers guard installed
2026-09-14 04:20:01,111:INFO:superset_ownership.cli:superset_ownership: CLI registered (superset ownership --help)
2026-09-14 04:20:01,182:INFO:superset_ownership.dashboard_patch:superset_ownership: dashboard-chart access marker installed
2026-09-14 04:20:01,240:INFO:alembic.runtime.migration:Context impl PostgresqlImpl.
2026-09-14 04:20:01,240:INFO:alembic.runtime.migration:Will assume transactional DDL.
2026-09-14 04:20:01,247:INFO:superset_ownership.lifecycle:superset_ownership: startup check ok
2026-09-14 04:20:01,247:INFO:alembic.runtime.migration:Context impl PostgresqlImpl.
2026-09-14 04:20:01,247:INFO:alembic.runtime.migration:Will assume transactional DDL.
2026-09-14 04:20:01,402:INFO:superset.app:Syncing configuration to database...
2026-09-14 04:20:01,407:INFO:superset.app:Configuration sync to database completed successfully
2026-09-14 04:20:01,593:INFO:superset.core.mcp.core_mcp_injection:fastmcp is not installed, skipping MCP initialization. Install it with: pip install 'apache-superset[fastmcp]'
MARKER seed_directory: {'users': 19, 'existing_users': 0, 'member_tuples': 19, 'group_tuples': 28}
MARKER tenant a1e4c2d0-3b5f-4a91-8c2e-1f6a9d3b7c40 groups: ['chart_designer', 'dashboard_designer', 'data_analyst', 'engineering_metrics', 'executives', 'finance_reporting', 'marketing_analytics', 'support_ops']
MARKER tenant b7f28e5a-9c14-4d6b-a2f0-5e3d8c1a6b92 groups: ['chart_designer', 'dashboard_designer', 'data_analyst', 'executives', 'finance_reporting', 'sales_ops', 'support_ops']
Loaded your LOCAL configuration at [/app/pythonpath/superset_config_docker.py] (md5:6152310b3750)
2026-09-14 04:20:05,851:WARNING:superset.initialization:--------------------------------------------------------------------------------
                                    WARNING
--------------------------------------------------------------------------------
2026-09-14 04:20:05,851:WARNING:superset.initialization:SQLALCHEMY_ENCRYPTED_FIELD_ENGINE is set to the legacy 'aes' engine (AES-CBC, unauthenticated). App-encrypted fields — database passwords, SSH tunnel credentials, OAuth2 tokens, and similar — would benefit from the authenticated 'aes-gcm' engine instead.
Switching engines on a populated database requires re-encrypting existing values first, since the two ciphertext formats are not interchangeable:
  1. Back up the metadata database.
  2. superset re-encrypt-secrets --engine aes-gcm
  3. Set SQLALCHEMY_ENCRYPTED_FIELD_ENGINE = 'aes-gcm' in superset_config.py.
  4. Restart Superset, then re-run the command above once more to sweep up any values written during the cutover.
See UPDATING.md and docs/sip/authenticated-encryption-at-rest.md for the full runbook.
2026-09-14 04:20:05,851:WARNING:superset.initialization:--------------------------------------------------------------------------------
--------------------------------------------------------------------------------
2026-09-14 04:20:05,869:INFO:superset.initialization:Registering blueprint: superset_ownership
2026-09-14 04:20:05,919:WARNING:py.warnings:/app/.venv/lib/python3.11/site-packages/flask_limiter/extension.py:324: UserWarning: Using the in-memory storage for tracking rate limits as no storage was explicitly specified. This is not recommended for production use. See: https://flask-limiter.readthedocs.io#configuring-a-storage-backend for documentation about configuring the storage backend.
  warnings.warn(

2026-09-14 04:20:06,180:INFO:superset.subjects.hooks:Subject sync hooks registered
2026-09-14 04:20:06,180:INFO:superset_ownership.flags:superset_ownership: OWNERSHIP_ENABLED=True FEATURE_FLAGS['OBJECT_OWNERSHIP']=True (one switch; the flag is derived from the setting)
2026-09-14 04:20:06,180:INFO:superset_ownership.flags:superset_ownership: OWNERSHIP_ENABLED='false' in the environment is the default; an earlier config layer set OWNERSHIP_ENABLED=True as a Python setting, and a config layer wins over the environment.
2026-09-14 04:20:06,181:INFO:superset_ownership.plugins:ownership: authorizer = superset_ownership.authz:OpenFGAAuthorizer (protocol v1, from config)
2026-09-14 04:20:06,181:INFO:superset_ownership.plugins:ownership: directory = superset_ownership.directory:OpenFGADirectory (protocol v1, from config)
2026-09-14 04:20:06,181:INFO:superset_ownership.plugins:ownership: identity = superset_ownership.identity:DefaultIdentity (protocol v1, from default)
2026-09-14 04:20:06,181:INFO:superset_ownership.plugins:ownership: fga = http://openfga:8080 store=01M2F234EV0AE8KZN18Z1SZ628 model=01M2F23E3NX7BNN63C99NM9Y08
2026-09-14 04:20:06,186:INFO:alembic.runtime.migration:Context impl PostgresqlImpl.
2026-09-14 04:20:06,186:INFO:alembic.runtime.migration:Will assume transactional DDL.
2026-09-14 04:20:06,189:INFO:superset_ownership.migrate:superset_ownership: chain upgraded to head
2026-09-14 04:20:06,193:INFO:alembic.runtime.migration:Context impl PostgresqlImpl.
2026-09-14 04:20:06,193:INFO:alembic.runtime.migration:Will assume transactional DDL.
2026-09-14 04:20:06,198:INFO:alembic.runtime.migration:Context impl PostgresqlImpl.
2026-09-14 04:20:06,198:INFO:alembic.runtime.migration:Will assume transactional DDL.
2026-09-14 04:20:06,206:INFO:alembic.runtime.migration:Context impl PostgresqlImpl.
2026-09-14 04:20:06,206:INFO:alembic.runtime.migration:Will assume transactional DDL.
2026-09-14 04:20:06,213:INFO:alembic.runtime.migration:Context impl PostgresqlImpl.
2026-09-14 04:20:06,213:INFO:alembic.runtime.migration:Will assume transactional DDL.
2026-09-14 04:20:06,215:INFO:superset_ownership.db:superset_ownership: schema at 0003_ownership_foreign_keys
2026-09-14 04:20:06,215:WARNING:superset_ownership.outbox:superset_ownership: the outbox is ENABLED but no Celery beat entry runs superset_ownership.outbox.drain. Sharing changes will queue and never reach the authorization store unless `superset ownership outbox drain` is run by something.
2026-09-14 04:20:06,215:INFO:superset_ownership.guard:superset_ownership: viewers guard installed
2026-09-14 04:20:06,216:INFO:superset_ownership.cli:superset_ownership: CLI registered (superset ownership --help)
2026-09-14 04:20:06,293:INFO:superset_ownership.dashboard_patch:superset_ownership: dashboard-chart access marker installed
2026-09-14 04:20:06,349:INFO:alembic.runtime.migration:Context impl PostgresqlImpl.
2026-09-14 04:20:06,350:INFO:alembic.runtime.migration:Will assume transactional DDL.
2026-09-14 04:20:06,357:INFO:superset_ownership.lifecycle:superset_ownership: startup check ok
2026-09-14 04:20:06,358:INFO:alembic.runtime.migration:Context impl PostgresqlImpl.
2026-09-14 04:20:06,358:INFO:alembic.runtime.migration:Will assume transactional DDL.
2026-09-14 04:20:06,511:INFO:superset.app:Syncing configuration to database...
2026-09-14 04:20:06,516:INFO:superset.app:Configuration sync to database completed successfully
2026-09-14 04:20:06,707:INFO:superset.core.mcp.core_mcp_injection:fastmcp is not installed, skipping MCP initialization. Install it with: pip install 'apache-superset[fastmcp]'
MARK seed_fga_extra: {'group_tenant_tuples': 15, 'admin_group_tuples': 2, 'admin_members': 2, 'nested': 2}

############################################################
# [6/9] real row-level tenancy: shared datasets, exclusive datasets, Neurons-shaped dataset + dashboards
############################################################
Loaded your LOCAL configuration at [/app/pythonpath/superset_config_docker.py] (md5:6152310b3750)
2026-09-14 04:20:09,843:WARNING:superset.initialization:--------------------------------------------------------------------------------
                                    WARNING
--------------------------------------------------------------------------------
2026-09-14 04:20:09,843:WARNING:superset.initialization:SQLALCHEMY_ENCRYPTED_FIELD_ENGINE is set to the legacy 'aes' engine (AES-CBC, unauthenticated). App-encrypted fields — database passwords, SSH tunnel credentials, OAuth2 tokens, and similar — would benefit from the authenticated 'aes-gcm' engine instead.
Switching engines on a populated database requires re-encrypting existing values first, since the two ciphertext formats are not interchangeable:
  1. Back up the metadata database.
  2. superset re-encrypt-secrets --engine aes-gcm
  3. Set SQLALCHEMY_ENCRYPTED_FIELD_ENGINE = 'aes-gcm' in superset_config.py.
  4. Restart Superset, then re-run the command above once more to sweep up any values written during the cutover.
See UPDATING.md and docs/sip/authenticated-encryption-at-rest.md for the full runbook.
2026-09-14 04:20:09,843:WARNING:superset.initialization:--------------------------------------------------------------------------------
--------------------------------------------------------------------------------
2026-09-14 04:20:09,901:INFO:superset.initialization:Registering blueprint: superset_ownership
2026-09-14 04:20:09,911:WARNING:py.warnings:/app/.venv/lib/python3.11/site-packages/flask_limiter/extension.py:324: UserWarning: Using the in-memory storage for tracking rate limits as no storage was explicitly specified. This is not recommended for production use. See: https://flask-limiter.readthedocs.io#configuring-a-storage-backend for documentation about configuring the storage backend.
  warnings.warn(

2026-09-14 04:20:10,166:INFO:superset.subjects.hooks:Subject sync hooks registered
2026-09-14 04:20:10,166:INFO:superset_ownership.flags:superset_ownership: OWNERSHIP_ENABLED=True FEATURE_FLAGS['OBJECT_OWNERSHIP']=True (one switch; the flag is derived from the setting)
2026-09-14 04:20:10,166:INFO:superset_ownership.flags:superset_ownership: OWNERSHIP_ENABLED='false' in the environment is the default; an earlier config layer set OWNERSHIP_ENABLED=True as a Python setting, and a config layer wins over the environment.
2026-09-14 04:20:10,167:INFO:superset_ownership.plugins:ownership: authorizer = superset_ownership.authz:OpenFGAAuthorizer (protocol v1, from config)
2026-09-14 04:20:10,167:INFO:superset_ownership.plugins:ownership: directory = superset_ownership.directory:OpenFGADirectory (protocol v1, from config)
2026-09-14 04:20:10,167:INFO:superset_ownership.plugins:ownership: identity = superset_ownership.identity:DefaultIdentity (protocol v1, from default)
2026-09-14 04:20:10,167:INFO:superset_ownership.plugins:ownership: fga = http://openfga:8080 store=01M2F234EV0AE8KZN18Z1SZ628 model=01M2F23E3NX7BNN63C99NM9Y08
2026-09-14 04:20:10,172:INFO:alembic.runtime.migration:Context impl PostgresqlImpl.
2026-09-14 04:20:10,172:INFO:alembic.runtime.migration:Will assume transactional DDL.
2026-09-14 04:20:10,174:INFO:superset_ownership.migrate:superset_ownership: chain upgraded to head
2026-09-14 04:20:10,178:INFO:alembic.runtime.migration:Context impl PostgresqlImpl.
2026-09-14 04:20:10,178:INFO:alembic.runtime.migration:Will assume transactional DDL.
2026-09-14 04:20:10,183:INFO:alembic.runtime.migration:Context impl PostgresqlImpl.
2026-09-14 04:20:10,183:INFO:alembic.runtime.migration:Will assume transactional DDL.
2026-09-14 04:20:10,191:INFO:alembic.runtime.migration:Context impl PostgresqlImpl.
2026-09-14 04:20:10,191:INFO:alembic.runtime.migration:Will assume transactional DDL.
2026-09-14 04:20:10,198:INFO:alembic.runtime.migration:Context impl PostgresqlImpl.
2026-09-14 04:20:10,198:INFO:alembic.runtime.migration:Will assume transactional DDL.
2026-09-14 04:20:10,199:INFO:superset_ownership.db:superset_ownership: schema at 0003_ownership_foreign_keys
2026-09-14 04:20:10,199:WARNING:superset_ownership.outbox:superset_ownership: the outbox is ENABLED but no Celery beat entry runs superset_ownership.outbox.drain. Sharing changes will queue and never reach the authorization store unless `superset ownership outbox drain` is run by something.
2026-09-14 04:20:10,200:INFO:superset_ownership.guard:superset_ownership: viewers guard installed
2026-09-14 04:20:10,201:INFO:superset_ownership.cli:superset_ownership: CLI registered (superset ownership --help)
2026-09-14 04:20:10,273:INFO:superset_ownership.dashboard_patch:superset_ownership: dashboard-chart access marker installed
2026-09-14 04:20:10,329:INFO:alembic.runtime.migration:Context impl PostgresqlImpl.
2026-09-14 04:20:10,330:INFO:alembic.runtime.migration:Will assume transactional DDL.
2026-09-14 04:20:10,337:INFO:superset_ownership.lifecycle:superset_ownership: startup check ok
2026-09-14 04:20:10,337:INFO:alembic.runtime.migration:Context impl PostgresqlImpl.
2026-09-14 04:20:10,337:INFO:alembic.runtime.migration:Will assume transactional DDL.
2026-09-14 04:20:10,492:INFO:superset.app:Syncing configuration to database...
2026-09-14 04:20:10,497:INFO:superset.app:Configuration sync to database completed successfully
2026-09-14 04:20:10,677:INFO:superset.core.mcp.core_mcp_injection:fastmcp is not installed, skipping MCP initialization. Install it with: pip install 'apache-superset[fastmcp]'
2026-09-14 04:20:10,684:WARNING:py.warnings:/tmp/seed_tenant_data.py:91: SADeprecationWarning: The argument signature for the "ConnectionEvents.engine_connect" event listener has changed as of version 2.0, and conversion for the old argument signature will be removed in a future release.  The new signature is "def engine_connect(conn)"
  .filter_by(role_id=role.id, type=int(SubjectType.ROLE))

2026-09-14 04:20:10,810:WARNING:py.warnings:/tmp/seed_tenant_data.py:104: SADeprecationWarning: The argument signature for the "ConnectionEvents.engine_connect" event listener has changed as of version 2.0, and conversion for the old argument signature will be removed in a future release.  The new signature is "def engine_connect(conn)"
  pvm = sm.find_permission_view_menu("datasource_access", table.perm)

2026-09-14 04:20:11,161:WARNING:py.warnings:/tmp/seed_tenant_data.py:205: SADeprecationWarning: The argument signature for the "ConnectionEvents.engine_connect" event listener has changed as of version 2.0, and conversion for the old argument signature will be removed in a future release.  The new signature is "def engine_connect(conn)"
  tables = db.session.query(SqlaTable).order_by(SqlaTable.id).all()

2026-09-14 04:20:11,162:WARNING:py.warnings:/tmp/seed_tenant_data.py:91: SADeprecationWarning: The argument signature for the "ConnectionEvents.engine_connect" event listener has changed as of version 2.0, and conversion for the old argument signature will be removed in a future release.  The new signature is "def engine_connect(conn)"
  .filter_by(role_id=role.id, type=int(SubjectType.ROLE))

2026-09-14 04:20:11,317:WARNING:py.warnings:/tmp/seed_tenant_data.py:233: SADeprecationWarning: The argument signature for the "ConnectionEvents.engine_connect" event listener has changed as of version 2.0, and conversion for the old argument signature will be removed in a future release.  The new signature is "def engine_connect(conn)"
  return made, {t.table_name: assignment[t.id] for t in exclusive}

2026-09-14 04:20:11,445:INFO:superset_ownership.hooks:superset_ownership: dashboard 10 created public, owner=None
2026-09-14 04:20:11,446:INFO:superset_ownership.hooks:superset_ownership: chart 104 created public, owner=None
2026-09-14 04:20:11,448:INFO:superset_ownership.hooks:superset_ownership: chart 105 created public, owner=None
2026-09-14 04:20:11,449:INFO:superset_ownership.hooks:superset_ownership: chart 106 created public, owner=None
2026-09-14 04:20:11,451:INFO:superset_ownership.audit:AUDIT {'event': 'ownership.object_created', 'occurred_at': '2026-09-14T04:20:11.445083Z', 'actor': {'superset_id': None, 'member_guid': None, 'tenant_guid': None, 'username': None}, 'object': {'type': 'dashboard', 'id': 10, 'uuid': '860a1108-37ab-4379-889c-7492d3150809'}, 'before': None, 'after': {'visibility': 'public', 'owner_user_id': None, 'via': 'flush guard'}, 'request_id': None}
2026-09-14 04:20:11,451:INFO:superset_ownership.audit:AUDIT {'event': 'ownership.object_created', 'occurred_at': '2026-09-14T04:20:11.446668Z', 'actor': {'superset_id': None, 'member_guid': None, 'tenant_guid': None, 'username': None}, 'object': {'type': 'chart', 'id': 104, 'uuid': 'b3c2c279-0fa5-4fb3-8f9c-459fc1043343'}, 'before': None, 'after': {'visibility': 'public', 'owner_user_id': None, 'via': 'flush guard'}, 'request_id': None}
2026-09-14 04:20:11,451:INFO:superset_ownership.audit:AUDIT {'event': 'ownership.object_created', 'occurred_at': '2026-09-14T04:20:11.448121Z', 'actor': {'superset_id': None, 'member_guid': None, 'tenant_guid': None, 'username': None}, 'object': {'type': 'chart', 'id': 105, 'uuid': '0efea570-2afd-424d-8159-d4c7d098a989'}, 'before': None, 'after': {'visibility': 'public', 'owner_user_id': None, 'via': 'flush guard'}, 'request_id': None}
2026-09-14 04:20:11,451:INFO:superset_ownership.audit:AUDIT {'event': 'ownership.object_created', 'occurred_at': '2026-09-14T04:20:11.449503Z', 'actor': {'superset_id': None, 'member_guid': None, 'tenant_guid': None, 'username': None}, 'object': {'type': 'chart', 'id': 106, 'uuid': '3e019dca-8cad-49f4-8042-be5303e33060'}, 'before': None, 'after': {'visibility': 'public', 'owner_user_id': None, 'via': 'flush guard'}, 'request_id': None}
2026-09-14 04:20:11,451:WARNING:py.warnings:/tmp/seed_tenant_data.py:401: SADeprecationWarning: The argument signature for the "ConnectionEvents.engine_connect" event listener has changed as of version 2.0, and conversion for the old argument signature will be removed in a future release.  The new signature is "def engine_connect(conn)"
  results.append((dash_title, f"{admin.first_name} ({admin_guid[:8]})", tenant))

2026-09-14 04:20:11,469:INFO:superset_ownership.hooks:superset_ownership: dashboard 11 created public, owner=None
2026-09-14 04:20:11,471:INFO:superset_ownership.hooks:superset_ownership: chart 107 created public, owner=None
2026-09-14 04:20:11,472:INFO:superset_ownership.hooks:superset_ownership: chart 108 created public, owner=None
2026-09-14 04:20:11,473:INFO:superset_ownership.hooks:superset_ownership: chart 109 created public, owner=None
2026-09-14 04:20:11,475:INFO:superset_ownership.audit:AUDIT {'event': 'ownership.object_created', 'occurred_at': '2026-09-14T04:20:11.469878Z', 'actor': {'superset_id': None, 'member_guid': None, 'tenant_guid': None, 'username': None}, 'object': {'type': 'dashboard', 'id': 11, 'uuid': '93236b7b-26d1-41e1-9bf4-78dc31d74f6a'}, 'before': None, 'after': {'visibility': 'public', 'owner_user_id': None, 'via': 'flush guard'}, 'request_id': None}
2026-09-14 04:20:11,475:INFO:superset_ownership.audit:AUDIT {'event': 'ownership.object_created', 'occurred_at': '2026-09-14T04:20:11.471288Z', 'actor': {'superset_id': None, 'member_guid': None, 'tenant_guid': None, 'username': None}, 'object': {'type': 'chart', 'id': 107, 'uuid': 'cc585a01-0929-4c6e-bbf0-ed33c8a617c3'}, 'before': None, 'after': {'visibility': 'public', 'owner_user_id': None, 'via': 'flush guard'}, 'request_id': None}
2026-09-14 04:20:11,475:INFO:superset_ownership.audit:AUDIT {'event': 'ownership.object_created', 'occurred_at': '2026-09-14T04:20:11.472626Z', 'actor': {'superset_id': None, 'member_guid': None, 'tenant_guid': None, 'username': None}, 'object': {'type': 'chart', 'id': 108, 'uuid': '48c66c6d-5a19-454f-9b60-1cab54a79088'}, 'before': None, 'after': {'visibility': 'public', 'owner_user_id': None, 'via': 'flush guard'}, 'request_id': None}
2026-09-14 04:20:11,475:INFO:superset_ownership.audit:AUDIT {'event': 'ownership.object_created', 'occurred_at': '2026-09-14T04:20:11.473965Z', 'actor': {'superset_id': None, 'member_guid': None, 'tenant_guid': None, 'username': None}, 'object': {'type': 'chart', 'id': 109, 'uuid': 'c3805eb0-0e0a-487d-851b-5dfe536ce9f7'}, 'before': None, 'after': {'visibility': 'public', 'owner_user_id': None, 'via': 'flush guard'}, 'request_id': None}
MARK shared dataset cleaned_sales_data: deal_size in (Small, Medium) -> tenant A, else tenant B
MARK shared dataset birth_names: state alphabetically A-M -> tenant A, N-Z (and null) -> tenant B
MARK shared dataset video_game_sales: platform alphabetically A-M -> tenant A, N-Z -> tenant B
MARK ensure_shared_datasets: {'columns_added': 3, 'rows_backfilled': {'cleaned_sales_data': 2823, 'birth_names': 75691, 'video_game_sales': 16595}, 'grants': 5, 'rls': 6}
MARK exclusive datasets: 18 bound -- A=9 B=9
MARK ensure_exclusive_datasets: {'grants': 17, 'rls': 18}
MARK neurons_devices: created table, 400 rows
MARK neurons dashboard: Tenant A Device Compliance owner=Ada tenant=a1e4c2d0-3b5f-4a91-8c2e-1f6a9d3b7c40 charts=3
MARK neurons dashboard: Tenant B Device Compliance owner=Cleo tenant=b7f28e5a-9c14-4d6b-a2f0-5e3d8c1a6b92 charts=3
MARK seed_tenant_data: done {'shared_tables': ['cleaned_sales_data', 'birth_names', 'video_game_sales'], 'exclusive_tables': 18, 'neurons_dashboards': 2}

############################################################
# [7/9] dataset-access-aware ownership attribution of the example dashboards/charts
############################################################
Loaded your LOCAL configuration at [/app/pythonpath/superset_config_docker.py] (md5:6152310b3750)
2026-09-14 04:20:14,775:WARNING:superset.initialization:--------------------------------------------------------------------------------
                                    WARNING
--------------------------------------------------------------------------------
2026-09-14 04:20:14,775:WARNING:superset.initialization:SQLALCHEMY_ENCRYPTED_FIELD_ENGINE is set to the legacy 'aes' engine (AES-CBC, unauthenticated). App-encrypted fields — database passwords, SSH tunnel credentials, OAuth2 tokens, and similar — would benefit from the authenticated 'aes-gcm' engine instead.
Switching engines on a populated database requires re-encrypting existing values first, since the two ciphertext formats are not interchangeable:
  1. Back up the metadata database.
  2. superset re-encrypt-secrets --engine aes-gcm
  3. Set SQLALCHEMY_ENCRYPTED_FIELD_ENGINE = 'aes-gcm' in superset_config.py.
  4. Restart Superset, then re-run the command above once more to sweep up any values written during the cutover.
See UPDATING.md and docs/sip/authenticated-encryption-at-rest.md for the full runbook.
2026-09-14 04:20:14,775:WARNING:superset.initialization:--------------------------------------------------------------------------------
--------------------------------------------------------------------------------
2026-09-14 04:20:14,793:INFO:superset.initialization:Registering blueprint: superset_ownership
2026-09-14 04:20:14,844:WARNING:py.warnings:/app/.venv/lib/python3.11/site-packages/flask_limiter/extension.py:324: UserWarning: Using the in-memory storage for tracking rate limits as no storage was explicitly specified. This is not recommended for production use. See: https://flask-limiter.readthedocs.io#configuring-a-storage-backend for documentation about configuring the storage backend.
  warnings.warn(

2026-09-14 04:20:15,114:INFO:superset.subjects.hooks:Subject sync hooks registered
2026-09-14 04:20:15,115:INFO:superset_ownership.flags:superset_ownership: OWNERSHIP_ENABLED=True FEATURE_FLAGS['OBJECT_OWNERSHIP']=True (one switch; the flag is derived from the setting)
2026-09-14 04:20:15,115:INFO:superset_ownership.flags:superset_ownership: OWNERSHIP_ENABLED='false' in the environment is the default; an earlier config layer set OWNERSHIP_ENABLED=True as a Python setting, and a config layer wins over the environment.
2026-09-14 04:20:15,116:INFO:superset_ownership.plugins:ownership: authorizer = superset_ownership.authz:OpenFGAAuthorizer (protocol v1, from config)
2026-09-14 04:20:15,116:INFO:superset_ownership.plugins:ownership: directory = superset_ownership.directory:OpenFGADirectory (protocol v1, from config)
2026-09-14 04:20:15,116:INFO:superset_ownership.plugins:ownership: identity = superset_ownership.identity:DefaultIdentity (protocol v1, from default)
2026-09-14 04:20:15,116:INFO:superset_ownership.plugins:ownership: fga = http://openfga:8080 store=01M2F234EV0AE8KZN18Z1SZ628 model=01M2F23E3NX7BNN63C99NM9Y08
2026-09-14 04:20:15,121:INFO:alembic.runtime.migration:Context impl PostgresqlImpl.
2026-09-14 04:20:15,121:INFO:alembic.runtime.migration:Will assume transactional DDL.
2026-09-14 04:20:15,123:INFO:superset_ownership.migrate:superset_ownership: chain upgraded to head
2026-09-14 04:20:15,127:INFO:alembic.runtime.migration:Context impl PostgresqlImpl.
2026-09-14 04:20:15,127:INFO:alembic.runtime.migration:Will assume transactional DDL.
2026-09-14 04:20:15,132:INFO:alembic.runtime.migration:Context impl PostgresqlImpl.
2026-09-14 04:20:15,132:INFO:alembic.runtime.migration:Will assume transactional DDL.
2026-09-14 04:20:15,140:INFO:alembic.runtime.migration:Context impl PostgresqlImpl.
2026-09-14 04:20:15,140:INFO:alembic.runtime.migration:Will assume transactional DDL.
2026-09-14 04:20:15,147:INFO:alembic.runtime.migration:Context impl PostgresqlImpl.
2026-09-14 04:20:15,147:INFO:alembic.runtime.migration:Will assume transactional DDL.
2026-09-14 04:20:15,149:INFO:superset_ownership.db:superset_ownership: schema at 0003_ownership_foreign_keys
2026-09-14 04:20:15,149:WARNING:superset_ownership.outbox:superset_ownership: the outbox is ENABLED but no Celery beat entry runs superset_ownership.outbox.drain. Sharing changes will queue and never reach the authorization store unless `superset ownership outbox drain` is run by something.
2026-09-14 04:20:15,149:INFO:superset_ownership.guard:superset_ownership: viewers guard installed
2026-09-14 04:20:15,150:INFO:superset_ownership.cli:superset_ownership: CLI registered (superset ownership --help)
2026-09-14 04:20:15,223:INFO:superset_ownership.dashboard_patch:superset_ownership: dashboard-chart access marker installed
2026-09-14 04:20:15,283:INFO:alembic.runtime.migration:Context impl PostgresqlImpl.
2026-09-14 04:20:15,283:INFO:alembic.runtime.migration:Will assume transactional DDL.
2026-09-14 04:20:15,290:INFO:superset_ownership.lifecycle:superset_ownership: startup check ok
2026-09-14 04:20:15,290:INFO:alembic.runtime.migration:Context impl PostgresqlImpl.
2026-09-14 04:20:15,290:INFO:alembic.runtime.migration:Will assume transactional DDL.
2026-09-14 04:20:15,447:INFO:superset.app:Syncing configuration to database...
2026-09-14 04:20:15,452:INFO:superset.app:Configuration sync to database completed successfully
2026-09-14 04:20:15,632:INFO:superset.core.mcp.core_mcp_injection:fastmcp is not installed, skipping MCP initialization. Install it with: pip install 'apache-superset[fastmcp]'
2026-09-14 04:20:15,633:WARNING:py.warnings:/tmp/assign_examples.py:157: SADeprecationWarning: The argument signature for the "ConnectionEvents.engine_connect" event listener has changed as of version 2.0, and conversion for the old argument signature will be removed in a future release.  The new signature is "def engine_connect(conn)"
  for dash in db.session.query(Dashboard).order_by(Dashboard.id).all():

MARK VIOLATION dashboard 2 'Misc Charts': charts spanned tenants {'a1e4c2d0-3b5f-4a91-8c2e-1f6a9d3b7c40': 1, 'b7f28e5a-9c14-4d6b-a2f0-5e3d8c1a6b92': 2}; kept b7f28e5a, removed from dashboard: ['Unicode Cloud']
MARK VIOLATION dashboard 3 'Featured Charts': charts spanned tenants {'a1e4c2d0-3b5f-4a91-8c2e-1f6a9d3b7c40': 1, 'b7f28e5a-9c14-4d6b-a2f0-5e3d8c1a6b92': 1}; kept a1e4c2d0, removed from dashboard: ['Gantt']
MARK VIOLATION dashboard 4 'Slack Dashboard': charts spanned tenants {'a1e4c2d0-3b5f-4a91-8c2e-1f6a9d3b7c40': 4, 'b7f28e5a-9c14-4d6b-a2f0-5e3d8c1a6b92': 5}; kept b7f28e5a, removed from dashboard: ['Weekly Messages', 'Cross Channel Relationship', 'Cross Channel Relationship heatmap_v2', 'New Members per Month']
MARK VIOLATION dashboard 9 'deck.gl Demo': charts spanned tenants {'a1e4c2d0-3b5f-4a91-8c2e-1f6a9d3b7c40': 6, 'b7f28e5a-9c14-4d6b-a2f0-5e3d8c1a6b92': 1}; kept a1e4c2d0, removed from dashboard: ['Deck.gl Arcs']
  id  dashboard                                   owner                       tenant      charts
----------------------------------------------------------------------------------------------------
   1  Sales Dashboard                             Marcus (4302756e)           a1e4c2d0    10
   2  Misc Charts                                 Omar (60f317ea)             b7f28e5a    2
   3  Featured Charts                             Priya (9fcc709c)            a1e4c2d0    24
   4  Slack Dashboard                             Hannah (e64caf0a)           b7f28e5a    5
   5  World Bank's Data                           Diego (a105bfbe)            b7f28e5a    9
   6  FCC New Coder Survey 2018                   Elena (58a4685c)            a1e4c2d0    21
   7  USA Births Names                            Ada (3f0a91c7)              a1e4c2d0    10
   8  Video Game Sales                            Ada (3f0a91c7)              a1e4c2d0    8
   9  deck.gl Demo                                David (12fc0874)            a1e4c2d0    6
MARK assign_examples: 9 dashboards attributed, 7 violation(s)
MARK   VIOLATION dashboard 2 'Misc Charts': charts spanned tenants {'a1e4c2d0-3b5f-4a91-8c2e-1f6a9d3b7c40': 1, 'b7f28e5a-9c14-4d6b-a2f0-5e3d8c1a6b92': 2}; kept b7f28e5a, removed from dashboard: ['Unicode Cloud']
MARK   VIOLATION dashboard 3 'Featured Charts': charts spanned tenants {'a1e4c2d0-3b5f-4a91-8c2e-1f6a9d3b7c40': 1, 'b7f28e5a-9c14-4d6b-a2f0-5e3d8c1a6b92': 1}; kept a1e4c2d0, removed from dashboard: ['Gantt']
MARK   VIOLATION dashboard 4 'Slack Dashboard': charts spanned tenants {'a1e4c2d0-3b5f-4a91-8c2e-1f6a9d3b7c40': 4, 'b7f28e5a-9c14-4d6b-a2f0-5e3d8c1a6b92': 5}; kept b7f28e5a, removed from dashboard: ['Weekly Messages', 'Cross Channel Relationship', 'Cross Channel Relationship heatmap_v2', 'New Members per Month']
MARK   pin mismatch dashboard 4 'Slack Dashboard': pinned a1e4c2d0 not in compatible ['b7f28e5a']
MARK   pin mismatch dashboard 6 'FCC New Coder Survey 2018': pinned b7f28e5a not in compatible ['a1e4c2d0']
MARK   VIOLATION dashboard 9 'deck.gl Demo': charts spanned tenants {'a1e4c2d0-3b5f-4a91-8c2e-1f6a9d3b7c40': 6, 'b7f28e5a-9c14-4d6b-a2f0-5e3d8c1a6b92': 1}; kept a1e4c2d0, removed from dashboard: ['Deck.gl Arcs']
MARK   pin mismatch dashboard 9 'deck.gl Demo': pinned b7f28e5a not in compatible ['a1e4c2d0']

############################################################
# [8/9] flip OWNERSHIP_ENABLED=true, restart: migrate -> backfill -> backfill-tenants -> check runs ONCE, over attributed data
############################################################
 Container pcssetup-postgres-1  Running
 Container pcssetup-redis-1  Running
 Container pcssetup-scratch-db-1  Created
 Container pcssetup-worker-1  Stopping
 Container pcssetup-worker-1  Stopped
 Container pcssetup-superset-1  Recreate
 Container pcssetup-superset-1  Recreated
 Container pcssetup-worker-1  Recreate
 Container pcssetup-worker-1  Recreated
 Container pcssetup-postgres-1  Waiting
 Container pcssetup-postgres-1  Healthy
 Container pcssetup-scratch-db-1  Starting
 Container pcssetup-scratch-db-1  Started
 Container pcssetup-redis-1  Waiting
 Container pcssetup-scratch-db-1  Waiting
 Container pcssetup-postgres-1  Waiting
 Container pcssetup-redis-1  Healthy
 Container pcssetup-postgres-1  Healthy
 Container pcssetup-scratch-db-1  Exited
 Container pcssetup-superset-1  Starting
 Container pcssetup-superset-1  Started
 Container pcssetup-scratch-db-1  Waiting
 Container pcssetup-superset-1  Waiting
 Container pcssetup-scratch-db-1  Exited
 Container pcssetup-superset-1  Healthy
 Container pcssetup-worker-1  Starting
 Container pcssetup-worker-1  Started
  --- entrypoint log (migration/backfill/check) ---
superset-1  | Loaded your LOCAL configuration at [/app/pythonpath/superset_config_docker.py] (md5:6152310b3750)
superset-1  | 2026-09-14 04:20:32,053:WARNING:superset.initialization:--------------------------------------------------------------------------------
superset-1  |                                     WARNING
superset-1  | --------------------------------------------------------------------------------
superset-1  | 2026-09-14 04:20:32,053:WARNING:superset.initialization:SQLALCHEMY_ENCRYPTED_FIELD_ENGINE is set to the legacy 'aes' engine (AES-CBC, unauthenticated). App-encrypted fields — database passwords, SSH tunnel credentials, OAuth2 tokens, and similar — would benefit from the authenticated 'aes-gcm' engine instead.
superset-1  | Switching engines on a populated database requires re-encrypting existing values first, since the two ciphertext formats are not interchangeable:
superset-1  |   1. Back up the metadata database.
superset-1  |   2. superset re-encrypt-secrets --engine aes-gcm
superset-1  |   3. Set SQLALCHEMY_ENCRYPTED_FIELD_ENGINE = 'aes-gcm' in superset_config.py.
superset-1  |   4. Restart Superset, then re-run the command above once more to sweep up any values written during the cutover.
superset-1  | See UPDATING.md and docs/sip/authenticated-encryption-at-rest.md for the full runbook.
superset-1  | 2026-09-14 04:20:32,053:WARNING:superset.initialization:--------------------------------------------------------------------------------
superset-1  | --------------------------------------------------------------------------------
superset-1  | 2026-09-14 04:20:32,073:INFO:superset.initialization:Registering blueprint: superset_ownership
superset-1  | 2026-09-14 04:20:32,084:WARNING:py.warnings:/app/.venv/lib/python3.11/site-packages/flask_limiter/extension.py:324: UserWarning: Using the in-memory storage for tracking rate limits as no storage was explicitly specified. This is not recommended for production use. See: https://flask-limiter.readthedocs.io#configuring-a-storage-backend for documentation about configuring the storage backend.
superset-1  |   warnings.warn(
superset-1  | 
superset-1  | 2026-09-14 04:20:32,353:INFO:superset.subjects.hooks:Subject sync hooks registered
superset-1  | 2026-09-14 04:20:32,353:INFO:superset_ownership.flags:superset_ownership: OWNERSHIP_ENABLED=True FEATURE_FLAGS['OBJECT_OWNERSHIP']=True (one switch; the flag is derived from the setting)
superset-1  | 2026-09-14 04:20:32,354:INFO:superset_ownership.plugins:ownership: authorizer = superset_ownership.authz:OpenFGAAuthorizer (protocol v1, from config)
superset-1  | 2026-09-14 04:20:32,354:INFO:superset_ownership.plugins:ownership: directory = superset_ownership.directory:OpenFGADirectory (protocol v1, from config)
superset-1  | 2026-09-14 04:20:32,354:INFO:superset_ownership.plugins:ownership: identity = superset_ownership.identity:DefaultIdentity (protocol v1, from default)
superset-1  | 2026-09-14 04:20:32,354:INFO:superset_ownership.plugins:ownership: fga = http://openfga:8080 store=01M2F234EV0AE8KZN18Z1SZ628 model=01M2F23E3NX7BNN63C99NM9Y08
superset-1  | 2026-09-14 04:20:32,359:INFO:alembic.runtime.migration:Context impl PostgresqlImpl.
superset-1  | 2026-09-14 04:20:32,359:INFO:alembic.runtime.migration:Will assume transactional DDL.
superset-1  | 2026-09-14 04:20:32,362:INFO:superset_ownership.migrate:superset_ownership: chain upgraded to head
superset-1  | 2026-09-14 04:20:32,365:INFO:alembic.runtime.migration:Context impl PostgresqlImpl.
superset-1  | 2026-09-14 04:20:32,365:INFO:alembic.runtime.migration:Will assume transactional DDL.
superset-1  | 2026-09-14 04:20:32,371:INFO:alembic.runtime.migration:Context impl PostgresqlImpl.
superset-1  | 2026-09-14 04:20:32,371:INFO:alembic.runtime.migration:Will assume transactional DDL.
superset-1  | 2026-09-14 04:20:32,378:INFO:alembic.runtime.migration:Context impl PostgresqlImpl.
superset-1  | 2026-09-14 04:20:32,378:INFO:alembic.runtime.migration:Will assume transactional DDL.
superset-1  | 2026-09-14 04:20:32,386:INFO:alembic.runtime.migration:Context impl PostgresqlImpl.
superset-1  | 2026-09-14 04:20:32,386:INFO:alembic.runtime.migration:Will assume transactional DDL.
superset-1  | 2026-09-14 04:20:32,387:INFO:superset_ownership.db:superset_ownership: schema at 0003_ownership_foreign_keys
superset-1  | 2026-09-14 04:20:32,387:WARNING:superset_ownership.outbox:superset_ownership: the outbox is ENABLED but no Celery beat entry runs superset_ownership.outbox.drain. Sharing changes will queue and never reach the authorization store unless `superset ownership outbox drain` is run by something.
superset-1  | 2026-09-14 04:20:32,387:INFO:superset_ownership.guard:superset_ownership: viewers guard installed
superset-1  | 2026-09-14 04:20:32,388:INFO:superset_ownership.cli:superset_ownership: CLI registered (superset ownership --help)
superset-1  | 2026-09-14 04:20:32,463:INFO:superset_ownership.dashboard_patch:superset_ownership: dashboard-chart access marker installed
superset-1  | 2026-09-14 04:20:32,524:INFO:alembic.runtime.migration:Context impl PostgresqlImpl.
superset-1  | 2026-09-14 04:20:32,524:INFO:alembic.runtime.migration:Will assume transactional DDL.
superset-1  | 2026-09-14 04:20:32,531:INFO:superset_ownership.lifecycle:superset_ownership: startup check ok
superset-1  | 2026-09-14 04:20:32,532:INFO:alembic.runtime.migration:Context impl PostgresqlImpl.
superset-1  | 2026-09-14 04:20:32,532:INFO:alembic.runtime.migration:Will assume transactional DDL.
superset-1  | 2026-09-14 04:20:32,690:INFO:superset.app:Syncing configuration to database...
superset-1  | 2026-09-14 04:20:32,695:INFO:superset.app:Configuration sync to database completed successfully
superset-1  | 2026-09-14 04:20:32,898:INFO:superset.core.mcp.core_mcp_injection:fastmcp is not installed, skipping MCP initialization. Install it with: pip install 'apache-superset[fastmcp]'
superset-1  | 2026-09-14 04:20:32,904:INFO:alembic.runtime.migration:Context impl PostgresqlImpl.
superset-1  | 2026-09-14 04:20:32,904:INFO:alembic.runtime.migration:Will assume transactional DDL.
superset-1  | 2026-09-14 04:20:32,906:INFO:superset_ownership.migrate:superset_ownership: chain upgraded to head
superset-1  | 2026-09-14 04:20:32,910:INFO:alembic.runtime.migration:Context impl PostgresqlImpl.
superset-1  | 2026-09-14 04:20:32,910:INFO:alembic.runtime.migration:Will assume transactional DDL.
superset-1  | 2026-09-14 04:20:32,915:INFO:alembic.runtime.migration:Context impl PostgresqlImpl.
superset-1  | 2026-09-14 04:20:32,915:INFO:alembic.runtime.migration:Will assume transactional DDL.
superset-1  | 2026-09-14 04:20:32,922:INFO:alembic.runtime.migration:Context impl PostgresqlImpl.
superset-1  | 2026-09-14 04:20:32,922:INFO:alembic.runtime.migration:Will assume transactional DDL.
superset-1  | 2026-09-14 04:20:32,929:INFO:alembic.runtime.migration:Context impl PostgresqlImpl.
superset-1  | 2026-09-14 04:20:32,929:INFO:alembic.runtime.migration:Will assume transactional DDL.
superset-1  | {
superset-1  |   "chain": "ownership",
superset-1  |   "current": "0003_ownership_foreign_keys",
superset-1  |   "upgraded_to": "head"
superset-1  | }
superset-1  | [entrypoint-ownership] superset ownership backfill (every pre-existing chart/dashboard -> public, owner=creator; idempotent)
superset-1  | Loaded your LOCAL configuration at [/app/pythonpath/superset_config_docker.py] (md5:6152310b3750)
superset-1  | 2026-09-14 04:20:35,822:WARNING:superset.initialization:--------------------------------------------------------------------------------
superset-1  |                                     WARNING
superset-1  | --------------------------------------------------------------------------------
superset-1  | 2026-09-14 04:20:35,822:WARNING:superset.initialization:SQLALCHEMY_ENCRYPTED_FIELD_ENGINE is set to the legacy 'aes' engine (AES-CBC, unauthenticated). App-encrypted fields — database passwords, SSH tunnel credentials, OAuth2 tokens, and similar — would benefit from the authenticated 'aes-gcm' engine instead.
superset-1  | Switching engines on a populated database requires re-encrypting existing values first, since the two ciphertext formats are not interchangeable:
superset-1  |   1. Back up the metadata database.
superset-1  |   2. superset re-encrypt-secrets --engine aes-gcm
superset-1  |   3. Set SQLALCHEMY_ENCRYPTED_FIELD_ENGINE = 'aes-gcm' in superset_config.py.
superset-1  |   4. Restart Superset, then re-run the command above once more to sweep up any values written during the cutover.
superset-1  | See UPDATING.md and docs/sip/authenticated-encryption-at-rest.md for the full runbook.
superset-1  | 2026-09-14 04:20:35,822:WARNING:superset.initialization:--------------------------------------------------------------------------------
superset-1  | --------------------------------------------------------------------------------
superset-1  | 2026-09-14 04:20:35,842:INFO:superset.initialization:Registering blueprint: superset_ownership
superset-1  | 2026-09-14 04:20:35,914:WARNING:py.warnings:/app/.venv/lib/python3.11/site-packages/flask_limiter/extension.py:324: UserWarning: Using the in-memory storage for tracking rate limits as no storage was explicitly specified. This is not recommended for production use. See: https://flask-limiter.readthedocs.io#configuring-a-storage-backend for documentation about configuring the storage backend.
superset-1  |   warnings.warn(
superset-1  | 
superset-1  | 2026-09-14 04:20:36,209:INFO:superset.subjects.hooks:Subject sync hooks registered
superset-1  | 2026-09-14 04:20:36,209:INFO:superset_ownership.flags:superset_ownership: OWNERSHIP_ENABLED=True FEATURE_FLAGS['OBJECT_OWNERSHIP']=True (one switch; the flag is derived from the setting)
superset-1  | 2026-09-14 04:20:36,210:INFO:superset_ownership.plugins:ownership: authorizer = superset_ownership.authz:OpenFGAAuthorizer (protocol v1, from config)
superset-1  | 2026-09-14 04:20:36,210:INFO:superset_ownership.plugins:ownership: directory = superset_ownership.directory:OpenFGADirectory (protocol v1, from config)
superset-1  | 2026-09-14 04:20:36,210:INFO:superset_ownership.plugins:ownership: identity = superset_ownership.identity:DefaultIdentity (protocol v1, from default)
superset-1  | 2026-09-14 04:20:36,210:INFO:superset_ownership.plugins:ownership: fga = http://openfga:8080 store=01M2F234EV0AE8KZN18Z1SZ628 model=01M2F23E3NX7BNN63C99NM9Y08
superset-1  | 2026-09-14 04:20:36,215:INFO:alembic.runtime.migration:Context impl PostgresqlImpl.
superset-1  | 2026-09-14 04:20:36,215:INFO:alembic.runtime.migration:Will assume transactional DDL.
superset-1  | 2026-09-14 04:20:36,217:INFO:superset_ownership.migrate:superset_ownership: chain upgraded to head
superset-1  | 2026-09-14 04:20:36,221:INFO:alembic.runtime.migration:Context impl PostgresqlImpl.
superset-1  | 2026-09-14 04:20:36,221:INFO:alembic.runtime.migration:Will assume transactional DDL.
superset-1  | 2026-09-14 04:20:36,226:INFO:alembic.runtime.migration:Context impl PostgresqlImpl.
superset-1  | 2026-09-14 04:20:36,226:INFO:alembic.runtime.migration:Will assume transactional DDL.
superset-1  | 2026-09-14 04:20:36,234:INFO:alembic.runtime.migration:Context impl PostgresqlImpl.
superset-1  | 2026-09-14 04:20:36,234:INFO:alembic.runtime.migration:Will assume transactional DDL.
superset-1  | 2026-09-14 04:20:36,240:INFO:alembic.runtime.migration:Context impl PostgresqlImpl.
superset-1  | 2026-09-14 04:20:36,240:INFO:alembic.runtime.migration:Will assume transactional DDL.
superset-1  | 2026-09-14 04:20:36,241:INFO:superset_ownership.db:superset_ownership: schema at 0003_ownership_foreign_keys
superset-1  | 2026-09-14 04:20:36,241:WARNING:superset_ownership.outbox:superset_ownership: the outbox is ENABLED but no Celery beat entry runs superset_ownership.outbox.drain. Sharing changes will queue and never reach the authorization store unless `superset ownership outbox drain` is run by something.
superset-1  | 2026-09-14 04:20:36,242:INFO:superset_ownership.guard:superset_ownership: viewers guard installed
superset-1  | 2026-09-14 04:20:36,242:INFO:superset_ownership.cli:superset_ownership: CLI registered (superset ownership --help)
superset-1  | 2026-09-14 04:20:36,314:INFO:superset_ownership.dashboard_patch:superset_ownership: dashboard-chart access marker installed
superset-1  | 2026-09-14 04:20:36,371:INFO:alembic.runtime.migration:Context impl PostgresqlImpl.
superset-1  | 2026-09-14 04:20:36,371:INFO:alembic.runtime.migration:Will assume transactional DDL.
superset-1  | 2026-09-14 04:20:36,378:INFO:superset_ownership.lifecycle:superset_ownership: startup check ok
superset-1  | 2026-09-14 04:20:36,378:INFO:alembic.runtime.migration:Context impl PostgresqlImpl.
superset-1  | 2026-09-14 04:20:36,378:INFO:alembic.runtime.migration:Will assume transactional DDL.
superset-1  | 2026-09-14 04:20:36,529:INFO:superset.app:Syncing configuration to database...
superset-1  | 2026-09-14 04:20:36,534:INFO:superset.app:Configuration sync to database completed successfully
superset-1  | 2026-09-14 04:20:36,714:INFO:superset.core.mcp.core_mcp_injection:fastmcp is not installed, skipping MCP initialization. Install it with: pip install 'apache-superset[fastmcp]'
superset-1  | 2026-09-14 04:20:36,720:INFO:alembic.runtime.migration:Context impl PostgresqlImpl.
superset-1  | 2026-09-14 04:20:36,720:INFO:alembic.runtime.migration:Will assume transactional DDL.
superset-1  | 2026-09-14 04:20:36,722:INFO:superset_ownership.migrate:superset_ownership: chain upgraded to head
superset-1  | 2026-09-14 04:20:36,726:INFO:alembic.runtime.migration:Context impl PostgresqlImpl.
superset-1  | 2026-09-14 04:20:36,726:INFO:alembic.runtime.migration:Will assume transactional DDL.
superset-1  | 2026-09-14 04:20:36,731:INFO:alembic.runtime.migration:Context impl PostgresqlImpl.
superset-1  | 2026-09-14 04:20:36,731:INFO:alembic.runtime.migration:Will assume transactional DDL.
superset-1  | 2026-09-14 04:20:36,738:INFO:alembic.runtime.migration:Context impl PostgresqlImpl.
superset-1  | 2026-09-14 04:20:36,738:INFO:alembic.runtime.migration:Will assume transactional DDL.
superset-1  | 2026-09-14 04:20:36,747:INFO:alembic.runtime.migration:Context impl PostgresqlImpl.
superset-1  | 2026-09-14 04:20:36,747:INFO:alembic.runtime.migration:Will assume transactional DDL.
superset-1  | 2026-09-14 04:20:36,748:INFO:superset_ownership.db:superset_ownership: schema at 0003_ownership_foreign_keys
superset-1  | 2026-09-14 04:20:36,762:INFO:superset_ownership.backfill:superset_ownership backfill: 2 candidate tenant role(s), 2 confirmed in the authorization store: ['a1e4c2d0-3b5f-4a91-8c2e-1f6a9d3b7c40', 'b7f28e5a-9c14-4d6b-a2f0-5e3d8c1a6b92']
superset-1  | 2026-09-14 04:20:36,762:INFO:superset_ownership.backfill:superset_ownership backfill: 2 tenants found; not assigning unowned objects to a tenant administrator (cannot tell which tenant a legacy object belongs to)
superset-1  | 2026-09-14 04:20:36,763:INFO:superset_ownership.backfill:superset_ownership backfill: 22 datasource(s) bound to a tenant
superset-1  | 2026-09-14 04:20:37,581:INFO:superset_ownership.lifecycle:superset_ownership: reconcile -> {'checked': 120, 'owner_tuple_missing': 119, 'owner_tuple_wrong': 0, 'owner_tuple_written': 119, 'owner_tuple_removed': 0, 'share_tuples_without_row': 0, 'dry_run': False, 'share_rows_without_object': 0}
superset-1  | 2026-09-14 04:20:37,815:INFO:superset_ownership.lifecycle:superset_ownership: reconcile -> {'checked': 120, 'owner_tuple_missing': 119, 'owner_tuple_wrong': 0, 'owner_tuple_written': 0, 'owner_tuple_removed': 0, 'share_tuples_without_row': 0, 'dry_run': True, 'share_rows_without_object': 0}
superset-1  | superset_ownership backfill [dashboard]: 0 created, 11 re-attributed, 11 tenant stamped, 0 still UNOWNED
superset-1  | superset_ownership backfill [chart]: 0 created, 108 re-attributed, 108 tenant stamped, 1 still UNOWNED
superset-1  | superset_ownership backfill: 1 object(s) have no recoverable creator in this database (no created_by_fk, no changed_by_fk, no creating transaction in history) and no tenant administrator to fall back to. They stay public and readable, but cannot be SHARED until someone owns them. Set OWNERSHIP_DEFAULT_OWNER and re-run to assign a fallback owner, or let a tenant administrator claim them.
superset-1  | superset_ownership backfill: default_owner=None
superset-1  | [entrypoint-ownership] backfill summary: [dashboard]: 0 created, 11 re-attributed, 11 tenant stamped, 0 still UNOWNED;[chart]: 0 created, 108 re-attributed, 108 tenant stamped, 1 still UNOWNED
superset-1  | [entrypoint-ownership] superset ownership backfill-tenants (stamp a tenant on any object the sweep above could not)
superset-1  | Loaded your LOCAL configuration at [/app/pythonpath/superset_config_docker.py] (md5:6152310b3750)
superset-1  | 2026-09-14 04:20:40,872:WARNING:superset.initialization:--------------------------------------------------------------------------------
superset-1  |                                     WARNING
superset-1  | --------------------------------------------------------------------------------
superset-1  | 2026-09-14 04:20:40,873:WARNING:superset.initialization:SQLALCHEMY_ENCRYPTED_FIELD_ENGINE is set to the legacy 'aes' engine (AES-CBC, unauthenticated). App-encrypted fields — database passwords, SSH tunnel credentials, OAuth2 tokens, and similar — would benefit from the authenticated 'aes-gcm' engine instead.
superset-1  | Switching engines on a populated database requires re-encrypting existing values first, since the two ciphertext formats are not interchangeable:
superset-1  |   1. Back up the metadata database.
superset-1  |   2. superset re-encrypt-secrets --engine aes-gcm
superset-1  |   3. Set SQLALCHEMY_ENCRYPTED_FIELD_ENGINE = 'aes-gcm' in superset_config.py.
superset-1  |   4. Restart Superset, then re-run the command above once more to sweep up any values written during the cutover.
superset-1  | See UPDATING.md and docs/sip/authenticated-encryption-at-rest.md for the full runbook.
superset-1  | 2026-09-14 04:20:40,873:WARNING:superset.initialization:--------------------------------------------------------------------------------
superset-1  | --------------------------------------------------------------------------------
superset-1  | 2026-09-14 04:20:40,891:INFO:superset.initialization:Registering blueprint: superset_ownership
superset-1  | 2026-09-14 04:20:40,901:WARNING:py.warnings:/app/.venv/lib/python3.11/site-packages/flask_limiter/extension.py:324: UserWarning: Using the in-memory storage for tracking rate limits as no storage was explicitly specified. This is not recommended for production use. See: https://flask-limiter.readthedocs.io#configuring-a-storage-backend for documentation about configuring the storage backend.
superset-1  |   warnings.warn(
superset-1  | 
superset-1  | 2026-09-14 04:20:41,153:INFO:superset.subjects.hooks:Subject sync hooks registered
superset-1  | 2026-09-14 04:20:41,154:INFO:superset_ownership.flags:superset_ownership: OWNERSHIP_ENABLED=True FEATURE_FLAGS['OBJECT_OWNERSHIP']=True (one switch; the flag is derived from the setting)
superset-1  | 2026-09-14 04:20:41,155:INFO:superset_ownership.plugins:ownership: authorizer = superset_ownership.authz:OpenFGAAuthorizer (protocol v1, from config)
superset-1  | 2026-09-14 04:20:41,155:INFO:superset_ownership.plugins:ownership: directory = superset_ownership.directory:OpenFGADirectory (protocol v1, from config)
superset-1  | 2026-09-14 04:20:41,155:INFO:superset_ownership.plugins:ownership: identity = superset_ownership.identity:DefaultIdentity (protocol v1, from default)
superset-1  | 2026-09-14 04:20:41,155:INFO:superset_ownership.plugins:ownership: fga = http://openfga:8080 store=01M2F234EV0AE8KZN18Z1SZ628 model=01M2F23E3NX7BNN63C99NM9Y08
superset-1  | 2026-09-14 04:20:41,160:INFO:alembic.runtime.migration:Context impl PostgresqlImpl.
superset-1  | 2026-09-14 04:20:41,160:INFO:alembic.runtime.migration:Will assume transactional DDL.
superset-1  | 2026-09-14 04:20:41,163:INFO:superset_ownership.migrate:superset_ownership: chain upgraded to head
superset-1  | 2026-09-14 04:20:41,168:INFO:alembic.runtime.migration:Context impl PostgresqlImpl.
superset-1  | 2026-09-14 04:20:41,168:INFO:alembic.runtime.migration:Will assume transactional DDL.
superset-1  | 2026-09-14 04:20:41,174:INFO:alembic.runtime.migration:Context impl PostgresqlImpl.
superset-1  | 2026-09-14 04:20:41,174:INFO:alembic.runtime.migration:Will assume transactional DDL.
superset-1  | 2026-09-14 04:20:41,183:INFO:alembic.runtime.migration:Context impl PostgresqlImpl.
superset-1  | 2026-09-14 04:20:41,183:INFO:alembic.runtime.migration:Will assume transactional DDL.
superset-1  | 2026-09-14 04:20:41,189:INFO:alembic.runtime.migration:Context impl PostgresqlImpl.
superset-1  | 2026-09-14 04:20:41,189:INFO:alembic.runtime.migration:Will assume transactional DDL.
superset-1  | 2026-09-14 04:20:41,190:INFO:superset_ownership.db:superset_ownership: schema at 0003_ownership_foreign_keys
superset-1  | 2026-09-14 04:20:41,190:WARNING:superset_ownership.outbox:superset_ownership: the outbox is ENABLED but no Celery beat entry runs superset_ownership.outbox.drain. Sharing changes will queue and never reach the authorization store unless `superset ownership outbox drain` is run by something.
superset-1  | 2026-09-14 04:20:41,191:INFO:superset_ownership.guard:superset_ownership: viewers guard installed
superset-1  | 2026-09-14 04:20:41,192:INFO:superset_ownership.cli:superset_ownership: CLI registered (superset ownership --help)
superset-1  | 2026-09-14 04:20:41,263:INFO:superset_ownership.dashboard_patch:superset_ownership: dashboard-chart access marker installed
superset-1  | 2026-09-14 04:20:41,329:INFO:alembic.runtime.migration:Context impl PostgresqlImpl.
superset-1  | 2026-09-14 04:20:41,329:INFO:alembic.runtime.migration:Will assume transactional DDL.
superset-1  | 2026-09-14 04:20:41,336:INFO:superset_ownership.lifecycle:superset_ownership: startup check ok
superset-1  | 2026-09-14 04:20:41,336:INFO:alembic.runtime.migration:Context impl PostgresqlImpl.
superset-1  | 2026-09-14 04:20:41,336:INFO:alembic.runtime.migration:Will assume transactional DDL.
superset-1  | 2026-09-14 04:20:41,503:INFO:superset.app:Syncing configuration to database...
superset-1  | 2026-09-14 04:20:41,508:INFO:superset.app:Configuration sync to database completed successfully
superset-1  | 2026-09-14 04:20:41,695:INFO:superset.core.mcp.core_mcp_injection:fastmcp is not installed, skipping MCP initialization. Install it with: pip install 'apache-superset[fastmcp]'
superset-1  | 2026-09-14 04:20:41,696:INFO:superset_ownership.lifecycle:superset_ownership: backfilled object tenants -> {'written': 0, 'already_set': 0, 'no_owner': 0, 'no_tenant': 0, 'failed': 0}
superset-1  | {
superset-1  |   "already_set": 0,
superset-1  |   "failed": 0,
superset-1  |   "no_owner": 0,
superset-1  |   "no_tenant": 0,
superset-1  |   "written": 0
superset-1  | }
superset-1  | [entrypoint-ownership] superset ownership check
superset-1  | Loaded your LOCAL configuration at [/app/pythonpath/superset_config_docker.py] (md5:6152310b3750)
superset-1  | 2026-09-14 04:20:44,738:WARNING:superset.initialization:--------------------------------------------------------------------------------
superset-1  |                                     WARNING
superset-1  | --------------------------------------------------------------------------------
superset-1  | 2026-09-14 04:20:44,738:WARNING:superset.initialization:SQLALCHEMY_ENCRYPTED_FIELD_ENGINE is set to the legacy 'aes' engine (AES-CBC, unauthenticated). App-encrypted fields — database passwords, SSH tunnel credentials, OAuth2 tokens, and similar — would benefit from the authenticated 'aes-gcm' engine instead.
superset-1  | Switching engines on a populated database requires re-encrypting existing values first, since the two ciphertext formats are not interchangeable:
superset-1  |   1. Back up the metadata database.
superset-1  |   2. superset re-encrypt-secrets --engine aes-gcm
superset-1  |   3. Set SQLALCHEMY_ENCRYPTED_FIELD_ENGINE = 'aes-gcm' in superset_config.py.
superset-1  |   4. Restart Superset, then re-run the command above once more to sweep up any values written during the cutover.

  --- superset ownership status ---
Loaded your LOCAL configuration at [/app/pythonpath/superset_config_docker.py] (md5:6152310b3750)
2026-09-14 04:21:02,891:WARNING:superset.initialization:--------------------------------------------------------------------------------
                                    WARNING
--------------------------------------------------------------------------------
2026-09-14 04:21:02,891:WARNING:superset.initialization:SQLALCHEMY_ENCRYPTED_FIELD_ENGINE is set to the legacy 'aes' engine (AES-CBC, unauthenticated). App-encrypted fields — database passwords, SSH tunnel credentials, OAuth2 tokens, and similar — would benefit from the authenticated 'aes-gcm' engine instead.
Switching engines on a populated database requires re-encrypting existing values first, since the two ciphertext formats are not interchangeable:
  1. Back up the metadata database.
  2. superset re-encrypt-secrets --engine aes-gcm
  3. Set SQLALCHEMY_ENCRYPTED_FIELD_ENGINE = 'aes-gcm' in superset_config.py.
  4. Restart Superset, then re-run the command above once more to sweep up any values written during the cutover.
See UPDATING.md and docs/sip/authenticated-encryption-at-rest.md for the full runbook.
2026-09-14 04:21:02,891:WARNING:superset.initialization:--------------------------------------------------------------------------------
--------------------------------------------------------------------------------
2026-09-14 04:21:02,909:INFO:superset.initialization:Registering blueprint: superset_ownership
2026-09-14 04:21:02,919:WARNING:py.warnings:/app/.venv/lib/python3.11/site-packages/flask_limiter/extension.py:324: UserWarning: Using the in-memory storage for tracking rate limits as no storage was explicitly specified. This is not recommended for production use. See: https://flask-limiter.readthedocs.io#configuring-a-storage-backend for documentation about configuring the storage backend.
  warnings.warn(

2026-09-14 04:21:03,202:INFO:superset.subjects.hooks:Subject sync hooks registered
2026-09-14 04:21:03,203:INFO:superset_ownership.flags:superset_ownership: OWNERSHIP_ENABLED=True FEATURE_FLAGS['OBJECT_OWNERSHIP']=True (one switch; the flag is derived from the setting)
2026-09-14 04:21:03,204:INFO:superset_ownership.plugins:ownership: authorizer = superset_ownership.authz:OpenFGAAuthorizer (protocol v1, from config)
2026-09-14 04:21:03,204:INFO:superset_ownership.plugins:ownership: directory = superset_ownership.directory:OpenFGADirectory (protocol v1, from config)
2026-09-14 04:21:03,204:INFO:superset_ownership.plugins:ownership: identity = superset_ownership.identity:DefaultIdentity (protocol v1, from default)
2026-09-14 04:21:03,204:INFO:superset_ownership.plugins:ownership: fga = http://openfga:8080 store=01M2F234EV0AE8KZN18Z1SZ628 model=01M2F23E3NX7BNN63C99NM9Y08
2026-09-14 04:21:03,212:INFO:alembic.runtime.migration:Context impl PostgresqlImpl.
2026-09-14 04:21:03,213:INFO:alembic.runtime.migration:Will assume transactional DDL.
2026-09-14 04:21:03,217:INFO:superset_ownership.migrate:superset_ownership: chain upgraded to head
2026-09-14 04:21:03,223:INFO:alembic.runtime.migration:Context impl PostgresqlImpl.
2026-09-14 04:21:03,223:INFO:alembic.runtime.migration:Will assume transactional DDL.
2026-09-14 04:21:03,230:INFO:alembic.runtime.migration:Context impl PostgresqlImpl.
2026-09-14 04:21:03,230:INFO:alembic.runtime.migration:Will assume transactional DDL.
2026-09-14 04:21:03,241:INFO:alembic.runtime.migration:Context impl PostgresqlImpl.
2026-09-14 04:21:03,241:INFO:alembic.runtime.migration:Will assume transactional DDL.
2026-09-14 04:21:03,250:INFO:alembic.runtime.migration:Context impl PostgresqlImpl.
2026-09-14 04:21:03,250:INFO:alembic.runtime.migration:Will assume transactional DDL.
2026-09-14 04:21:03,251:INFO:superset_ownership.db:superset_ownership: schema at 0003_ownership_foreign_keys
2026-09-14 04:21:03,252:WARNING:superset_ownership.outbox:superset_ownership: the outbox is ENABLED but no Celery beat entry runs superset_ownership.outbox.drain. Sharing changes will queue and never reach the authorization store unless `superset ownership outbox drain` is run by something.
2026-09-14 04:21:03,252:INFO:superset_ownership.guard:superset_ownership: viewers guard installed
2026-09-14 04:21:03,253:INFO:superset_ownership.cli:superset_ownership: CLI registered (superset ownership --help)
2026-09-14 04:21:03,340:INFO:superset_ownership.dashboard_patch:superset_ownership: dashboard-chart access marker installed
2026-09-14 04:21:03,440:INFO:alembic.runtime.migration:Context impl PostgresqlImpl.
2026-09-14 04:21:03,441:INFO:alembic.runtime.migration:Will assume transactional DDL.
2026-09-14 04:21:03,448:INFO:superset_ownership.lifecycle:superset_ownership: startup check ok
2026-09-14 04:21:03,448:INFO:alembic.runtime.migration:Context impl PostgresqlImpl.
2026-09-14 04:21:03,448:INFO:alembic.runtime.migration:Will assume transactional DDL.
2026-09-14 04:21:03,630:INFO:superset.app:Syncing configuration to database...
2026-09-14 04:21:03,643:INFO:superset.app:Configuration sync to database completed successfully
2026-09-14 04:21:03,867:INFO:superset.core.mcp.core_mcp_injection:fastmcp is not installed, skipping MCP initialization. Install it with: pip install 'apache-superset[fastmcp]'
{
  "audit_sink": false,
  "backend_loaded": true,
  "by_visibility": {
    "public": 120
  },
  "enabled_backend": true,
  "enabled_ui": true,
  "enabled_ui_runtime": true,
  "fga_api_url": "http://openfga:8080",
  "fga_model": "01M2F23E3NX7BNN63C99NM9Y08",
  "fga_store": "01M2F234EV0AE8KZN18Z1SZ628",
  "flags_agree": true,
  "group_id_format": "{name}_{tenant}",
  "objects": 120,
  "plugins": {
    "authorizer": {
      "alias": "openfga",
      "class": "superset_ownership.authz:OpenFGAAuthorizer",
      "protocol_version": 1,
      "source": "config"
    },
    "degraded": [],
    "directory": {
      "alias": "openfga",
      "class": "superset_ownership.directory:OpenFGADirectory",
      "protocol_version": 1,
      "source": "config"
    },
    "hooks": {
      "OWNERSHIP_ADMINISTRATORS_OF_TENANT": {
        "source": "default"
      },
      "OWNERSHIP_CAN_MANAGE": {
        "source": "default"
      },
      "OWNERSHIP_DISPLAY_NAME": {
        "source": "default"
      },
      "OWNERSHIP_GROUPS_OF_TENANT": {
        "source": "default"
      },
      "OWNERSHIP_GROUP_DISPLAY_NAME": {
        "source": "default"
      },
      "OWNERSHIP_GROUP_EXISTS": {
        "source": "default"
      },
      "OWNERSHIP_GROUP_ID": {
        "source": "default"
      },
      "OWNERSHIP_IS_TENANT_ADMINISTRATOR": {
        "source": "default"
      },
      "OWNERSHIP_MEMBERS_OF_GROUP": {
        "source": "default"
      },
      "OWNERSHIP_MEMBER_GUID": {
        "source": "default"
      },
      "OWNERSHIP_SPLIT_GROUP_ID": {
        "source": "default"
      },
      "OWNERSHIP_TENANT_ADMINISTRATOR_GROUP": {
        "source": "default"
      },
      "OWNERSHIP_TENANT_GUID": {
        "source": "default"
      },
      "OWNERSHIP_USERS_OF_TENANT": {
        "source": "default"
      },
      "OWNERSHIP_USER_FOR_MEMBER_GUID": {
        "source": "default"
      },
      "OWNERSHIP_USER_IN_GROUP": {
        "source": "default"
      }
    },
    "identity": {
      "alias": "superset_ownership.identity:DefaultIdentity",
      "class": "superset_ownership.identity:DefaultIdentity",
      "protocol_version": 1,
      "source": "default"
    }
  },
  "shares": 0,
  "ui_flag_hooked": false,
  "ui_flag_hooks": []
}

  --- superset ownership plugin verify --tenant a1e4c2d0-3b5f-4a91-8c2e-1f6a9d3b7c40 ---
Loaded your LOCAL configuration at [/app/pythonpath/superset_config_docker.py] (md5:6152310b3750)
2026-09-14 04:21:07,204:WARNING:superset.initialization:--------------------------------------------------------------------------------
                                    WARNING
--------------------------------------------------------------------------------
2026-09-14 04:21:07,204:WARNING:superset.initialization:SQLALCHEMY_ENCRYPTED_FIELD_ENGINE is set to the legacy 'aes' engine (AES-CBC, unauthenticated). App-encrypted fields — database passwords, SSH tunnel credentials, OAuth2 tokens, and similar — would benefit from the authenticated 'aes-gcm' engine instead.
Switching engines on a populated database requires re-encrypting existing values first, since the two ciphertext formats are not interchangeable:
  1. Back up the metadata database.
  2. superset re-encrypt-secrets --engine aes-gcm
  3. Set SQLALCHEMY_ENCRYPTED_FIELD_ENGINE = 'aes-gcm' in superset_config.py.
  4. Restart Superset, then re-run the command above once more to sweep up any values written during the cutover.
See UPDATING.md and docs/sip/authenticated-encryption-at-rest.md for the full runbook.
2026-09-14 04:21:07,204:WARNING:superset.initialization:--------------------------------------------------------------------------------
--------------------------------------------------------------------------------
2026-09-14 04:21:07,222:INFO:superset.initialization:Registering blueprint: superset_ownership
2026-09-14 04:21:07,233:WARNING:py.warnings:/app/.venv/lib/python3.11/site-packages/flask_limiter/extension.py:324: UserWarning: Using the in-memory storage for tracking rate limits as no storage was explicitly specified. This is not recommended for production use. See: https://flask-limiter.readthedocs.io#configuring-a-storage-backend for documentation about configuring the storage backend.
  warnings.warn(

2026-09-14 04:21:07,511:INFO:superset.subjects.hooks:Subject sync hooks registered
2026-09-14 04:21:07,511:INFO:superset_ownership.flags:superset_ownership: OWNERSHIP_ENABLED=True FEATURE_FLAGS['OBJECT_OWNERSHIP']=True (one switch; the flag is derived from the setting)
2026-09-14 04:21:07,512:INFO:superset_ownership.plugins:ownership: authorizer = superset_ownership.authz:OpenFGAAuthorizer (protocol v1, from config)
2026-09-14 04:21:07,512:INFO:superset_ownership.plugins:ownership: directory = superset_ownership.directory:OpenFGADirectory (protocol v1, from config)
2026-09-14 04:21:07,512:INFO:superset_ownership.plugins:ownership: identity = superset_ownership.identity:DefaultIdentity (protocol v1, from default)
2026-09-14 04:21:07,512:INFO:superset_ownership.plugins:ownership: fga = http://openfga:8080 store=01M2F234EV0AE8KZN18Z1SZ628 model=01M2F23E3NX7BNN63C99NM9Y08
2026-09-14 04:21:07,517:INFO:alembic.runtime.migration:Context impl PostgresqlImpl.
2026-09-14 04:21:07,517:INFO:alembic.runtime.migration:Will assume transactional DDL.
2026-09-14 04:21:07,520:INFO:superset_ownership.migrate:superset_ownership: chain upgraded to head
2026-09-14 04:21:07,525:INFO:alembic.runtime.migration:Context impl PostgresqlImpl.
2026-09-14 04:21:07,525:INFO:alembic.runtime.migration:Will assume transactional DDL.
2026-09-14 04:21:07,531:INFO:alembic.runtime.migration:Context impl PostgresqlImpl.
2026-09-14 04:21:07,531:INFO:alembic.runtime.migration:Will assume transactional DDL.
2026-09-14 04:21:07,539:INFO:alembic.runtime.migration:Context impl PostgresqlImpl.
2026-09-14 04:21:07,539:INFO:alembic.runtime.migration:Will assume transactional DDL.
2026-09-14 04:21:07,546:INFO:alembic.runtime.migration:Context impl PostgresqlImpl.
2026-09-14 04:21:07,546:INFO:alembic.runtime.migration:Will assume transactional DDL.
2026-09-14 04:21:07,548:INFO:superset_ownership.db:superset_ownership: schema at 0003_ownership_foreign_keys
2026-09-14 04:21:07,548:WARNING:superset_ownership.outbox:superset_ownership: the outbox is ENABLED but no Celery beat entry runs superset_ownership.outbox.drain. Sharing changes will queue and never reach the authorization store unless `superset ownership outbox drain` is run by something.
2026-09-14 04:21:07,548:INFO:superset_ownership.guard:superset_ownership: viewers guard installed
2026-09-14 04:21:07,549:INFO:superset_ownership.cli:superset_ownership: CLI registered (superset ownership --help)
2026-09-14 04:21:07,624:INFO:superset_ownership.dashboard_patch:superset_ownership: dashboard-chart access marker installed
2026-09-14 04:21:07,689:INFO:alembic.runtime.migration:Context impl PostgresqlImpl.
2026-09-14 04:21:07,689:INFO:alembic.runtime.migration:Will assume transactional DDL.
2026-09-14 04:21:07,697:INFO:superset_ownership.lifecycle:superset_ownership: startup check ok
2026-09-14 04:21:07,698:INFO:alembic.runtime.migration:Context impl PostgresqlImpl.
2026-09-14 04:21:07,698:INFO:alembic.runtime.migration:Will assume transactional DDL.
2026-09-14 04:21:07,859:INFO:superset.app:Syncing configuration to database...
2026-09-14 04:21:07,864:INFO:superset.app:Configuration sync to database completed successfully
2026-09-14 04:21:08,103:INFO:superset.core.mcp.core_mcp_injection:fastmcp is not installed, skipping MCP initialization. Install it with: pip install 'apache-superset[fastmcp]'
2026-09-14 04:21:08,175:INFO:superset_ownership.fga:openfga write already satisfied writes=[{'user': 'user:verify-de483f0d-a375-4782-8e62-bf936233ef5d', 'relation': 'viewer', 'object': 'chart:verify-de483f0d-a375-4782-8e62-bf936233ef5d'}] deletes=None
2026-09-14 04:21:08,182:INFO:superset_ownership.fga:openfga write already satisfied writes=None deletes=[{'user': 'user:verify-de483f0d-a375-4782-8e62-bf936233ef5d', 'relation': 'viewer', 'object': 'chart:verify-de483f0d-a375-4782-8e62-bf936233ef5d'}]
== load ==
  PASS plugins_load  authorizer, directory and identity all loaded
== connection ==
  PASS reachable  store answered
  PASS model_pinned  pinned to 01M2F23E3NX7BNN63C99NM9Y08
  PASS required_relations  every required type.relation is present
  PASS scratch_tuple_roundtrip  write/write/delete/delete all succeeded
== vocabulary ==
  PASS group_has_tenant_tuple  every walked group has a tenant tuple
  PASS member_guids_resolve  all 13 member(s) resolve to a Superset user
  PASS administrator_group_exists  group:tenant_administrator_a1e4c2d0-3b5f-4a91-8c2e-1f6a9d3b7c40 exists
  PASS no_member_in_two_tenants  no member belongs to two tenants
  PASS group_ids_parse  every listed group id parses
  SKIP manage_permission_template  OWNERSHIP_MANAGE_PERMISSION is not set
== directory ==
  PASS tenant_isolation  a1e4c2d0-3b5f-4a91-8c2e-1f6a9d3b7c40 and b7f28e5a-9c14-4d6b-a2f0-5e3d8c1a6b92 share no groups
  PASS pagination_roundtrips  13 member(s), same set at both page sizes
  SKIP not_found_vs_empty  no known-empty group in this tenant to probe
  PASS user_in_group_agrees  90 pair(s) agree
  PASS health  model 01M2F23E3NX7BNN63C99NM9Y08: group.tenant present
  PASS latency  p95=1.4ms over 193 call(s)
== identity ==
  PASS guid_v4  10 sampled, all GUID v4
  FAIL tenant_known  tenant not known to the store for: ['3']
  PASS normalize_subject_roundtrip  10 sampled, all round-trip
== invariants ==
  SKIP owner_zero_calls  pass --object and --as to run this section
  SKIP non_owner_one_check  pass --object and --as to run this section
  SKIP public_zero_calls  pass --object and --as to run this section
== hooks ==
  SKIP resolved  no hook configured
  PASS shape_pair_roundtrip  11 group id(s) round-trip
  SKIP caller_side  no hook configured
  SKIP directory_side  no hook configured
  SKIP read_only  no hook configured
  SKIP can_manage_narrow_only  no hook configured
  SKIP fail_closed  no hook configured
SUMMARY pass=18 warn=0 fail=1 skip=11

  --- proof queries ---
--- ownership_object counts by visibility ---
 visibility | count 
------------+-------
 public     |   120
(1 row)

--- ownership_object counts by owner's tenant (derived from the owner's tenant_<guid> role) ---
                tenant                | objects 
--------------------------------------+---------
 a1e4c2d0-3b5f-4a91-8c2e-1f6a9d3b7c40 |      94
 b7f28e5a-9c14-4d6b-a2f0-5e3d8c1a6b92 |      25
 (unowned)                            |       1
(3 rows)

--- every dashboard: owner + tenant + visibility ---
 id |      dashboard_title       |     owner     |             owner_tenant             | visibility 
----+----------------------------+---------------+--------------------------------------+------------
  1 | Sales Dashboard            | Marcus Chen   | a1e4c2d0-3b5f-4a91-8c2e-1f6a9d3b7c40 | public
  2 | Misc Charts                | Omar Farouk   | b7f28e5a-9c14-4d6b-a2f0-5e3d8c1a6b92 | public
  3 | Featured Charts            | Priya Sharma  | a1e4c2d0-3b5f-4a91-8c2e-1f6a9d3b7c40 | public
  4 | Slack Dashboard            | Hannah Berg   | b7f28e5a-9c14-4d6b-a2f0-5e3d8c1a6b92 | public
  5 | World Bank's Data          | Diego Alvarez | b7f28e5a-9c14-4d6b-a2f0-5e3d8c1a6b92 | public
  6 | FCC New Coder Survey 2018  | Elena Rossi   | a1e4c2d0-3b5f-4a91-8c2e-1f6a9d3b7c40 | public
  7 | USA Births Names           | Ada tenant A  | a1e4c2d0-3b5f-4a91-8c2e-1f6a9d3b7c40 | public
  8 | Video Game Sales           | Ada tenant A  | a1e4c2d0-3b5f-4a91-8c2e-1f6a9d3b7c40 | public
  9 | deck.gl Demo               | David Okafor  | a1e4c2d0-3b5f-4a91-8c2e-1f6a9d3b7c40 | public
 10 | Tenant A Device Compliance | Ada tenant A  | a1e4c2d0-3b5f-4a91-8c2e-1f6a9d3b7c40 | public
 11 | Tenant B Device Compliance | Cleo tenant B | b7f28e5a-9c14-4d6b-a2f0-5e3d8c1a6b92 | public
(11 rows)

--- per dashboard: datasets its charts use, and which tenant(s) can read them (via RLS binding) ---
 dashboard_id |      dashboard_title       |        dataset         |                             readable_by_tenant                             
--------------+----------------------------+------------------------+----------------------------------------------------------------------------
            1 | Sales Dashboard            | cleaned_sales_data     | a1e4c2d0-3b5f-4a91-8c2e-1f6a9d3b7c40, b7f28e5a-9c14-4d6b-a2f0-5e3d8c1a6b92
            2 | Misc Charts                | birth_france_by_region | b7f28e5a-9c14-4d6b-a2f0-5e3d8c1a6b92
            2 | Misc Charts                | wb_health_population   | b7f28e5a-9c14-4d6b-a2f0-5e3d8c1a6b92
            3 | Featured Charts            | cleaned_sales_data     | a1e4c2d0-3b5f-4a91-8c2e-1f6a9d3b7c40, b7f28e5a-9c14-4d6b-a2f0-5e3d8c1a6b92
            3 | Featured Charts            | hierarchical_dataset   | a1e4c2d0-3b5f-4a91-8c2e-1f6a9d3b7c40
            4 | Slack Dashboard            | members_channels_2     | b7f28e5a-9c14-4d6b-a2f0-5e3d8c1a6b92
            4 | Slack Dashboard            | messages_channels      | b7f28e5a-9c14-4d6b-a2f0-5e3d8c1a6b92
            4 | Slack Dashboard            | threads                | b7f28e5a-9c14-4d6b-a2f0-5e3d8c1a6b92
            4 | Slack Dashboard            | users                  | b7f28e5a-9c14-4d6b-a2f0-5e3d8c1a6b92
            5 | World Bank's Data          | wb_health_population   | b7f28e5a-9c14-4d6b-a2f0-5e3d8c1a6b92
            6 | FCC New Coder Survey 2018  | FCC 2018 Survey        | a1e4c2d0-3b5f-4a91-8c2e-1f6a9d3b7c40
            7 | USA Births Names           | birth_names            | a1e4c2d0-3b5f-4a91-8c2e-1f6a9d3b7c40, b7f28e5a-9c14-4d6b-a2f0-5e3d8c1a6b92
            8 | Video Game Sales           | video_game_sales       | a1e4c2d0-3b5f-4a91-8c2e-1f6a9d3b7c40, b7f28e5a-9c14-4d6b-a2f0-5e3d8c1a6b92
            9 | deck.gl Demo               | bart_lines             | a1e4c2d0-3b5f-4a91-8c2e-1f6a9d3b7c40
            9 | deck.gl Demo               | long_lat               | a1e4c2d0-3b5f-4a91-8c2e-1f6a9d3b7c40
            9 | deck.gl Demo               | sf_population_polygons | a1e4c2d0-3b5f-4a91-8c2e-1f6a9d3b7c40
           10 | Tenant A Device Compliance | neurons_devices        | a1e4c2d0-3b5f-4a91-8c2e-1f6a9d3b7c40, b7f28e5a-9c14-4d6b-a2f0-5e3d8c1a6b92
           11 | Tenant B Device Compliance | neurons_devices        | a1e4c2d0-3b5f-4a91-8c2e-1f6a9d3b7c40, b7f28e5a-9c14-4d6b-a2f0-5e3d8c1a6b92
(18 rows)

--- RLS filter table: dataset, role, clause ---
          dataset          |                    role                     |                       clause                       
---------------------------+---------------------------------------------+----------------------------------------------------
 bart_lines                | tenant_a1e4c2d0-3b5f-4a91-8c2e-1f6a9d3b7c40 | 1 = 1
 birth_france_by_region    | tenant_b7f28e5a-9c14-4d6b-a2f0-5e3d8c1a6b92 | 1 = 1
 birth_names               | tenant_a1e4c2d0-3b5f-4a91-8c2e-1f6a9d3b7c40 | tenant_id = 'a1e4c2d0-3b5f-4a91-8c2e-1f6a9d3b7c40'
 birth_names               | tenant_b7f28e5a-9c14-4d6b-a2f0-5e3d8c1a6b92 | tenant_id = 'b7f28e5a-9c14-4d6b-a2f0-5e3d8c1a6b92'
 cleaned_sales_data        | tenant_a1e4c2d0-3b5f-4a91-8c2e-1f6a9d3b7c40 | tenant_id = 'a1e4c2d0-3b5f-4a91-8c2e-1f6a9d3b7c40'
 cleaned_sales_data        | tenant_b7f28e5a-9c14-4d6b-a2f0-5e3d8c1a6b92 | tenant_id = 'b7f28e5a-9c14-4d6b-a2f0-5e3d8c1a6b92'
 FCC 2018 Survey           | tenant_a1e4c2d0-3b5f-4a91-8c2e-1f6a9d3b7c40 | 1 = 1
 flights                   | tenant_b7f28e5a-9c14-4d6b-a2f0-5e3d8c1a6b92 | 1 = 1
 hierarchical_dataset      | tenant_a1e4c2d0-3b5f-4a91-8c2e-1f6a9d3b7c40 | 1 = 1
 international_sales       | tenant_b7f28e5a-9c14-4d6b-a2f0-5e3d8c1a6b92 | 1 = 1
 long_lat                  | tenant_a1e4c2d0-3b5f-4a91-8c2e-1f6a9d3b7c40 | 1 = 1
 members_channels_2        | tenant_b7f28e5a-9c14-4d6b-a2f0-5e3d8c1a6b92 | 1 = 1
 messages                  | tenant_a1e4c2d0-3b5f-4a91-8c2e-1f6a9d3b7c40 | 1 = 1
 messages_channels         | tenant_b7f28e5a-9c14-4d6b-a2f0-5e3d8c1a6b92 | 1 = 1
 neurons_devices           | tenant_a1e4c2d0-3b5f-4a91-8c2e-1f6a9d3b7c40 | tenant_id = 'a1e4c2d0-3b5f-4a91-8c2e-1f6a9d3b7c40'
 neurons_devices           | tenant_b7f28e5a-9c14-4d6b-a2f0-5e3d8c1a6b92 | tenant_id = 'b7f28e5a-9c14-4d6b-a2f0-5e3d8c1a6b92'
 new_members_daily         | tenant_a1e4c2d0-3b5f-4a91-8c2e-1f6a9d3b7c40 | 1 = 1
 project_management        | tenant_b7f28e5a-9c14-4d6b-a2f0-5e3d8c1a6b92 | 1 = 1
 sf_population_polygons    | tenant_a1e4c2d0-3b5f-4a91-8c2e-1f6a9d3b7c40 | 1 = 1
 threads                   | tenant_b7f28e5a-9c14-4d6b-a2f0-5e3d8c1a6b92 | 1 = 1
 unicode_test              | tenant_a1e4c2d0-3b5f-4a91-8c2e-1f6a9d3b7c40 | 1 = 1
 users                     | tenant_b7f28e5a-9c14-4d6b-a2f0-5e3d8c1a6b92 | 1 = 1
 users_channels-uzooNNtSRO | tenant_a1e4c2d0-3b5f-4a91-8c2e-1f6a9d3b7c40 | 1 = 1
 video_game_sales          | tenant_a1e4c2d0-3b5f-4a91-8c2e-1f6a9d3b7c40 | tenant_id = 'a1e4c2d0-3b5f-4a91-8c2e-1f6a9d3b7c40'
 video_game_sales          | tenant_b7f28e5a-9c14-4d6b-a2f0-5e3d8c1a6b92 | tenant_id = 'b7f28e5a-9c14-4d6b-a2f0-5e3d8c1a6b92'
 wb_health_population      | tenant_b7f28e5a-9c14-4d6b-a2f0-5e3d8c1a6b92 | 1 = 1
(26 rows)

--- RLS filter count per tenant role ---
                 tenant_role                 | rls_filters 
---------------------------------------------+-------------
 tenant_a1e4c2d0-3b5f-4a91-8c2e-1f6a9d3b7c40 |          13
 tenant_b7f28e5a-9c14-4d6b-a2f0-5e3d8c1a6b92 |          13
(2 rows)

--- alembic_version vs alembic_version_ownership ---
   chain   |         version_num         
-----------+-----------------------------
 core      | 39097d124752
 ownership | 0003_ownership_foreign_keys
(2 rows)

--- cleaned_sales_data: count(*) by tenant_id (real row-level tenancy, examples_scratch DB) ---
              tenant_id               | count 
--------------------------------------+-------
 a1e4c2d0-3b5f-4a91-8c2e-1f6a9d3b7c40 |  2666
 b7f28e5a-9c14-4d6b-a2f0-5e3d8c1a6b92 |   157
(2 rows)

--- birth_names: count(*) by tenant_id ---
              tenant_id               | count 
--------------------------------------+-------
 a1e4c2d0-3b5f-4a91-8c2e-1f6a9d3b7c40 | 20170
 b7f28e5a-9c14-4d6b-a2f0-5e3d8c1a6b92 | 55521
(2 rows)

--- video_game_sales: count(*) by tenant_id ---
              tenant_id               | count 
--------------------------------------+-------
 a1e4c2d0-3b5f-4a91-8c2e-1f6a9d3b7c40 |  4363
 b7f28e5a-9c14-4d6b-a2f0-5e3d8c1a6b92 | 12232
(2 rows)

--- neurons_devices: count(*) by tenant_id ---
              tenant_id               | count 
--------------------------------------+-------
 a1e4c2d0-3b5f-4a91-8c2e-1f6a9d3b7c40 |   200
 b7f28e5a-9c14-4d6b-a2f0-5e3d8c1a6b92 |   200
(2 rows)


--- API proof: same shared chart, two tenant users, RLS-scoped row counts ---
  chart under test: id=1 (cleaned_sales_data, datasource=3)
  wrote a minimal query_context onto chart 1 (COUNT(*) over cleaned_sales_data, no groupby)
  Ada  (tenant A) (3f0a91c7-2d84-4e63-9b15-7c4e8a2f6d31): rowcount=1 data=[{'count': 2666}]
  Cleo (tenant B) (9d7e35a1-8c62-4b04-a7f1-3d5e9b2c8a76): rowcount=1 data=[{'count': 157}]
  (compare these row counts against the cleaned_sales_data tenant_id split above -- they must differ and match)

scratch stack is up: http://localhost:8097  (superset_scratch DB, store 01M2F234EV0AE8KZN18Z1SZ628)
logins: admin/admin, Ada 3f0a91c7-2d84-4e63-9b15-7c4e8a2f6d31, Cleo 9d7e35a1-8c62-4b04-a7f1-3d5e9b2c8a76 -- password test1234 for every seeded tenant user.
