############################################################
# [1/7] stock PCS source
############################################################
--pcs-image given (pcs-stock:v6.1.0.7) -- still fetching .pcs-src, needed for
the frontend rebuild stage (webpack cannot run against an image, only a tree).
  .pcs-src already at v6.1.0.7, skipping fetch (delete .pcs-src to force)

############################################################
# [2/7] sync overlay/ + MANIFEST + UPSTREAM_SHA
############################################################
  --skip-sync: using the committed overlay/ as-is (this is the client's path)

############################################################
# [3/7] drift guard (overlay vs .pcs-src, before any image is built)
############################################################
==> applying PCS-10243 ownership overlay to .pcs-src
  drift guard: clean (replaced files unchanged upstream)
==> --check-only: drift guard passed, not copying anything

############################################################
# [4-5/7] docker build (stage 1 stock lean image unless --pcs-image, stage 2 pcs-ownership:pip)
############################################################
==> step 1 skipped: using provided PCS_IMAGE=pcs-stock:v6.1.0.7
==> step 2: pcs-ownership:pip (overlay applied on top of pcs-stock:v6.1.0.7)
#0 building with "desktop-linux" instance using docker driver

#1 [internal] load build definition from Dockerfile.pcs-ownership
#1 transferring dockerfile: 8.77kB done
#1 WARN: InvalidDefaultArgInFrom: Default value for ARG ${PCS_IMAGE} results in empty or invalid base image name (line 99)
#1 DONE 0.0s

#2 [context pcs-src] load .dockerignore
#2 transferring pcs-src: 1.32kB done
#2 DONE 0.0s

#3 [internal] load metadata for docker.io/library/pcs-stock:v6.1.0.7
#3 DONE 0.0s

#4 [internal] load metadata for docker.io/library/python:3.11-slim
#4 ...

#5 [internal] load metadata for docker.io/library/node:24-trixie-slim
#5 DONE 1.4s

#4 [internal] load metadata for docker.io/library/python:3.11-slim
#4 DONE 1.4s

#6 [internal] load .dockerignore
#6 transferring context: 2B done
#6 DONE 0.0s

#7 [frontend  1/10] FROM docker.io/library/node:24-trixie-slim@sha256:6950b66b4c0cb0151ce89fa75074673850763d096b044f422c6729b588dd4956
#7 resolve docker.io/library/node:24-trixie-slim@sha256:6950b66b4c0cb0151ce89fa75074673850763d096b044f422c6729b588dd4956 done
#7 DONE 0.0s

#8 [wheel-builder 1/6] FROM docker.io/library/python:3.11-slim@sha256:9534e5a8e315485d4061ed659af0fd78a284c015f9b73661b41d6bab25604534
#8 resolve docker.io/library/python:3.11-slim@sha256:9534e5a8e315485d4061ed659af0fd78a284c015f9b73661b41d6bab25604534 0.0s done
#8 DONE 0.0s

#9 [context pcs-src] load from client
#9 transferring pcs-src: 169B done
#9 DONE 0.0s

#10 [internal] load build context
#10 transferring context: 13.64kB 0.0s done
#10 DONE 0.0s

#11 [context pcs-src] load from client
#11 ...

#12 [context pcs-src] load from client
#12 transferring pcs-src: 164B 0.1s done
#12 DONE 0.1s

#11 [context pcs-src] load from client
#11 transferring pcs-src: 115.34MB 0.8s done
#11 DONE 0.8s

#13 [final  1/11] FROM docker.io/library/pcs-stock:v6.1.0.7@sha256:aa1e46f2e294dede95c72a6748bab6d2fe0ac111c75faa61f424eae28dc677fe
#13 resolve docker.io/library/pcs-stock:v6.1.0.7@sha256:aa1e46f2e294dede95c72a6748bab6d2fe0ac111c75faa61f424eae28dc677fe
#13 resolve docker.io/library/pcs-stock:v6.1.0.7@sha256:aa1e46f2e294dede95c72a6748bab6d2fe0ac111c75faa61f424eae28dc677fe 2.1s done
#13 DONE 2.1s

#14 [frontend  9/10] COPY overlay/frontend/ /app/superset-frontend/
#14 CACHED

#15 [wheel-builder 2/6] RUN pip install --no-cache-dir "build==1.2.2" "hatchling==1.27.0"
#15 CACHED

#16 [wheel-builder 4/6] COPY packaging/superset-ownership/pyproject.toml packaging/superset-ownership/README.md ./
#16 CACHED

#17 [final 10/11] COPY --chmod=755 docker/entrypoint-ownership.sh /app/docker/entrypoint-ownership.sh
#17 CACHED

#18 [final  8/11] RUN python -m compileall -q /app/pythonpath/superset_config_ownership.py       /app/pythonpath/ivanti_pcs_example || true
#18 CACHED

#19 [frontend 10/10] RUN npm run build
#19 CACHED

#20 [final  6/11] COPY overlay/pythonpath/superset_config_ownership.py /app/pythonpath/superset_config_ownership.py
#20 CACHED

#21 [final  7/11] COPY overlay/pythonpath/ivanti_pcs_example /app/pythonpath/ivanti_pcs_example
#21 CACHED

#22 [wheel-builder 6/6] RUN find . -name __pycache__ -prune -exec rm -rf {} +  && python -m build --wheel --no-isolation --outdir /wheel  && ls -1 /wheel
#22 CACHED

#23 [final  5/11] RUN /app/.venv/bin/python -c "from superset_ownership.dashboard_patch import assert_stock_file; assert_stock_file(); print('dashboard patch pins: ok')"
#23 CACHED

#24 [frontend  8/10] COPY --from=pcs-src superset-frontend /app/superset-frontend
#24 CACHED

#25 [frontend  6/10] COPY --from=pcs-src superset-frontend/package-lock.json ./package-lock.json
#25 CACHED

#26 [frontend  5/10] COPY --from=pcs-src superset-frontend/package.json ./package.json
#26 CACHED

#27 [wheel-builder 5/6] COPY overlay/pythonpath/superset_ownership ./superset_ownership
#27 CACHED

#28 [final  4/11] RUN uv pip install --python /app/.venv/bin/python --no-deps --compile-bytecode /tmp/superset_ownership-*.whl  && rm -f /tmp/superset_ownership-*.whl
#28 CACHED

#29 [wheel-builder 3/6] WORKDIR /src
#29 CACHED

#30 [frontend  3/10] RUN mkdir -p /app/superset/static/assets /app/superset/translations
#30 CACHED

#31 [final  2/11] COPY --from=frontend /app/superset/static/assets /app/superset/static/assets
#31 CACHED

#32 [frontend  7/10] RUN --mount=type=cache,target=/root/.npm     npm ci || {       echo "WARNING: npm ci failed (lock drift in the stock PCS tree -- see README's" >&2;       echo "WARNING: 'known stock defects' section). Falling back to npm install." >&2;       npm install --no-audit --no-fund;     }
#32 CACHED

#33 [final  9/11] RUN uv pip install --python /app/.venv/bin/python psycopg2-binary==2.9.12
#33 CACHED

#34 [final  3/11] COPY --from=wheel-builder /wheel/*.whl /tmp/
#34 CACHED

#35 [frontend  4/10] WORKDIR /app/superset-frontend
#35 CACHED

#36 [frontend  2/10] RUN apt-get update && apt-get install -y --no-install-recommends       build-essential python3 zstd     && rm -rf /var/lib/apt/lists/*
#36 CACHED

#37 [final 11/11] WORKDIR /app
#37 CACHED

#38 exporting to image
#38 exporting layers 0.0s done
#38 exporting manifest sha256:2f62e3074c9ace5dd0be4fe2fc6657c8e6b630247a92707bfbfa71dc09aa2666 done
#38 exporting config sha256:50b0069b205dad84b33c751631a24e80942283ac614d895c7ca8ad71dfb1711f done
#38 exporting attestation manifest sha256:916e14d4a4ad30722dee525e4001e60d5952d975bc74c88527e67486b365407b done
#38 exporting manifest list sha256:2870ac5eb0ee5b839545d3fa5a7ab18bb2bbbd78ed167d879f7ec78cd399ca2d
#38 exporting manifest list sha256:2870ac5eb0ee5b839545d3fa5a7ab18bb2bbbd78ed167d879f7ec78cd399ca2d done
#38 naming to docker.io/library/pcs-ownership:pip done
#38 unpacking to docker.io/library/pcs-ownership:pip 0.0s done
#38 DONE 0.1s

View build details: docker-desktop://dashboard/build/desktop-linux/desktop-linux/s42xsm7g1nkjoz6cynkb1x1f8

 [33m1 warning found (use docker --debug to expand):
[0m - InvalidDefaultArgInFrom: Default value for ARG ${PCS_IMAGE} results in empty or invalid base image name (line 99)
==> step 2 done in 4s

==> build.sh summary
    PCS_IMAGE:          pcs-stock:v6.1.0.7 (326MB) -- step 1: 0s
    pcs-ownership:pip  (384MB) -- step 2: 4s

############################################################
# [6/7] verify-image.sh
############################################################
==> verifying pcs-ownership:pip
--- the backend is the wheel, and only the wheel ---
  PASS  superset-ownership wheel installed in the venv
  PASS  no stray superset_ownership on /app/pythonpath
  PASS  superset/config.py matches upstream 76151beade
  PASS  superset/dashboards/api.py matches upstream 76151beade
  PASS  superset/security/manager.py matches upstream 76151beade
  PASS  dashboard patch pins match the installed superset
--- module importable ---
  PASS  superset_ownership importable
  PASS  superset_config_ownership importable
--- CLI ---
  PASS  'superset ownership --help' works
--- bundle contains the ownership strings ---
[entrypoint-ownership] OWNERSHIP_ENABLED is not 'true' -- skipping ownership migration/check
[entrypoint-ownership] exec sh -c grep -rl "Shared with selected users or groups" /app/superset/static/assets 2>/dev/null | head -1
  PASS  bundle has 'Shared with selected users or groups' (/app/superset/static/assets/bb099c5201f64e0b0cda.chunk.js)
[entrypoint-ownership] OWNERSHIP_ENABLED is not 'true' -- skipping ownership migration/check
[entrypoint-ownership] exec sh -c grep -rl "api/v1/ownership" /app/superset/static/assets 2>/dev/null | wc -l
  PASS  bundle references api/v1/ownership (1 file(s))

==> verify-image: ALL CHECKS PASSED

############################################################
# [7/7] docker compose up + seed
############################################################
 Container pcsfga-fga-postgres-1  Running
 Container pcsfga-openfga-migrate-1  Created
 Container pcsfga-openfga-1  Running
 Container pcsfga-fga-postgres-1  Waiting
 Container pcsfga-fga-postgres-1  Healthy
 Container pcsfga-openfga-migrate-1  Starting
 Container pcsfga-openfga-migrate-1  Started
 Container pcsfga-openfga-migrate-1  Waiting
 Container pcsfga-openfga-migrate-1  Exited
openfga: up (http://localhost:8199, network pcsfga, 0 store(s))
 Container pcssetup-redis-1  Running
 Container pcssetup-postgres-1  Recreate
 Container pcssetup-postgres-1  Recreated
 Container pcssetup-postgres-1  Starting
 Container pcssetup-postgres-1  Started
waiting for openfga (host port 8199; the image is distroless -- no in-container healthcheck)...
running seed job (creates the demo store + model + tenant vocabulary)
 Container pcssetup-postgres-1  Running
==> waiting for http://openfga:8080
==> creating demo OpenFGA store
    store: 01M2F1YX7HXW7QGTJ6BJHYHTRZ
==> installing the ownership model (pinned)
Loaded your LOCAL configuration at [/app/pythonpath/superset_config_docker.py] (md5:13533f2cc1e9)
2026-09-14 04:14:19,602:WARNING:superset.initialization:--------------------------------------------------------------------------------
                                    WARNING
--------------------------------------------------------------------------------
2026-09-14 04:14:19,602:WARNING:superset.initialization:SQLALCHEMY_ENCRYPTED_FIELD_ENGINE is set to the legacy 'aes' engine (AES-CBC, unauthenticated). App-encrypted fields — database passwords, SSH tunnel credentials, OAuth2 tokens, and similar — would benefit from the authenticated 'aes-gcm' engine instead.
Switching engines on a populated database requires re-encrypting existing values first, since the two ciphertext formats are not interchangeable:
  1. Back up the metadata database.
  2. superset re-encrypt-secrets --engine aes-gcm
  3. Set SQLALCHEMY_ENCRYPTED_FIELD_ENGINE = 'aes-gcm' in superset_config.py.
  4. Restart Superset, then re-run the command above once more to sweep up any values written during the cutover.
See UPDATING.md and docs/sip/authenticated-encryption-at-rest.md for the full runbook.
2026-09-14 04:14:19,602:WARNING:superset.initialization:--------------------------------------------------------------------------------
--------------------------------------------------------------------------------
2026-09-14 04:14:19,624:INFO:superset.initialization:Registering blueprint: superset_ownership
2026-09-14 04:14:19,634:WARNING:py.warnings:/app/.venv/lib/python3.11/site-packages/flask_limiter/extension.py:324: UserWarning: Using the in-memory storage for tracking rate limits as no storage was explicitly specified. This is not recommended for production use. See: https://flask-limiter.readthedocs.io#configuring-a-storage-backend for documentation about configuring the storage backend.
  warnings.warn(

2026-09-14 04:14:19,916:INFO:superset.subjects.hooks:Subject sync hooks registered
2026-09-14 04:14:19,917:INFO:superset_ownership.flags:superset_ownership: OWNERSHIP_ENABLED=True FEATURE_FLAGS['OBJECT_OWNERSHIP']=True (one switch; the flag is derived from the setting)
2026-09-14 04:14:19,918:INFO:superset_ownership.plugins:ownership: authorizer = superset_ownership.authz:OpenFGAAuthorizer (protocol v1, from config)
2026-09-14 04:14:19,918:INFO:superset_ownership.plugins:ownership: directory = superset_ownership.directory:OpenFGADirectory (protocol v1, from config)
2026-09-14 04:14:19,918:INFO:superset_ownership.plugins:ownership: identity = superset_ownership.identity:DefaultIdentity (protocol v1, from default)
2026-09-14 04:14:19,918:INFO:superset_ownership.plugins:ownership: fga = http://openfga:8080 store=01M2F1YX7HXW7QGTJ6BJHYHTRZ model=(unpinned)
2026-09-14 04:14:19,923:INFO:alembic.runtime.migration:Context impl PostgresqlImpl.
2026-09-14 04:14:19,923:INFO:alembic.runtime.migration:Will assume transactional DDL.
2026-09-14 04:14:19,925:INFO:alembic.runtime.migration:Running upgrade  -> 0001_object_ownership, object_ownership: root revision of the ownership module's isolated chain.
2026-09-14 04:14:19,935:INFO:alembic.runtime.migration:Running upgrade 0001_object_ownership -> 0002_ownership_outbox, ownership_outbox: transactional outbox for authorization-store writes.
2026-09-14 04:14:19,939:INFO:alembic.runtime.migration:Running upgrade 0002_ownership_outbox -> 0003_ownership_foreign_keys, ownership_foreign_keys: the owner and share foreign keys (spec §4.1/§4.3).
2026-09-14 04:14:19,942:INFO:alembic.env:Creating foreign key [32mfk_ownership_object_owner_user_id_ab_user[0m on table [32mownership_object[0m...
2026-09-14 04:14:19,942:INFO:superset_ownership.constraints:superset_ownership: 0 ownership row(s) named a user that no longer exists; owner set to NULL (unowned) and fk_ownership_object_owner_user_id_ab_user added
2026-09-14 04:14:19,942:INFO:superset_ownership.constraints:superset_ownership: fk_ownership_object_owner_user_id_ab_user created
2026-09-14 04:14:19,944:INFO:alembic.env:Creating foreign key [32mfk_ownership_share_object_ownership_object[0m on table [32mownership_share[0m...
2026-09-14 04:14:19,944:INFO:superset_ownership.constraints:superset_ownership: 0 share row(s) had no ownership row behind them; removed and fk_ownership_share_object_ownership_object added
2026-09-14 04:14:19,944:INFO:superset_ownership.constraints:superset_ownership: fk_ownership_share_object_ownership_object created
2026-09-14 04:14:19,945:INFO:superset_ownership.migrate:superset_ownership: chain upgraded to head
2026-09-14 04:14:19,949:INFO:alembic.runtime.migration:Context impl PostgresqlImpl.
2026-09-14 04:14:19,949:INFO:alembic.runtime.migration:Will assume transactional DDL.
2026-09-14 04:14:19,955:INFO:alembic.runtime.migration:Context impl PostgresqlImpl.
2026-09-14 04:14:19,955:INFO:alembic.runtime.migration:Will assume transactional DDL.
2026-09-14 04:14:19,962:INFO:alembic.runtime.migration:Context impl PostgresqlImpl.
2026-09-14 04:14:19,962:INFO:alembic.runtime.migration:Will assume transactional DDL.
2026-09-14 04:14:19,969:INFO:alembic.runtime.migration:Context impl PostgresqlImpl.
2026-09-14 04:14:19,969:INFO:alembic.runtime.migration:Will assume transactional DDL.
2026-09-14 04:14:19,970:INFO:superset_ownership.db:superset_ownership: schema at 0003_ownership_foreign_keys
2026-09-14 04:14:19,970:WARNING:superset_ownership.outbox:superset_ownership: the outbox is ENABLED but no Celery beat entry runs superset_ownership.outbox.drain. Sharing changes will queue and never reach the authorization store unless `superset ownership outbox drain` is run by something.
2026-09-14 04:14:19,971:INFO:superset_ownership.guard:superset_ownership: viewers guard installed
2026-09-14 04:14:19,972:INFO:superset_ownership.cli:superset_ownership: CLI registered (superset ownership --help)
2026-09-14 04:14:20,052:INFO:superset_ownership.dashboard_patch:superset_ownership: dashboard-chart access marker installed
2026-09-14 04:14:20,057:ERROR:flask_appbuilder.security.sqla.manager:Error in pre-commit signal handler: (psycopg2.errors.UndefinedTable) relation "subjects" does not exist
LINE 2: FROM subjects LEFT OUTER JOIN ab_user AS ab_user_1 ON ab_use...
             ^

[SQL: SELECT subjects.id AS subjects_id, subjects.uuid AS subjects_uuid, subjects.label AS subjects_label, subjects.secondary_label AS subjects_secondary_label, subjects.active AS subjects_active, subjects.extra_search AS subjects_extra_search, subjects.type AS subjects_type, subjects.user_id AS subjects_user_id, subjects.role_id AS subjects_role_id, subjects.group_id AS subjects_group_id, subjects.created_on AS subjects_created_on, subjects.changed_on AS subjects_changed_on, subjects.created_by_fk AS subjects_created_by_fk, subjects.changed_by_fk AS subjects_changed_by_fk, ab_user_1.id AS ab_user_1_id, ab_user_1.first_name AS ab_user_1_first_name, ab_user_1.last_name AS ab_user_1_last_name, ab_user_1.username AS ab_user_1_username, ab_user_1.password AS ab_user_1_password, ab_user_1.active AS ab_user_1_active, ab_user_1.email AS ab_user_1_email, ab_user_1.last_login AS ab_user_1_last_login, ab_user_1.login_count AS ab_user_1_login_count, ab_user_1.fail_login_count AS ab_user_1_fail_login_count, ab_user_1.created_on AS ab_user_1_created_on, ab_user_1.changed_on AS ab_user_1_changed_on, ab_user_1.created_by_fk AS ab_user_1_created_by_fk, ab_user_1.changed_by_fk AS ab_user_1_changed_by_fk, ab_role_1.id AS ab_role_1_id, ab_role_1.name AS ab_role_1_name, ab_group_1.id AS ab_group_1_id, ab_group_1.name AS ab_group_1_name, ab_group_1.label AS ab_group_1_label, ab_group_1.description AS ab_group_1_description 
FROM subjects LEFT OUTER JOIN ab_user AS ab_user_1 ON ab_user_1.id = subjects.user_id LEFT OUTER JOIN ab_role AS ab_role_1 ON ab_role_1.id = subjects.role_id LEFT OUTER JOIN ab_group AS ab_group_1 ON ab_group_1.id = subjects.group_id 
WHERE subjects.role_id = %(role_id_1)s]
[parameters: {'role_id_1': 3}]
(Background on this error at: https://sqlalche.me/e/20/f405)
2026-09-14 04:14:20,057:ERROR:flask_appbuilder.security.sqla.manager:Add Role: (psycopg2.errors.UndefinedTable) relation "subjects" does not exist
LINE 2: FROM subjects LEFT OUTER JOIN ab_user AS ab_user_1 ON ab_use...
             ^

[SQL: SELECT subjects.id AS subjects_id, subjects.uuid AS subjects_uuid, subjects.label AS subjects_label, subjects.secondary_label AS subjects_secondary_label, subjects.active AS subjects_active, subjects.extra_search AS subjects_extra_search, subjects.type AS subjects_type, subjects.user_id AS subjects_user_id, subjects.role_id AS subjects_role_id, subjects.group_id AS subjects_group_id, subjects.created_on AS subjects_created_on, subjects.changed_on AS subjects_changed_on, subjects.created_by_fk AS subjects_created_by_fk, subjects.changed_by_fk AS subjects_changed_by_fk, ab_user_1.id AS ab_user_1_id, ab_user_1.first_name AS ab_user_1_first_name, ab_user_1.last_name AS ab_user_1_last_name, ab_user_1.username AS ab_user_1_username, ab_user_1.password AS ab_user_1_password, ab_user_1.active AS ab_user_1_active, ab_user_1.email AS ab_user_1_email, ab_user_1.last_login AS ab_user_1_last_login, ab_user_1.login_count AS ab_user_1_login_count, ab_user_1.fail_login_count AS ab_user_1_fail_login_count, ab_user_1.created_on AS ab_user_1_created_on, ab_user_1.changed_on AS ab_user_1_changed_on, ab_user_1.created_by_fk AS ab_user_1_created_by_fk, ab_user_1.changed_by_fk AS ab_user_1_changed_by_fk, ab_role_1.id AS ab_role_1_id, ab_role_1.name AS ab_role_1_name, ab_group_1.id AS ab_group_1_id, ab_group_1.name AS ab_group_1_name, ab_group_1.label AS ab_group_1_label, ab_group_1.description AS ab_group_1_description 
FROM subjects LEFT OUTER JOIN ab_user AS ab_user_1 ON ab_user_1.id = subjects.user_id LEFT OUTER JOIN ab_role AS ab_role_1 ON ab_role_1.id = subjects.role_id LEFT OUTER JOIN ab_group AS ab_group_1 ON ab_group_1.id = subjects.group_id 
WHERE subjects.role_id = %(role_id_1)s]
[parameters: {'role_id_1': 3}]
(Background on this error at: https://sqlalche.me/e/20/f405)
2026-09-14 04:14:20,057:INFO:superset_ownership.sentinel:superset_ownership: created sentinel role __ownership_sentinel__
2026-09-14 04:14:20,059:ERROR:superset_ownership.lifecycle:superset_ownership: startup consistency check failed
Traceback (most recent call last):
  File "/app/.venv/lib/python3.11/site-packages/sqlalchemy/engine/base.py", line 1969, in _exec_single_context
    self.dialect.do_execute(
  File "/app/.venv/lib/python3.11/site-packages/sqlalchemy/engine/default.py", line 952, in do_execute
    cursor.execute(statement, parameters)
psycopg2.errors.UndefinedTable: relation "subjects" does not exist
LINE 2: FROM subjects LEFT OUTER JOIN ab_user AS ab_user_1 ON ab_use...
             ^


The above exception was the direct cause of the following exception:

Traceback (most recent call last):
  File "/app/.venv/lib/python3.11/site-packages/superset_ownership/lifecycle.py", line 962, in startup_check
    report = check_consistency()
             ^^^^^^^^^^^^^^^^^^^
  File "/app/.venv/lib/python3.11/site-packages/superset_ownership/lifecycle.py", line 730, in check_consistency
    subject = sentinel.get_sentinel_subject()
              ^^^^^^^^^^^^^^^^^^^^^^^^^^^^^^^
  File "/app/.venv/lib/python3.11/site-packages/superset_ownership/sentinel.py", line 54, in get_sentinel_subject
    return get_or_create_role_subject(role.id)
           ^^^^^^^^^^^^^^^^^^^^^^^^^^^^^^^^^^^
  File "/app/superset/subjects/utils.py", line 284, in get_or_create_role_subject
    if subject := get_role_subject(role_id):
                  ^^^^^^^^^^^^^^^^^^^^^^^^^
  File "/app/superset/subjects/utils.py", line 272, in get_role_subject
    .first()
     ^^^^^^^
  File "/app/.venv/lib/python3.11/site-packages/sqlalchemy/orm/query.py", line 2766, in first
    return self.limit(1)._iter().first()  # type: ignore
           ^^^^^^^^^^^^^^^^^^^^^
  File "/app/.venv/lib/python3.11/site-packages/sqlalchemy/orm/query.py", line 2864, in _iter
    result: Union[ScalarResult[_T], Result[_T]] = self.session.execute(
                                                  ^^^^^^^^^^^^^^^^^^^^^
  File "/app/.venv/lib/python3.11/site-packages/sqlalchemy/orm/session.py", line 2373, in execute
    return self._execute_internal(
           ^^^^^^^^^^^^^^^^^^^^^^^
  File "/app/.venv/lib/python3.11/site-packages/sqlalchemy/orm/session.py", line 2271, in _execute_internal
    result: Result[Any] = compile_state_cls.orm_execute_statement(
                          ^^^^^^^^^^^^^^^^^^^^^^^^^^^^^^^^^^^^^^^^
  File "/app/.venv/lib/python3.11/site-packages/sqlalchemy/orm/context.py", line 306, in orm_execute_statement
    result = conn.execute(
             ^^^^^^^^^^^^^
  File "/app/.venv/lib/python3.11/site-packages/sqlalchemy/engine/base.py", line 1421, in execute
    return meth(
           ^^^^^
  File "/app/.venv/lib/python3.11/site-packages/sqlalchemy/sql/elements.py", line 526, in _execute_on_connection
    return connection._execute_clauseelement(
           ^^^^^^^^^^^^^^^^^^^^^^^^^^^^^^^^^^
  File "/app/.venv/lib/python3.11/site-packages/sqlalchemy/engine/base.py", line 1643, in _execute_clauseelement
    ret = self._execute_context(
          ^^^^^^^^^^^^^^^^^^^^^^
  File "/app/.venv/lib/python3.11/site-packages/sqlalchemy/engine/base.py", line 1848, in _execute_context
    return self._exec_single_context(
           ^^^^^^^^^^^^^^^^^^^^^^^^^^
  File "/app/.venv/lib/python3.11/site-packages/sqlalchemy/engine/base.py", line 1988, in _exec_single_context
    self._handle_dbapi_exception(
  File "/app/.venv/lib/python3.11/site-packages/sqlalchemy/engine/base.py", line 2365, in _handle_dbapi_exception
    raise sqlalchemy_exception.with_traceback(exc_info[2]) from e
  File "/app/.venv/lib/python3.11/site-packages/sqlalchemy/engine/base.py", line 1969, in _exec_single_context
    self.dialect.do_execute(
  File "/app/.venv/lib/python3.11/site-packages/sqlalchemy/engine/default.py", line 952, in do_execute
    cursor.execute(statement, parameters)
sqlalchemy.exc.ProgrammingError: (psycopg2.errors.UndefinedTable) relation "subjects" does not exist
LINE 2: FROM subjects LEFT OUTER JOIN ab_user AS ab_user_1 ON ab_use...
             ^

[SQL: SELECT subjects.id AS subjects_id, subjects.uuid AS subjects_uuid, subjects.label AS subjects_label, subjects.secondary_label AS subjects_secondary_label, subjects.active AS subjects_active, subjects.extra_search AS subjects_extra_search, subjects.type AS subjects_type, subjects.user_id AS subjects_user_id, subjects.role_id AS subjects_role_id, subjects.group_id AS subjects_group_id, subjects.created_on AS subjects_created_on, subjects.changed_on AS subjects_changed_on, subjects.created_by_fk AS subjects_created_by_fk, subjects.changed_by_fk AS subjects_changed_by_fk, ab_user_1.id AS ab_user_1_id, ab_user_1.first_name AS ab_user_1_first_name, ab_user_1.last_name AS ab_user_1_last_name, ab_user_1.username AS ab_user_1_username, ab_user_1.password AS ab_user_1_password, ab_user_1.active AS ab_user_1_active, ab_user_1.email AS ab_user_1_email, ab_user_1.last_login AS ab_user_1_last_login, ab_user_1.login_count AS ab_user_1_login_count, ab_user_1.fail_login_count AS ab_user_1_fail_login_count, ab_user_1.created_on AS ab_user_1_created_on, ab_user_1.changed_on AS ab_user_1_changed_on, ab_user_1.created_by_fk AS ab_user_1_created_by_fk, ab_user_1.changed_by_fk AS ab_user_1_changed_by_fk, ab_role_1.id AS ab_role_1_id, ab_role_1.name AS ab_role_1_name, ab_group_1.id AS ab_group_1_id, ab_group_1.name AS ab_group_1_name, ab_group_1.label AS ab_group_1_label, ab_group_1.description AS ab_group_1_description 
FROM subjects LEFT OUTER JOIN ab_user AS ab_user_1 ON ab_user_1.id = subjects.user_id LEFT OUTER JOIN ab_role AS ab_role_1 ON ab_role_1.id = subjects.role_id LEFT OUTER JOIN ab_group AS ab_group_1 ON ab_group_1.id = subjects.group_id 
WHERE subjects.role_id = %(role_id_1)s AND subjects.type = %(type_1)s 
 LIMIT %(param_1)s]
[parameters: {'role_id_1': 3, 'type_1': <SubjectType.ROLE: 2>, 'param_1': 1}]
(Background on this error at: https://sqlalche.me/e/20/f405)
2026-09-14 04:14:20,062:INFO:alembic.runtime.migration:Context impl PostgresqlImpl.
2026-09-14 04:14:20,062:INFO:alembic.runtime.migration:Will assume transactional DDL.
2026-09-14 04:14:20,238:INFO:superset.app:Pending database migrations: run 'superset db upgrade'
2026-09-14 04:14:20,437:INFO:superset.core.mcp.core_mcp_injection:fastmcp is not installed, skipping MCP initialization. Install it with: pip install 'apache-superset[fastmcp]'
{
  "installed": true,
  "model_id": "01M2F1Z0RT7PGRH9T4FC9MDVAF",
  "store": "01M2F1YX7HXW7QGTJ6BJHYHTRZ"
}
OWNERSHIP_FGA_MODEL = "01M2F1Z0RT7PGRH9T4FC9MDVAF"
env: OWNERSHIP_FGA_MODEL=01M2F1Z0RT7PGRH9T4FC9MDVAF
    model: 01M2F1Z0RT7PGRH9T4FC9MDVAF
==> writing tenant vocabulary: 2 tenants, 4 users, 2 groups
    tenant A (0a92c264-2c1d-4b1c-b7e1-072d99726c64): alice=67bbd96d-955d-445e-9a17-c48724d268e3 (admin), bob=6e550f85-8a38-411a-9d68-99a4bc7de046 (editors_0a92c264-2c1d-4b1c-b7e1-072d99726c64)
    tenant B (ef538b7e-b953-458f-a4c0-cfba19450433): carol=a02d52f3-88da-452f-b80d-58c44d63fada (admin), dave=0fbce894-82d8-4f3f-9711-3c1bcee07214 (editors_ef538b7e-b953-458f-a4c0-cfba19450433)
==> wrote /seed-out/seed.env:
OPENFGA_STORE_ID=01M2F1YX7HXW7QGTJ6BJHYHTRZ
OPENFGA_MODEL_ID=01M2F1Z0RT7PGRH9T4FC9MDVAF
DEMO_TENANT_A=0a92c264-2c1d-4b1c-b7e1-072d99726c64
DEMO_TENANT_B=ef538b7e-b953-458f-a4c0-cfba19450433
DEMO_ALICE=67bbd96d-955d-445e-9a17-c48724d268e3
DEMO_BOB=6e550f85-8a38-411a-9d68-99a4bc7de046
DEMO_CAROL=a02d52f3-88da-452f-b80d-58c44d63fada
DEMO_DAVE=0fbce894-82d8-4f3f-9711-3c1bcee07214
running init job (db upgrade, admin user, ownership migration)
 Container pcssetup-postgres-1  Running
[entrypoint-ownership] stock init: superset db upgrade
Loaded your LOCAL configuration at [/app/pythonpath/superset_config_docker.py] (md5:13533f2cc1e9)
2026-09-14 04:14:24,741:WARNING:superset.initialization:--------------------------------------------------------------------------------
                                    WARNING
--------------------------------------------------------------------------------
2026-09-14 04:14:24,741:WARNING:superset.initialization:SQLALCHEMY_ENCRYPTED_FIELD_ENGINE is set to the legacy 'aes' engine (AES-CBC, unauthenticated). App-encrypted fields — database passwords, SSH tunnel credentials, OAuth2 tokens, and similar — would benefit from the authenticated 'aes-gcm' engine instead.
Switching engines on a populated database requires re-encrypting existing values first, since the two ciphertext formats are not interchangeable:
  1. Back up the metadata database.
  2. superset re-encrypt-secrets --engine aes-gcm
  3. Set SQLALCHEMY_ENCRYPTED_FIELD_ENGINE = 'aes-gcm' in superset_config.py.
  4. Restart Superset, then re-run the command above once more to sweep up any values written during the cutover.
See UPDATING.md and docs/sip/authenticated-encryption-at-rest.md for the full runbook.
2026-09-14 04:14:24,741:WARNING:superset.initialization:--------------------------------------------------------------------------------
--------------------------------------------------------------------------------
2026-09-14 04:14:24,758:INFO:superset.initialization:Registering blueprint: superset_ownership
2026-09-14 04:14:24,769:WARNING:py.warnings:/app/.venv/lib/python3.11/site-packages/flask_limiter/extension.py:324: UserWarning: Using the in-memory storage for tracking rate limits as no storage was explicitly specified. This is not recommended for production use. See: https://flask-limiter.readthedocs.io#configuring-a-storage-backend for documentation about configuring the storage backend.
  warnings.warn(

2026-09-14 04:14:25,038:INFO:superset.subjects.hooks:Subject sync hooks registered
2026-09-14 04:14:25,039:INFO:superset_ownership.flags:superset_ownership: OWNERSHIP_ENABLED=True FEATURE_FLAGS['OBJECT_OWNERSHIP']=True (one switch; the flag is derived from the setting)
2026-09-14 04:14:25,040:INFO:superset_ownership.plugins:ownership: authorizer = superset_ownership.authz:OpenFGAAuthorizer (protocol v1, from config)
2026-09-14 04:14:25,040:INFO:superset_ownership.plugins:ownership: directory = superset_ownership.directory:OpenFGADirectory (protocol v1, from config)
2026-09-14 04:14:25,040:INFO:superset_ownership.plugins:ownership: identity = superset_ownership.identity:DefaultIdentity (protocol v1, from default)
2026-09-14 04:14:25,040:INFO:superset_ownership.plugins:ownership: fga = http://openfga:8080 store=01M2F1YX7HXW7QGTJ6BJHYHTRZ model=01M2F1Z0RT7PGRH9T4FC9MDVAF
2026-09-14 04:14:25,045:INFO:alembic.runtime.migration:Context impl PostgresqlImpl.
2026-09-14 04:14:25,045:INFO:alembic.runtime.migration:Will assume transactional DDL.
2026-09-14 04:14:25,048:INFO:superset_ownership.migrate:superset_ownership: chain upgraded to head
2026-09-14 04:14:25,051:INFO:alembic.runtime.migration:Context impl PostgresqlImpl.
2026-09-14 04:14:25,052:INFO:alembic.runtime.migration:Will assume transactional DDL.
2026-09-14 04:14:25,057:INFO:alembic.runtime.migration:Context impl PostgresqlImpl.
2026-09-14 04:14:25,057:INFO:alembic.runtime.migration:Will assume transactional DDL.
2026-09-14 04:14:25,064:INFO:alembic.runtime.migration:Context impl PostgresqlImpl.
2026-09-14 04:14:25,065:INFO:alembic.runtime.migration:Will assume transactional DDL.
2026-09-14 04:14:25,072:INFO:alembic.runtime.migration:Context impl PostgresqlImpl.
2026-09-14 04:14:25,072:INFO:alembic.runtime.migration:Will assume transactional DDL.
2026-09-14 04:14:25,073:INFO:superset_ownership.db:superset_ownership: schema at 0003_ownership_foreign_keys
2026-09-14 04:14:25,073:WARNING:superset_ownership.outbox:superset_ownership: the outbox is ENABLED but no Celery beat entry runs superset_ownership.outbox.drain. Sharing changes will queue and never reach the authorization store unless `superset ownership outbox drain` is run by something.
2026-09-14 04:14:25,073:INFO:superset_ownership.guard:superset_ownership: viewers guard installed
2026-09-14 04:14:25,075:INFO:superset_ownership.cli:superset_ownership: CLI registered (superset ownership --help)
2026-09-14 04:14:25,166:INFO:superset_ownership.dashboard_patch:superset_ownership: dashboard-chart access marker installed
2026-09-14 04:14:25,186:ERROR:flask_appbuilder.security.sqla.manager:Error in pre-commit signal handler: (psycopg2.errors.UndefinedTable) relation "subjects" does not exist
LINE 2: FROM subjects LEFT OUTER JOIN ab_user AS ab_user_1 ON ab_use...
             ^

[SQL: SELECT subjects.id AS subjects_id, subjects.uuid AS subjects_uuid, subjects.label AS subjects_label, subjects.secondary_label AS subjects_secondary_label, subjects.active AS subjects_active, subjects.extra_search AS subjects_extra_search, subjects.type AS subjects_type, subjects.user_id AS subjects_user_id, subjects.role_id AS subjects_role_id, subjects.group_id AS subjects_group_id, subjects.created_on AS subjects_created_on, subjects.changed_on AS subjects_changed_on, subjects.created_by_fk AS subjects_created_by_fk, subjects.changed_by_fk AS subjects_changed_by_fk, ab_user_1.id AS ab_user_1_id, ab_user_1.first_name AS ab_user_1_first_name, ab_user_1.last_name AS ab_user_1_last_name, ab_user_1.username AS ab_user_1_username, ab_user_1.password AS ab_user_1_password, ab_user_1.active AS ab_user_1_active, ab_user_1.email AS ab_user_1_email, ab_user_1.last_login AS ab_user_1_last_login, ab_user_1.login_count AS ab_user_1_login_count, ab_user_1.fail_login_count AS ab_user_1_fail_login_count, ab_user_1.created_on AS ab_user_1_created_on, ab_user_1.changed_on AS ab_user_1_changed_on, ab_user_1.created_by_fk AS ab_user_1_created_by_fk, ab_user_1.changed_by_fk AS ab_user_1_changed_by_fk, ab_role_1.id AS ab_role_1_id, ab_role_1.name AS ab_role_1_name, ab_group_1.id AS ab_group_1_id, ab_group_1.name AS ab_group_1_name, ab_group_1.label AS ab_group_1_label, ab_group_1.description AS ab_group_1_description 
FROM subjects LEFT OUTER JOIN ab_user AS ab_user_1 ON ab_user_1.id = subjects.user_id LEFT OUTER JOIN ab_role AS ab_role_1 ON ab_role_1.id = subjects.role_id LEFT OUTER JOIN ab_group AS ab_group_1 ON ab_group_1.id = subjects.group_id 
WHERE subjects.role_id = %(role_id_1)s]
[parameters: {'role_id_1': 4}]
(Background on this error at: https://sqlalche.me/e/20/f405)
2026-09-14 04:14:25,187:ERROR:flask_appbuilder.security.sqla.manager:Add Role: (psycopg2.errors.UndefinedTable) relation "subjects" does not exist
LINE 2: FROM subjects LEFT OUTER JOIN ab_user AS ab_user_1 ON ab_use...
             ^

[SQL: SELECT subjects.id AS subjects_id, subjects.uuid AS subjects_uuid, subjects.label AS subjects_label, subjects.secondary_label AS subjects_secondary_label, subjects.active AS subjects_active, subjects.extra_search AS subjects_extra_search, subjects.type AS subjects_type, subjects.user_id AS subjects_user_id, subjects.role_id AS subjects_role_id, subjects.group_id AS subjects_group_id, subjects.created_on AS subjects_created_on, subjects.changed_on AS subjects_changed_on, subjects.created_by_fk AS subjects_created_by_fk, subjects.changed_by_fk AS subjects_changed_by_fk, ab_user_1.id AS ab_user_1_id, ab_user_1.first_name AS ab_user_1_first_name, ab_user_1.last_name AS ab_user_1_last_name, ab_user_1.username AS ab_user_1_username, ab_user_1.password AS ab_user_1_password, ab_user_1.active AS ab_user_1_active, ab_user_1.email AS ab_user_1_email, ab_user_1.last_login AS ab_user_1_last_login, ab_user_1.login_count AS ab_user_1_login_count, ab_user_1.fail_login_count AS ab_user_1_fail_login_count, ab_user_1.created_on AS ab_user_1_created_on, ab_user_1.changed_on AS ab_user_1_changed_on, ab_user_1.created_by_fk AS ab_user_1_created_by_fk, ab_user_1.changed_by_fk AS ab_user_1_changed_by_fk, ab_role_1.id AS ab_role_1_id, ab_role_1.name AS ab_role_1_name, ab_group_1.id AS ab_group_1_id, ab_group_1.name AS ab_group_1_name, ab_group_1.label AS ab_group_1_label, ab_group_1.description AS ab_group_1_description 
FROM subjects LEFT OUTER JOIN ab_user AS ab_user_1 ON ab_user_1.id = subjects.user_id LEFT OUTER JOIN ab_role AS ab_role_1 ON ab_role_1.id = subjects.role_id LEFT OUTER JOIN ab_group AS ab_group_1 ON ab_group_1.id = subjects.group_id 
WHERE subjects.role_id = %(role_id_1)s]
[parameters: {'role_id_1': 4}]
(Background on this error at: https://sqlalche.me/e/20/f405)
2026-09-14 04:14:25,188:INFO:superset_ownership.sentinel:superset_ownership: created sentinel role __ownership_sentinel__
2026-09-14 04:14:25,195:ERROR:superset_ownership.lifecycle:superset_ownership: startup consistency check failed
Traceback (most recent call last):
  File "/app/.venv/lib/python3.11/site-packages/sqlalchemy/engine/base.py", line 1969, in _exec_single_context
    self.dialect.do_execute(
  File "/app/.venv/lib/python3.11/site-packages/sqlalchemy/engine/default.py", line 952, in do_execute
    cursor.execute(statement, parameters)
psycopg2.errors.UndefinedTable: relation "subjects" does not exist
LINE 2: FROM subjects LEFT OUTER JOIN ab_user AS ab_user_1 ON ab_use...
             ^


The above exception was the direct cause of the following exception:

Traceback (most recent call last):
  File "/app/.venv/lib/python3.11/site-packages/superset_ownership/lifecycle.py", line 962, in startup_check
    report = check_consistency()
             ^^^^^^^^^^^^^^^^^^^
  File "/app/.venv/lib/python3.11/site-packages/superset_ownership/lifecycle.py", line 730, in check_consistency
    subject = sentinel.get_sentinel_subject()
              ^^^^^^^^^^^^^^^^^^^^^^^^^^^^^^^
  File "/app/.venv/lib/python3.11/site-packages/superset_ownership/sentinel.py", line 54, in get_sentinel_subject
    return get_or_create_role_subject(role.id)
           ^^^^^^^^^^^^^^^^^^^^^^^^^^^^^^^^^^^
  File "/app/superset/subjects/utils.py", line 284, in get_or_create_role_subject
    if subject := get_role_subject(role_id):
                  ^^^^^^^^^^^^^^^^^^^^^^^^^
  File "/app/superset/subjects/utils.py", line 272, in get_role_subject
    .first()
     ^^^^^^^
  File "/app/.venv/lib/python3.11/site-packages/sqlalchemy/orm/query.py", line 2766, in first
    return self.limit(1)._iter().first()  # type: ignore
           ^^^^^^^^^^^^^^^^^^^^^
  File "/app/.venv/lib/python3.11/site-packages/sqlalchemy/orm/query.py", line 2864, in _iter
    result: Union[ScalarResult[_T], Result[_T]] = self.session.execute(
                                                  ^^^^^^^^^^^^^^^^^^^^^
  File "/app/.venv/lib/python3.11/site-packages/sqlalchemy/orm/session.py", line 2373, in execute
    return self._execute_internal(
           ^^^^^^^^^^^^^^^^^^^^^^^
  File "/app/.venv/lib/python3.11/site-packages/sqlalchemy/orm/session.py", line 2271, in _execute_internal
    result: Result[Any] = compile_state_cls.orm_execute_statement(
                          ^^^^^^^^^^^^^^^^^^^^^^^^^^^^^^^^^^^^^^^^
  File "/app/.venv/lib/python3.11/site-packages/sqlalchemy/orm/context.py", line 306, in orm_execute_statement
    result = conn.execute(
             ^^^^^^^^^^^^^
  File "/app/.venv/lib/python3.11/site-packages/sqlalchemy/engine/base.py", line 1421, in execute
    return meth(
           ^^^^^
  File "/app/.venv/lib/python3.11/site-packages/sqlalchemy/sql/elements.py", line 526, in _execute_on_connection
    return connection._execute_clauseelement(
           ^^^^^^^^^^^^^^^^^^^^^^^^^^^^^^^^^^
  File "/app/.venv/lib/python3.11/site-packages/sqlalchemy/engine/base.py", line 1643, in _execute_clauseelement
    ret = self._execute_context(
          ^^^^^^^^^^^^^^^^^^^^^^
  File "/app/.venv/lib/python3.11/site-packages/sqlalchemy/engine/base.py", line 1848, in _execute_context
    return self._exec_single_context(
           ^^^^^^^^^^^^^^^^^^^^^^^^^^
  File "/app/.venv/lib/python3.11/site-packages/sqlalchemy/engine/base.py", line 1988, in _exec_single_context
    self._handle_dbapi_exception(
  File "/app/.venv/lib/python3.11/site-packages/sqlalchemy/engine/base.py", line 2365, in _handle_dbapi_exception
    raise sqlalchemy_exception.with_traceback(exc_info[2]) from e
  File "/app/.venv/lib/python3.11/site-packages/sqlalchemy/engine/base.py", line 1969, in _exec_single_context
    self.dialect.do_execute(
  File "/app/.venv/lib/python3.11/site-packages/sqlalchemy/engine/default.py", line 952, in do_execute
    cursor.execute(statement, parameters)
sqlalchemy.exc.ProgrammingError: (psycopg2.errors.UndefinedTable) relation "subjects" does not exist
LINE 2: FROM subjects LEFT OUTER JOIN ab_user AS ab_user_1 ON ab_use...
             ^

[SQL: SELECT subjects.id AS subjects_id, subjects.uuid AS subjects_uuid, subjects.label AS subjects_label, subjects.secondary_label AS subjects_secondary_label, subjects.active AS subjects_active, subjects.extra_search AS subjects_extra_search, subjects.type AS subjects_type, subjects.user_id AS subjects_user_id, subjects.role_id AS subjects_role_id, subjects.group_id AS subjects_group_id, subjects.created_on AS subjects_created_on, subjects.changed_on AS subjects_changed_on, subjects.created_by_fk AS subjects_created_by_fk, subjects.changed_by_fk AS subjects_changed_by_fk, ab_user_1.id AS ab_user_1_id, ab_user_1.first_name AS ab_user_1_first_name, ab_user_1.last_name AS ab_user_1_last_name, ab_user_1.username AS ab_user_1_username, ab_user_1.password AS ab_user_1_password, ab_user_1.active AS ab_user_1_active, ab_user_1.email AS ab_user_1_email, ab_user_1.last_login AS ab_user_1_last_login, ab_user_1.login_count AS ab_user_1_login_count, ab_user_1.fail_login_count AS ab_user_1_fail_login_count, ab_user_1.created_on AS ab_user_1_created_on, ab_user_1.changed_on AS ab_user_1_changed_on, ab_user_1.created_by_fk AS ab_user_1_created_by_fk, ab_user_1.changed_by_fk AS ab_user_1_changed_by_fk, ab_role_1.id AS ab_role_1_id, ab_role_1.name AS ab_role_1_name, ab_group_1.id AS ab_group_1_id, ab_group_1.name AS ab_group_1_name, ab_group_1.label AS ab_group_1_label, ab_group_1.description AS ab_group_1_description 
FROM subjects LEFT OUTER JOIN ab_user AS ab_user_1 ON ab_user_1.id = subjects.user_id LEFT OUTER JOIN ab_role AS ab_role_1 ON ab_role_1.id = subjects.role_id LEFT OUTER JOIN ab_group AS ab_group_1 ON ab_group_1.id = subjects.group_id 
WHERE subjects.role_id = %(role_id_1)s AND subjects.type = %(type_1)s 
 LIMIT %(param_1)s]
[parameters: {'role_id_1': 4, 'type_1': <SubjectType.ROLE: 2>, 'param_1': 1}]
(Background on this error at: https://sqlalche.me/e/20/f405)
2026-09-14 04:14:25,197:INFO:alembic.runtime.migration:Context impl PostgresqlImpl.
2026-09-14 04:14:25,197:INFO:alembic.runtime.migration:Will assume transactional DDL.
2026-09-14 04:14:25,366:INFO:superset.app:Pending database migrations: run 'superset db upgrade'
2026-09-14 04:14:25,566:INFO:superset.core.mcp.core_mcp_injection:fastmcp is not installed, skipping MCP initialization. Install it with: pip install 'apache-superset[fastmcp]'
INFO  [alembic.env] Starting the migration scripts.
INFO  [alembic.runtime.migration] Context impl PostgresqlImpl.
INFO  [alembic.runtime.migration] Will assume transactional DDL.
INFO  [alembic.runtime.migration] Running upgrade  -> 4e6a06bad7a8, Init
INFO  [alembic.env] Creating table [32mclusters[0m...
INFO  [alembic.env] Table [32mclusters[0m created.
INFO  [alembic.env] Creating table [32mdashboards[0m...
INFO  [alembic.env] Table [32mdashboards[0m created.
INFO  [alembic.env] Creating table [32mdbs[0m...
INFO  [alembic.env] Table [32mdbs[0m created.
INFO  [alembic.env] Creating table [32mdatasources[0m...
INFO  [alembic.env] Table [32mdatasources[0m created.
INFO  [alembic.env] Creating table [32mtables[0m...
INFO  [alembic.env] Table [32mtables[0m created.
INFO  [alembic.env] Creating table [32mcolumns[0m...
INFO  [alembic.env] Table [32mcolumns[0m created.
INFO  [alembic.env] Creating table [32mmetrics[0m...
INFO  [alembic.env] Table [32mmetrics[0m created.
INFO  [alembic.env] Creating table [32mslices[0m...
INFO  [alembic.env] Table [32mslices[0m created.
INFO  [alembic.env] Creating table [32msql_metrics[0m...
INFO  [alembic.env] Table [32msql_metrics[0m created.
INFO  [alembic.env] Creating table [32mtable_columns[0m...
INFO  [alembic.env] Table [32mtable_columns[0m created.
INFO  [alembic.env] Creating table [32mdashboard_slices[0m...
INFO  [alembic.env] Table [32mdashboard_slices[0m created.
INFO  [alembic.runtime.migration] Running upgrade 4e6a06bad7a8 -> 5a7bad26f2a7, empty message
INFO  [alembic.runtime.migration] Running upgrade 5a7bad26f2a7 -> 1e2841a4128, empty message
INFO  [alembic.runtime.migration] Running upgrade 1e2841a4128 -> 2929af7925ed, TZ offsets in data sources
INFO  [alembic.runtime.migration] Running upgrade 2929af7925ed -> 289ce07647b, Add encrypted password field
INFO  [alembic.runtime.migration] Running upgrade 289ce07647b -> 1a48a5411020, adding slug to dash
INFO  [alembic.runtime.migration] Running upgrade 1a48a5411020 -> 315b3f4da9b0, adding log model
INFO  [alembic.env] Creating table [32mlogs[0m...
INFO  [alembic.env] Table [32mlogs[0m created.
INFO  [alembic.runtime.migration] Running upgrade 315b3f4da9b0 -> 55179c7f25c7, sqla_descr
INFO  [alembic.runtime.migration] Running upgrade 55179c7f25c7 -> 12d55656cbca, is_featured
INFO  [alembic.runtime.migration] Running upgrade 12d55656cbca -> 2591d77e9831, user_id
INFO  [alembic.runtime.migration] Running upgrade 2591d77e9831 -> 8e80a26a31db, empty message
INFO  [alembic.env] Creating table [32murl[0m...
INFO  [alembic.env] Table [32murl[0m created.
INFO  [alembic.runtime.migration] Running upgrade 8e80a26a31db -> 7dbf98566af7, empty message
INFO  [alembic.runtime.migration] Running upgrade 7dbf98566af7 -> 43df8de3a5f4, empty message
INFO  [alembic.runtime.migration] Running upgrade 43df8de3a5f4 -> d827694c7555, css templates
INFO  [alembic.env] Creating table [32mcss_templates[0m...
INFO  [alembic.env] Table [32mcss_templates[0m created.
INFO  [alembic.runtime.migration] Running upgrade d827694c7555 -> 430039611635, log more
INFO  [alembic.runtime.migration] Running upgrade 430039611635 -> 18e88e1cc004, making audit nullable
INFO  [alembic.runtime.migration] Running upgrade 18e88e1cc004 -> 836c0bf75904, cache_timeouts
INFO  [alembic.runtime.migration] Running upgrade 18e88e1cc004 -> a2d606a761d9, adding favstar model
INFO  [alembic.env] Creating table [32mfavstar[0m...
INFO  [alembic.env] Table [32mfavstar[0m created.
INFO  [alembic.runtime.migration] Running upgrade a2d606a761d9, 836c0bf75904 -> d2424a248d63, empty message
INFO  [alembic.runtime.migration] Running upgrade d2424a248d63 -> 763d4b211ec9, fixing audit fk
INFO  [alembic.runtime.migration] Running upgrade d2424a248d63 -> 1d2ddd543133, log dt
INFO  [alembic.runtime.migration] Running upgrade 1d2ddd543133, 763d4b211ec9 -> fee7b758c130, empty message
INFO  [alembic.runtime.migration] Running upgrade fee7b758c130 -> 867bf4f117f9, Adding extra field to Database model
INFO  [alembic.runtime.migration] Running upgrade 867bf4f117f9 -> bb51420eaf83, add schema to table model
INFO  [alembic.runtime.migration] Running upgrade bb51420eaf83 -> b4456560d4f3, change_table_unique_constraint
INFO  [alembic.runtime.migration] Running upgrade b4456560d4f3 -> 4fa88fe24e94, owners_many_to_many
INFO  [alembic.env] Creating table [32mdashboard_user[0m...
INFO  [alembic.env] Table [32mdashboard_user[0m created.
INFO  [alembic.env] Creating table [32mslice_user[0m...
INFO  [alembic.env] Table [32mslice_user[0m created.
INFO  [alembic.runtime.migration] Running upgrade 4fa88fe24e94 -> c3a8f8611885, Materializing permission
INFO  [alembic.runtime.migration] Running upgrade c3a8f8611885 -> f0fbf6129e13, Adding verbose_name to tablecolumn
INFO  [alembic.runtime.migration] Running upgrade f0fbf6129e13 -> 956a063c52b3, adjusting key length
INFO  [alembic.runtime.migration] Running upgrade 956a063c52b3 -> 1226819ee0e3, Fix wrong constraint on table columns
WARNI [alembic.env] Could not find or drop constraint on `columns`
INFO  [alembic.runtime.migration] Running upgrade 1226819ee0e3 -> d8bc074f7aad, Add new field 'is_restricted' to SqlMetric and DruidMetric
INFO  [alembic.runtime.migration] Running upgrade d8bc074f7aad -> 27ae655e4247, Make creator owners
INFO  [alembic.runtime.migration] Running upgrade 27ae655e4247 -> 960c69cb1f5b, add dttm_format related fields in table_columns
INFO  [alembic.runtime.migration] Running upgrade 960c69cb1f5b -> f162a1dea4c4, d3format_by_metric
INFO  [alembic.runtime.migration] Running upgrade f162a1dea4c4 -> ad82a75afd82, Update models to support storing the queries.
INFO  [alembic.env] Creating table [32mquery[0m...
INFO  [alembic.env] Table [32mquery[0m created.
INFO  [alembic.runtime.migration] Running upgrade ad82a75afd82 -> 3c3ffe173e4f, add_sql_string_to_table
INFO  [alembic.runtime.migration] Running upgrade 3c3ffe173e4f -> 41f6a59a61f2, database options for sql lab
INFO  [alembic.runtime.migration] Running upgrade 41f6a59a61f2 -> 4500485bde7d, allow_run_sync_async
INFO  [alembic.runtime.migration] Running upgrade 4500485bde7d -> 65903709c321, allow_dml
INFO  [alembic.runtime.migration] Running upgrade 41f6a59a61f2 -> 33d996bcc382, update slice model
INFO  [alembic.runtime.migration] Running upgrade 33d996bcc382, 65903709c321 -> b347b202819b, empty message
INFO  [alembic.runtime.migration] Running upgrade b347b202819b -> 5e4a03ef0bf0, Add access_request table to manage requests to access datastores.
INFO  [alembic.env] Creating table [32maccess_request[0m...
INFO  [alembic.env] Table [32maccess_request[0m created.
INFO  [alembic.runtime.migration] Running upgrade 5e4a03ef0bf0 -> eca4694defa7, sqllab_setting_defaults
INFO  [alembic.runtime.migration] Running upgrade eca4694defa7 -> ab3d66c4246e, add_cache_timeout_to_druid_cluster
INFO  [alembic.runtime.migration] Running upgrade eca4694defa7 -> 3b626e2a6783, Sync DB with the models.py.
WARNI [alembic.env] slices
INFO  [alembic.runtime.migration] Running upgrade 3b626e2a6783, ab3d66c4246e -> ef8843b41dac, empty message
INFO  [alembic.runtime.migration] Running upgrade ef8843b41dac -> b46fa1b0b39e, Add json_metadata to the tables table.
INFO  [alembic.runtime.migration] Running upgrade b46fa1b0b39e -> 7e3ddad2a00b, results_key to query
INFO  [alembic.runtime.migration] Running upgrade 7e3ddad2a00b -> ad4d656d92bc, Add avg() to default metrics
INFO  [alembic.runtime.migration] Running upgrade ad4d656d92bc -> c611f2b591b8, dim_spec
INFO  [alembic.runtime.migration] Running upgrade c611f2b591b8 -> e46f2d27a08e, materialize perms
INFO  [alembic.runtime.migration] Running upgrade e46f2d27a08e -> f1f2d4af5b90, Enable Filter Select
INFO  [alembic.runtime.migration] Running upgrade e46f2d27a08e -> 525c854f0005, log_this_plus
INFO  [alembic.runtime.migration] Running upgrade 525c854f0005, f1f2d4af5b90 -> 6414e83d82b7, empty message
INFO  [alembic.runtime.migration] Running upgrade 6414e83d82b7 -> 1296d28ec131, Adds params to the datasource (druid) table
INFO  [alembic.runtime.migration] Running upgrade 1296d28ec131 -> f18570e03440, Add index on the result key to the query table.
INFO  [alembic.runtime.migration] Running upgrade f18570e03440 -> bcf3126872fc, Add keyvalue table
INFO  [alembic.env] Creating table [32mkeyvalue[0m...
INFO  [alembic.env] Table [32mkeyvalue[0m created.
INFO  [alembic.runtime.migration] Running upgrade f18570e03440 -> db0c65b146bd, update_slice_model_json
INFO  [alembic.runtime.migration] Running upgrade db0c65b146bd -> a99f2f7c195a, rewriting url from shortener with new format
INFO  [alembic.runtime.migration] Running upgrade a99f2f7c195a, bcf3126872fc -> d6db5a5cdb5d, empty message
INFO  [alembic.runtime.migration] Running upgrade d6db5a5cdb5d -> b318dfe5fb6c, adding verbose_name to druid column
INFO  [alembic.runtime.migration] Running upgrade d6db5a5cdb5d -> 732f1c06bcbf, add fetch values predicate
INFO  [alembic.runtime.migration] Running upgrade 732f1c06bcbf, b318dfe5fb6c -> ea033256294a, empty message
INFO  [alembic.runtime.migration] Running upgrade b318dfe5fb6c -> db527d8c4c78, Add verbose name to DruidCluster and Database
INFO  [alembic.runtime.migration] Running upgrade db527d8c4c78, ea033256294a -> 979c03af3341, empty message
INFO  [alembic.runtime.migration] Running upgrade 979c03af3341 -> a6c18f869a4e, query.start_running_time
INFO  [alembic.runtime.migration] Running upgrade a6c18f869a4e -> 2fcdcb35e487, saved_queries
INFO  [alembic.runtime.migration] Running upgrade 2fcdcb35e487 -> a65458420354, add_result_backend_time_logging
INFO  [alembic.runtime.migration] Running upgrade a65458420354 -> ca69c70ec99b, tracking_url
INFO  [alembic.runtime.migration] Running upgrade ca69c70ec99b -> a9c47e2c1547, add impersonate_user to dbs
INFO  [alembic.runtime.migration] Running upgrade ca69c70ec99b -> ddd6ebdd853b, annotations
INFO  [alembic.env] Creating table [32mannotation_layer[0m...
INFO  [alembic.env] Table [32mannotation_layer[0m created.
INFO  [alembic.env] Creating table [32mannotation[0m...
INFO  [alembic.env] Table [32mannotation[0m created.
INFO  [alembic.runtime.migration] Running upgrade a9c47e2c1547, ddd6ebdd853b -> d39b1e37131d, empty message
INFO  [alembic.runtime.migration] Running upgrade ca69c70ec99b -> 19a814813610, Adding metric warning_text
INFO  [alembic.runtime.migration] Running upgrade 19a814813610, a9c47e2c1547 -> 472d2f73dfd4, empty message
INFO  [alembic.runtime.migration] Running upgrade 472d2f73dfd4, d39b1e37131d -> f959a6652acd, empty message
INFO  [alembic.runtime.migration] Running upgrade f959a6652acd -> 4736ec66ce19, empty message
INFO  [alembic.runtime.migration] Running upgrade 4736ec66ce19 -> 67a6ac9b727b, update_spatial_params
INFO  [alembic.runtime.migration] Running upgrade 67a6ac9b727b -> 21e88bc06c02, migrate_old_annotation_layers
INFO  [alembic.runtime.migration] Running upgrade 21e88bc06c02 -> e866bd2d4976, smaller_grid
INFO  [alembic.runtime.migration] Running upgrade e866bd2d4976 -> e68c4473c581, allow_multi_schema_metadata_fetch
INFO  [alembic.runtime.migration] Running upgrade e68c4473c581 -> f231d82b9b26, empty message
INFO  [alembic.runtime.migration] Running upgrade f231d82b9b26 -> bf706ae5eb46, cal_heatmap_metric_to_metrics
INFO  [alembic.runtime.migration] Running upgrade f231d82b9b26 -> 30bb17c0dc76, empty message
INFO  [alembic.runtime.migration] Running upgrade 30bb17c0dc76, bf706ae5eb46 -> c9495751e314, empty message
INFO  [alembic.runtime.migration] Running upgrade f231d82b9b26 -> 130915240929, is_sqllab_view
INFO  [alembic.runtime.migration] Running upgrade 130915240929, c9495751e314 -> 5ccf602336a0, empty message
INFO  [alembic.runtime.migration] Running upgrade 5ccf602336a0 -> e502db2af7be, add template_params to tables
INFO  [alembic.runtime.migration] Running upgrade e502db2af7be -> c5756bec8b47, Time grain SQLA
INFO  [alembic.runtime.migration] Running upgrade c5756bec8b47 -> afb7730f6a9c, remove empty filters
INFO  [alembic.runtime.migration] Running upgrade afb7730f6a9c -> 80a67c5192fa, single pie chart metric
INFO  [alembic.runtime.migration] Running upgrade 80a67c5192fa -> bddc498dd179, adhoc filters
INFO  [alembic.runtime.migration] Running upgrade bddc498dd179 -> 4451805bbaa1, remove double percents
INFO  [alembic.runtime.migration] Running upgrade bddc498dd179 -> 3dda56f1c4c6, Migrate num_period_compare and period_ratio_type
INFO  [alembic.runtime.migration] Running upgrade 3dda56f1c4c6 -> 1d9e835a84f9, empty message
INFO  [alembic.runtime.migration] Running upgrade 4451805bbaa1, 1d9e835a84f9 -> e3970889f38e, empty message
INFO  [alembic.runtime.migration] Running upgrade 4451805bbaa1, 1d9e835a84f9 -> 705732c70154, empty message
INFO  [alembic.runtime.migration] Running upgrade 4451805bbaa1, 1d9e835a84f9 -> fc480c87706c, empty message
INFO  [alembic.runtime.migration] Running upgrade fc480c87706c -> bebcf3fed1fe, Migrate dashboard position_json data from V1 to V2
INFO  [alembic.runtime.migration] Running upgrade bebcf3fed1fe, 705732c70154 -> ec1f88a35cc6, empty message
INFO  [alembic.runtime.migration] Running upgrade 705732c70154, e3970889f38e -> 46ba6aaaac97, empty message
INFO  [alembic.runtime.migration] Running upgrade 46ba6aaaac97, ec1f88a35cc6 -> c18bd4186f15, empty message
INFO  [alembic.runtime.migration] Running upgrade c18bd4186f15 -> 7fcdcde0761c, Reduce position_json size by remove extra space and component id prefix
INFO  [alembic.runtime.migration] Running upgrade 7fcdcde0761c -> 0c5070e96b57, add user attributes table
INFO  [alembic.runtime.migration] Running upgrade 0c5070e96b57 -> 1a1d627ebd8e, position_json
INFO  [alembic.runtime.migration] Running upgrade 1a1d627ebd8e -> 55e910a74826, add_metadata_column_to_annotation_model.py
INFO  [alembic.runtime.migration] Running upgrade 55e910a74826 -> 4ce8df208545, empty message
INFO  [alembic.runtime.migration] Running upgrade 4ce8df208545 -> 46f444d8b9b7, remove_coordinator_from_druid_cluster_model.py
INFO  [alembic.runtime.migration] Running upgrade 46f444d8b9b7 -> a61b40f9f57f, remove allow_run_sync
INFO  [alembic.runtime.migration] Running upgrade a61b40f9f57f -> 6c7537a6004a, models for email reports
INFO  [alembic.env] Creating table [32mdashboard_email_schedules[0m...
INFO  [alembic.env] Table [32mdashboard_email_schedules[0m created.
INFO  [alembic.env] Creating table [32mslice_email_schedules[0m...
INFO  [alembic.env] Table [32mslice_email_schedules[0m created.
INFO  [alembic.runtime.migration] Running upgrade 6c7537a6004a -> 3e1b21cd94a4, change_owner_to_m2m_relation_on_datasources.py
INFO  [alembic.env] Creating table [32msqlatable_user[0m...
INFO  [alembic.env] Table [32msqlatable_user[0m created.
INFO  [alembic.env] Creating table [32mdruiddatasource_user[0m...
INFO  [alembic.env] Table [32mdruiddatasource_user[0m created.
INFO  [alembic.runtime.migration] Running upgrade 6c7537a6004a -> cefabc8f7d38, Increase size of name column in ab_view_menu
INFO  [alembic.runtime.migration] Running upgrade 55e910a74826 -> 0b1f1ab473c0, Add extra column to Query
INFO  [alembic.runtime.migration] Running upgrade 0b1f1ab473c0, cefabc8f7d38, 3e1b21cd94a4 -> de021a1ca60d, empty message
INFO  [alembic.runtime.migration] Running upgrade de021a1ca60d -> fb13d49b72f9, better_filters
INFO  [alembic.runtime.migration] Running upgrade fb13d49b72f9 -> a33a03f16c4a, Add extra column to SavedQuery
INFO  [alembic.runtime.migration] Running upgrade 4451805bbaa1, 1d9e835a84f9 -> c829ff0b37d0, empty message
INFO  [alembic.runtime.migration] Running upgrade c829ff0b37d0 -> 7467e77870e4, remove_aggs
INFO  [alembic.runtime.migration] Running upgrade 7467e77870e4, de021a1ca60d -> fbd55e0f83eb, empty message
INFO  [alembic.runtime.migration] Running upgrade fbd55e0f83eb, fb13d49b72f9 -> 8b70aa3d0f87, empty message
INFO  [alembic.runtime.migration] Running upgrade 8b70aa3d0f87, a33a03f16c4a -> 18dc26817ad2, empty message
INFO  [alembic.runtime.migration] Running upgrade 18dc26817ad2 -> c617da68de7d, form nullable
INFO  [alembic.runtime.migration] Running upgrade c617da68de7d -> c82ee8a39623, Add implicit tags
INFO  [alembic.runtime.migration] Running upgrade 18dc26817ad2 -> e553e78e90c5, add_druid_auth_py.py
INFO  [alembic.runtime.migration] Running upgrade e553e78e90c5, c82ee8a39623 -> 45e7da7cfeba, empty message
INFO  [alembic.runtime.migration] Running upgrade 45e7da7cfeba -> 80aa3f04bc82, Add Parent ids in dashboard layout metadata
INFO  [alembic.runtime.migration] Running upgrade 80aa3f04bc82 -> d94d33dbe938, form strip
INFO  [alembic.runtime.migration] Running upgrade d94d33dbe938 -> 937d04c16b64, update datasources
INFO  [alembic.runtime.migration] Running upgrade 937d04c16b64 -> 7f2635b51f5d, update base columns
INFO  [alembic.runtime.migration] Running upgrade 7f2635b51f5d -> e9df189e5c7e, update base metrics
INFO  [alembic.runtime.migration] Running upgrade e9df189e5c7e -> afc69274c25a, update the sql, select_sql, and executed_sql columns in the
   query table in mysql dbs to be long text columns
INFO  [alembic.runtime.migration] Running upgrade afc69274c25a -> d7c1a0d6f2da, Remove limit used from query model
INFO  [alembic.runtime.migration] Running upgrade d7c1a0d6f2da -> ab8c66efdd01, resample
INFO  [alembic.runtime.migration] Running upgrade ab8c66efdd01 -> b4a38aa87893, deprecate database expression
INFO  [alembic.runtime.migration] Running upgrade b4a38aa87893 -> d6ffdf31bdd4, Add published column to dashboards
INFO  [alembic.runtime.migration] Running upgrade d6ffdf31bdd4 -> 190188938582, Remove duplicated entries in dashboard_slices table and add unique constraint
INFO  [alembic.runtime.migration] Running upgrade 190188938582 -> def97f26fdfb, Add index to tagged_object
INFO  [alembic.runtime.migration] Running upgrade def97f26fdfb -> 11c737c17cc6, deprecate_restricted_metrics
INFO  [alembic.runtime.migration] Running upgrade 11c737c17cc6 -> 258b5280a45e, form strip leading and trailing whitespace
INFO  [alembic.runtime.migration] Running upgrade 258b5280a45e -> 1495eb914ad3, time range
INFO  [alembic.runtime.migration] Running upgrade 1495eb914ad3 -> b6fa807eac07, make_names_non_nullable
INFO  [alembic.runtime.migration] Running upgrade b6fa807eac07 -> cca2f5d568c8, add encrypted_extra to dbs
INFO  [alembic.runtime.migration] Running upgrade cca2f5d568c8 -> c2acd2cf3df2, alter type of dbs encrypted_extra
INFO  [alembic.runtime.migration] Running upgrade c2acd2cf3df2 -> 78ee127d0d1d, reconvert legacy filters into adhoc
INFO  [alembic.runtime.migration] Running upgrade 78ee127d0d1d -> db4b49eb0782, Add tables for SQL Lab state
INFO  [alembic.env] Creating table [32mtab_state[0m...
INFO  [alembic.env] Table [32mtab_state[0m created.
INFO  [alembic.env] Creating table [32mtable_schema[0m...
INFO  [alembic.env] Table [32mtable_schema[0m created.
INFO  [alembic.runtime.migration] Running upgrade db4b49eb0782 -> 5afa9079866a, serialize_schema_permissions.py
INFO  [alembic.runtime.migration] Running upgrade 5afa9079866a -> 89115a40e8ea, Change table schema description to long text
INFO  [alembic.runtime.migration] Running upgrade 89115a40e8ea -> 817e1c9b09d0, add_not_null_to_dbs_sqlalchemy_url
INFO  [alembic.runtime.migration] Running upgrade 817e1c9b09d0 -> e96dbf2cfef0, datasource_cluster_fk
INFO  [alembic.runtime.migration] Running upgrade e96dbf2cfef0 -> 3325d4caccc8, empty message
INFO  [alembic.runtime.migration] Running upgrade 3325d4caccc8 -> 0a6f12f60c73, add_role_level_security
INFO  [alembic.env] Creating table [32mrow_level_security_filters[0m...
INFO  [alembic.env] Table [32mrow_level_security_filters[0m created.
INFO  [alembic.env] Creating table [32mrls_filter_roles[0m...
INFO  [alembic.env] Table [32mrls_filter_roles[0m created.
INFO  [alembic.runtime.migration] Running upgrade 0a6f12f60c73 -> 72428d1ea401, Add tmp_schema_name to the query object.
INFO  [alembic.runtime.migration] Running upgrade 72428d1ea401 -> b5998378c225, add certificate to dbs
INFO  [alembic.runtime.migration] Running upgrade b5998378c225 -> f9a30386bd74, cleanup_time_granularity
INFO  [alembic.runtime.migration] Running upgrade f9a30386bd74 -> 620241d1153f, update time_grain_sqla
INFO  [alembic.runtime.migration] Running upgrade 620241d1153f -> 743a117f0d98, Add slack to the schedule
INFO  [alembic.runtime.migration] Running upgrade 743a117f0d98 -> e557699a813e, add_tables_relation_to_row_level_security
INFO  [alembic.env] Creating table [32mrls_filter_tables[0m...
INFO  [alembic.env] Table [32mrls_filter_tables[0m created.
INFO  [alembic.runtime.migration] Running upgrade e557699a813e -> ea396d202291, Add ctas_method to the Query object
INFO  [alembic.runtime.migration] Running upgrade ea396d202291 -> a72cb0ebeb22, deprecate dbs.perm column
INFO  [alembic.runtime.migration] Running upgrade a72cb0ebeb22 -> 2f1d15e8a6af, add_alerts
INFO  [alembic.env] Creating table [32malerts[0m...
INFO  [alembic.env] Table [32malerts[0m created.
INFO  [alembic.env] Creating table [32malert_logs[0m...
INFO  [alembic.env] Table [32malert_logs[0m created.
INFO  [alembic.env] Creating table [32malert_owner[0m...
INFO  [alembic.env] Table [32malert_owner[0m created.
INFO  [alembic.runtime.migration] Running upgrade 2f1d15e8a6af -> f2672aa8350a, add_slack_to_alerts
INFO  [alembic.runtime.migration] Running upgrade f2672aa8350a -> f120347acb39, Add extra column to tables and metrics
INFO  [alembic.runtime.migration] Running upgrade f2672aa8350a -> 978245563a02, Migrate iframe in dashboard to markdown component
INFO  [alembic.runtime.migration] Running upgrade 978245563a02, f120347acb39 -> f80a3b88324b, empty message
INFO  [alembic.runtime.migration] Running upgrade f80a3b88324b -> 2e5a0ee25ed4, refractor_alerting
INFO  [alembic.env] Creating table [32malert_validators[0m...
INFO  [alembic.env] Table [32malert_validators[0m created.
INFO  [alembic.env] Creating table [32msql_observers[0m...
INFO  [alembic.env] Table [32msql_observers[0m created.
INFO  [alembic.env] Creating table [32msql_observations[0m...
INFO  [alembic.env] Table [32msql_observations[0m created.
INFO  [alembic.runtime.migration] Running upgrade f80a3b88324b -> 175ea3592453, Add cache to datasource lookup table.
INFO  [alembic.env] Creating table [32mcache_keys[0m...
INFO  [alembic.env] Table [32mcache_keys[0m created.
INFO  [alembic.runtime.migration] Running upgrade 175ea3592453, 2e5a0ee25ed4 -> ae19b4ee3692, empty message
INFO  [alembic.runtime.migration] Running upgrade ae19b4ee3692 -> e5ef6828ac4e, add rls filter type and grouping key
INFO  [alembic.runtime.migration] Running upgrade e5ef6828ac4e -> 3fbbc6e8d654, fix data access permissions for virtual datasets
INFO  [alembic.runtime.migration] Running upgrade 3fbbc6e8d654 -> 18532d70ab98, Delete table_name unique constraint in mysql
INFO  [alembic.runtime.migration] Running upgrade 18532d70ab98 -> b56500de1855, add_uuid_column_to_import_mixin
INFO  [alembic.runtime.migration] Running upgrade b56500de1855 -> af30ca79208f, Collapse alerting models into a single one
INFO  [alembic.runtime.migration] Running upgrade af30ca79208f -> 585b0b1a7b18, add exec info to saved queries
INFO  [alembic.runtime.migration] Running upgrade 585b0b1a7b18 -> 96e99fb176a0, add_import_mixing_to_saved_query
INFO  [alembic.runtime.migration] Running upgrade 96e99fb176a0 -> 49b5a32daba5, add report schedules
INFO  [alembic.env] Creating table [32mreport_schedule[0m...
INFO  [alembic.env] Table [32mreport_schedule[0m created.
INFO  [alembic.env] Creating table [32mreport_execution_log[0m...
INFO  [alembic.env] Table [32mreport_execution_log[0m created.
INFO  [alembic.env] Creating table [32mreport_recipient[0m...
INFO  [alembic.env] Table [32mreport_recipient[0m created.
INFO  [alembic.env] Creating table [32mreport_schedule_user[0m...
INFO  [alembic.env] Table [32mreport_schedule_user[0m created.
INFO  [alembic.runtime.migration] Running upgrade 49b5a32daba5 -> a8173232b786, Add path to logs
INFO  [alembic.runtime.migration] Running upgrade a8173232b786 -> e38177dbf641, security converge saved queries
INFO  [alembic.runtime.migration] Running upgrade e38177dbf641 -> 8ee129739cf9, security converge css templates
INFO  [alembic.runtime.migration] Running upgrade 8ee129739cf9 -> 811494c0cc23, Remove path, path_no_int, and ref from logs
INFO  [alembic.runtime.migration] Running upgrade 811494c0cc23 -> 5daced1f0e76, reports add working_timeout column
INFO  [alembic.runtime.migration] Running upgrade 5daced1f0e76 -> 40f16acf1ba7, security converge reports
INFO  [alembic.runtime.migration] Running upgrade 40f16acf1ba7 -> ccb74baaa89b, security converge charts
INFO  [alembic.runtime.migration] Running upgrade ccb74baaa89b -> c25cb2c78727, security converge annotations
INFO  [alembic.runtime.migration] Running upgrade c25cb2c78727 -> 45731db65d9c, security converge datasets
INFO  [alembic.runtime.migration] Running upgrade 45731db65d9c -> 4b84f97828aa, security converge logs
INFO  [alembic.runtime.migration] Running upgrade 4b84f97828aa -> 1f6dca87d1a2, security converge dashboards
INFO  [alembic.runtime.migration] Running upgrade 1f6dca87d1a2 -> 42b4c9e01447, security converge databases
INFO  [alembic.runtime.migration] Running upgrade 42b4c9e01447 -> e37912a26567, security converge queries
INFO  [alembic.runtime.migration] Running upgrade e37912a26567 -> ab104a954a8f, reports alter crontab size
INFO  [alembic.runtime.migration] Running upgrade ab104a954a8f -> 73fd22e742ab, add_dynamic_plugins.py
INFO  [alembic.runtime.migration] Running upgrade 73fd22e742ab -> c878781977c6, alert reports shared uniqueness
INFO  [alembic.runtime.migration] Running upgrade c878781977c6 -> 260bf0649a77, migrate [x dateunit] to [x dateunit ago/later]
INFO  [alembic.runtime.migration] Running upgrade 260bf0649a77 -> e11ccdd12658, add roles relationship to dashboard
INFO  [alembic.env] Creating table [32mdashboard_roles[0m...
INFO  [alembic.env] Table [32mdashboard_roles[0m created.
INFO  [alembic.runtime.migration] Running upgrade e11ccdd12658 -> 41ce8799acc3, rename pie label type
INFO  [alembic.runtime.migration] Running upgrade 41ce8799acc3 -> 070c043f2fdb, add granularity to charts where missing
INFO  [alembic.runtime.migration] Running upgrade 070c043f2fdb -> c501b7c653a3, add missing uuid column
INFO  [alembic.env] Table dbs already has uuid column, skipping...
INFO  [alembic.env] Table dashboards already has uuid column, skipping...
INFO  [alembic.env] Table slices already has uuid column, skipping...
INFO  [alembic.env] Table tables already has uuid column, skipping...
INFO  [alembic.env] Table table_columns already has uuid column, skipping...
INFO  [alembic.env] Table sql_metrics already has uuid column, skipping...
INFO  [alembic.env] Table clusters already has uuid column, skipping...
INFO  [alembic.env] Table datasources already has uuid column, skipping...
INFO  [alembic.env] Table columns already has uuid column, skipping...
INFO  [alembic.env] Table metrics already has uuid column, skipping...
INFO  [alembic.env] Table dashboard_email_schedules already has uuid column, skipping...
INFO  [alembic.env] Table slice_email_schedules already has uuid column, skipping...
INFO  [alembic.runtime.migration] Running upgrade c501b7c653a3 -> 1412ec1e5a7b, legacy force directed to echart
INFO  [alembic.runtime.migration] Running upgrade 1412ec1e5a7b -> 67da9ef1ef9c, add hide_left_bar to tabstate
INFO  [alembic.runtime.migration] Running upgrade 67da9ef1ef9c -> 989bbe479899, rename_filter_configuration_in_dashboard_metadata.py
INFO  [alembic.runtime.migration] Running upgrade 989bbe479899 -> 301362411006, add_execution_id_to_report_execution_log_model.py
INFO  [alembic.runtime.migration] Running upgrade 301362411006 -> 134cea61c5e7, remove dataset health check message
INFO  [alembic.runtime.migration] Running upgrade 134cea61c5e7 -> 085f06488938, Country map use lowercase country name
INFO  [alembic.runtime.migration] Running upgrade 085f06488938 -> fc3a3a8ff221, migrate filter sets to new format
INFO  [alembic.runtime.migration] Running upgrade fc3a3a8ff221 -> 19e978e1b9c3, add_report_format_to_report_schedule_model.py
INFO  [alembic.runtime.migration] Running upgrade 19e978e1b9c3 -> d416d0d715cc, add_limiting_factor_column_to_query_model.py
INFO  [alembic.runtime.migration] Running upgrade d416d0d715cc -> f1410ed7ec95, migrate native filters to new schema
INFO  [alembic.runtime.migration] Running upgrade f1410ed7ec95 -> 453530256cea, add_save_form_column_to_db_model
INFO  [alembic.runtime.migration] Running upgrade 453530256cea -> 3317e9248280, add_creation_method_to_reports_model
INFO  [alembic.runtime.migration] Running upgrade 3317e9248280 -> 030c840e3a1c, Add query context to slices
INFO  [alembic.runtime.migration] Running upgrade 030c840e3a1c -> ae1ed299413b, add_timezone_to_report_schedule
INFO  [alembic.runtime.migration] Running upgrade ae1ed299413b -> 31b2a1039d4a, drop tables constraint
INFO  [alembic.runtime.migration] Running upgrade 31b2a1039d4a -> e323605f370a, fix schemas_allowed_for_csv_upload
INFO  [alembic.runtime.migration] Running upgrade e323605f370a -> 143b6f2815da, migrate pivot table v2 heatmaps to new format
INFO  [alembic.runtime.migration] Running upgrade 143b6f2815da -> f6196627326f, update chart permissions
INFO  [alembic.runtime.migration] Running upgrade f6196627326f -> 6d20ba9ecb33, add_last_saved_at_to_slice_model
INFO  [alembic.runtime.migration] Running upgrade 6d20ba9ecb33 -> 07071313dd52, change_fetch_values_predicate_to_text
INFO  [alembic.runtime.migration] Running upgrade 07071313dd52 -> 021b81fe4fbb, Add type to native filter configuration
INFO  [alembic.env] [AddTypeToNativeFilter] Starting upgrade
INFO  [alembic.env] [AddTypeToNativeFilter] Done!
INFO  [alembic.runtime.migration] Running upgrade 021b81fe4fbb -> 181091c0ef16, add_extra_column_to_columns_model
INFO  [alembic.runtime.migration] Running upgrade 181091c0ef16 -> 3ebe0993c770, add filter set model
INFO  [alembic.env] Creating table [32mfilter_sets[0m...
INFO  [alembic.env] Table [32mfilter_sets[0m created.
INFO  [alembic.runtime.migration] Running upgrade 3ebe0993c770 -> 60dc453f4e2e, migrate timeseries_limit_metric to legacy_order_by in pivot_table_v2
INFO  [alembic.runtime.migration] Running upgrade 60dc453f4e2e -> 32646df09c64, update time grain SQLA
INFO  [alembic.runtime.migration] Running upgrade 32646df09c64 -> f9847149153d, add_certifications_columns_to_slice
INFO  [alembic.runtime.migration] Running upgrade f9847149153d -> aea15018d53b, add_certifications_columns_to_dashboard
INFO  [alembic.runtime.migration] Running upgrade aea15018d53b -> b92d69a6643c, rename_csv_to_file
INFO  [alembic.runtime.migration] Running upgrade b92d69a6643c -> 0ca9e5f1dacd, rename to schemas_allowed_for_file_upload in dbs.extra
INFO  [alembic.runtime.migration] Running upgrade 0ca9e5f1dacd -> abe27eaf93db, add_extra_config_column_to_alerts
INFO  [alembic.runtime.migration] Running upgrade abe27eaf93db -> 3ba29ecbaac5, Change datatype of type in BaseColumn
INFO  [alembic.runtime.migration] Running upgrade 3ba29ecbaac5 -> fe23025b9441, rename_big_viz_total_form_data_fields
INFO  [alembic.runtime.migration] Running upgrade fe23025b9441 -> 31bb738bd1d2, move_pivot_table_v2_legacy_order_by_to_timeseries_limit_metric
INFO  [alembic.runtime.migration] Running upgrade 31bb738bd1d2 -> bb38f40aa3ff, Add force_screenshot to alerts/reports
INFO  [alembic.runtime.migration] Running upgrade bb38f40aa3ff -> c53bae8f08dd, add_saved_query_foreign_key_to_tab_state
INFO  [alembic.runtime.migration] Running upgrade c53bae8f08dd -> 5fd49410a97a, Add columns for external management
INFO  [alembic.runtime.migration] Running upgrade 5fd49410a97a -> 5afbb1a5849b, add_embedded_dashboard_table
INFO  [alembic.env] Creating table [32membedded_dashboards[0m...
INFO  [alembic.env] Table [32membedded_dashboards[0m created.
INFO  [alembic.runtime.migration] Running upgrade 5afbb1a5849b -> b8d3a24d9131, New dataset models
INFO  [alembic.runtime.migration] Running upgrade b8d3a24d9131 -> b5a422d8e252, fix query and saved_query null schema
INFO  [alembic.runtime.migration] Running upgrade b5a422d8e252 -> ab9a9d86e695, deprecate time_range_endpoints
INFO  [alembic.runtime.migration] Running upgrade ab9a9d86e695 -> 7293b0ca7944, change_adhoc_filter_b_from_none_to_empty_array
INFO  [alembic.runtime.migration] Running upgrade 7293b0ca7944 -> 6766938c6065, add key-value store
INFO  [alembic.env] Creating table [32mkey_value[0m...
INFO  [alembic.env] Table [32mkey_value[0m created.
INFO  [alembic.runtime.migration] Running upgrade 6766938c6065 -> 58df9d617f14, add_on_saved_query_delete_tab_state_null_constraint"
INFO  [alembic.runtime.migration] Running upgrade 58df9d617f14 -> 2ed890b36b94, rm_time_range_endpoints_from_qc
INFO  [alembic.runtime.migration] Running upgrade 2ed890b36b94 -> b0d0249074e4, deprecate time_range_endpoints v2
INFO  [alembic.runtime.migration] Running upgrade 2ed890b36b94 -> 8b841273bec3, sql_lab_models_database_constraint_updates
INFO  [alembic.runtime.migration] Running upgrade 8b841273bec3, b0d0249074e4 -> 9d8a8d575284, merge point
INFO  [alembic.runtime.migration] Running upgrade 9d8a8d575284 -> cecc6bf46990, rm_time_range_endpoints_2
INFO  [alembic.runtime.migration] Running upgrade cecc6bf46990 -> ad07e4fdbaba, rm_time_range_endpoints_from_qc_3
INFO  [alembic.runtime.migration] Running upgrade ad07e4fdbaba -> a9422eeaae74, new_dataset_models_take_2
INFO  [alembic.runtime.migration] Running upgrade a9422eeaae74 -> cbe71abde154, fix report schedule and execution log
INFO  [alembic.runtime.migration] Running upgrade cbe71abde154 -> 6f139c533bea, adding advanced data type to column models
INFO  [alembic.runtime.migration] Running upgrade 6f139c533bea -> e786798587de, Delete None permissions
INFO  [alembic.runtime.migration] Running upgrade e786798587de -> e09b4ae78457, Resize key_value blob
INFO  [alembic.runtime.migration] Running upgrade e09b4ae78457 -> f3afaf1f11f0, add_unique_name_desc_rls
INFO  [alembic.runtime.migration] Running upgrade f3afaf1f11f0 -> 7fb8bca906d2, permalink_rename_filterState
INFO  [alembic.runtime.migration] Running upgrade 7fb8bca906d2 -> cdcf3d64daf4, Add user_id and dttm composite index to Log model
INFO  [alembic.env] Creating index [32mix_logs_user_id_dttm[0m on table [32mlogs[0m
INFO  [alembic.runtime.migration] Running upgrade cdcf3d64daf4 -> c747c78868b6, Migrating legacy TreeMap
INFO  [alembic.runtime.migration] Running upgrade c747c78868b6 -> 06e1e70058c7, Migrating legacy Area
INFO  [alembic.runtime.migration] Running upgrade 06e1e70058c7 -> a39867932713, query_context_to_mediumtext
INFO  [alembic.runtime.migration] Running upgrade a39867932713 -> 409c7b420ab0, add created_by_fk as owner
INFO  [alembic.runtime.migration] Running upgrade 409c7b420ab0 -> ffa79af61a56, rename report_schedule.extra to extra_json
INFO  [alembic.runtime.migration] Running upgrade ffa79af61a56 -> 6d3c6f9d665d, fix_table_chart_conditional_formatting_colors
INFO  [alembic.runtime.migration] Running upgrade 6d3c6f9d665d -> 291f024254b5, drop_column_allow_multi_schema_metadata_fetch
INFO  [alembic.runtime.migration] Running upgrade 291f024254b5 -> deb4c9d4a4ef, parameters in saved queries
INFO  [alembic.runtime.migration] Running upgrade deb4c9d4a4ef -> 4ce1d9b25135, remove_filter_bar_orientation
INFO  [alembic.runtime.migration] Running upgrade 4ce1d9b25135 -> f3c2d8ec8595, create_ssh_tunnel_credentials_tbl
INFO  [alembic.env] Creating table [32mssh_tunnels[0m...
INFO  [alembic.env] Table [32mssh_tunnels[0m created.
INFO  [alembic.runtime.migration] Running upgrade f3c2d8ec8595 -> 9c2a5681ddfd, convert key-value entries to json
INFO  [alembic.runtime.migration] Running upgrade 9c2a5681ddfd -> c0a3ea245b61, remove_show_native_filters
INFO  [alembic.runtime.migration] Running upgrade c0a3ea245b61 -> d0ac08bb5b83, invert_horizontal_bar_chart_order
INFO  [alembic.runtime.migration] Running upgrade d0ac08bb5b83 -> b5ea9d343307, bar_chart_stack_options
INFO  [alembic.runtime.migration] Running upgrade b5ea9d343307 -> 07f9a902af1b, drop postgres enum constrains for tags
INFO  [alembic.runtime.migration] Running upgrade 07f9a902af1b -> 7e67aecbf3f1, chart-ds-constraint
INFO  [alembic.runtime.migration] Running upgrade 7e67aecbf3f1 -> 4ea966691069, cross-filter-global-scoping
INFO  [alembic.runtime.migration] Running upgrade 4ea966691069 -> 9ba2ce3086e5, migrate-pivot-table-v1-to-v2
INFO  [alembic.runtime.migration] Running upgrade 9ba2ce3086e5 -> 4c5da39be729, migrate_treemap_chart
INFO  [alembic.runtime.migration] Running upgrade 4c5da39be729 -> ae58e1e58e5c, migrate_dual_line_to_mixed_chart
INFO  [alembic.runtime.migration] Running upgrade ae58e1e58e5c -> 83e1abbe777f, drop access_request
INFO  [alembic.runtime.migration] Running upgrade 83e1abbe777f -> 90139bf715e4, add_currency_column_to_metrics
INFO  [alembic.env] Adding column [32mcurrency[0m to table [32mmetrics[0m...
INFO  [alembic.env] Adding column [32mcurrency[0m to table [32msql_metrics[0m...
INFO  [alembic.runtime.migration] Running upgrade 90139bf715e4 -> 6fbe660cac39, add on delete cascade for tables references
INFO  [alembic.runtime.migration] Running upgrade 6fbe660cac39 -> 8e5b0fb85b9a, Add custom size columns to report schedule
INFO  [alembic.runtime.migration] Running upgrade 8e5b0fb85b9a -> 240d23c7f86f, update_tag_model_w_description
INFO  [alembic.runtime.migration] Running upgrade 240d23c7f86f -> f92a3124dd66, drop rouge constraints and tables
INFO  [alembic.runtime.migration] Running upgrade f92a3124dd66 -> 6d05b0a70c89, add on delete cascade for owners references
INFO  [alembic.runtime.migration] Running upgrade 6d05b0a70c89 -> 863adcf72773, delete obsolete Druid NoSQL slice parameters
INFO  [alembic.runtime.migration] Running upgrade 863adcf72773 -> a23c6f8b1280, cleanup erroneous parent filter IDs
INFO  [alembic.runtime.migration] Running upgrade a23c6f8b1280 -> bf646a0c1501, json_metadata
INFO  [alembic.runtime.migration] Running upgrade bf646a0c1501 -> e0f6f91c2055, create_user_favorite_table
INFO  [alembic.env] Creating table [32muser_favorite_tag[0m...
INFO  [alembic.env] Table [32muser_favorite_tag[0m created.
INFO  [alembic.runtime.migration] Running upgrade e0f6f91c2055 -> ee179a490af9, deckgl-path-width-units
INFO  [alembic.runtime.migration] Running upgrade ee179a490af9 -> 0769ef90fddd, Fix schema perm for datasets
INFO  [alembic.runtime.migration] Running upgrade 0769ef90fddd -> 2e826adca42c, Fix schema for log
INFO  [alembic.runtime.migration] Running upgrade 2e826adca42c -> 8ace289026f3, add on delete cascade for dashboard_slices
INFO  [alembic.runtime.migration] Running upgrade 8ace289026f3 -> 4448fa6deeb1, add on delete cascade for embedded_dashboards
INFO  [alembic.runtime.migration] Running upgrade 4448fa6deeb1 -> 9f4a086c2676, add_normalize_columns_to_sqla_model
INFO  [alembic.runtime.migration] Running upgrade 9f4a086c2676 -> ec54aca4c8a2, Increase ab_user.email field size
INFO  [alembic.runtime.migration] Running upgrade ec54aca4c8a2 -> 317970b4400c, Added always_filter_main_dttm to datasource
INFO  [alembic.runtime.migration] Running upgrade 317970b4400c -> 4b85906e5b91, add on delete cascade for dashboard_roles
INFO  [alembic.runtime.migration] Running upgrade 4b85906e5b91 -> b7851ee5522f, replay 317970b4400c
INFO  [alembic.runtime.migration] Running upgrade b7851ee5522f -> 06dd9ff00fe8, add_percent_calculation_type_funnel_chart
INFO  [alembic.runtime.migration] Running upgrade 06dd9ff00fe8 -> 65a167d4c62e, add indexes to report models
INFO  [alembic.env] Creating index [32mix_report_execution_log_report_schedule_id[0m on table [32mreport_execution_log[0m
INFO  [alembic.env] Creating index [32mix_report_execution_log_start_dttm[0m on table [32mreport_execution_log[0m
INFO  [alembic.env] Creating index [32mix_report_recipient_report_schedule_id[0m on table [32mreport_recipient[0m
INFO  [alembic.runtime.migration] Running upgrade 65a167d4c62e -> 59a1450b3c10, drop_filter_sets_table
INFO  [alembic.runtime.migration] Running upgrade 59a1450b3c10 -> a32e0c4d8646, migrate-sunburst-chart
INFO  [alembic.runtime.migration] Running upgrade 59a1450b3c10 -> 96164e3017c6
INFO  [alembic.runtime.migration] Running upgrade 96164e3017c6, a32e0c4d8646 -> 15a2c68a2e6b, merging two heads
INFO  [alembic.runtime.migration] Running upgrade a32e0c4d8646 -> 214f580d09c9, migrate_filter_boxes_to_native_filters
INFO  [alembic.runtime.migration] Running upgrade 214f580d09c9 -> e863403c0c50, drop_url_table
INFO  [alembic.runtime.migration] Running upgrade e863403c0c50, 15a2c68a2e6b -> 1cf8e4344e2b, merging
INFO  [alembic.runtime.migration] Running upgrade 1cf8e4344e2b -> 87d38ad83218, Migrate can_view_and_drill permission
INFO  [alembic.runtime.migration] Running upgrade 87d38ad83218 -> 17fcea065655, change_text_to_mediumtext
INFO  [alembic.runtime.migration] Running upgrade 17fcea065655 -> be1b217cd8cd, big_number_kpi_single_metric
INFO  [alembic.runtime.migration] Running upgrade be1b217cd8cd -> 678eefb4ab44, Add access token table
INFO  [alembic.env] Creating table [32mdatabase_user_oauth2_tokens[0m...
INFO  [alembic.env] Table [32mdatabase_user_oauth2_tokens[0m created.
INFO  [alembic.env] Creating index [32midx_user_id_database_id[0m on table [32mdatabase_user_oauth2_tokens[0m
INFO  [alembic.runtime.migration] Running upgrade 678eefb4ab44 -> c22cb5c2e546, empty message
INFO  [alembic.env] Adding column [32mavatar_url[0m to table [32muser_attribute[0m...
INFO  [alembic.runtime.migration] Running upgrade c22cb5c2e546 -> 5ad7321c2169, mig new csv upload perm
INFO  [alembic.runtime.migration] Running upgrade 5ad7321c2169 -> d60591c5515f, mig new excel upload perm
INFO  [alembic.runtime.migration] Running upgrade d60591c5515f -> 5f57af97bc3f, Add catalog column
INFO  [alembic.env] Adding column [32mcatalog[0m to table [32mtables[0m...
INFO  [alembic.env] Adding column [32mcatalog[0m to table [32mquery[0m...
INFO  [alembic.env] Adding column [32mcatalog[0m to table [32msaved_query[0m...
INFO  [alembic.env] Adding column [32mcatalog[0m to table [32mtab_state[0m...
INFO  [alembic.env] Adding column [32mcatalog[0m to table [32mtable_schema[0m...
INFO  [alembic.runtime.migration] Running upgrade 5f57af97bc3f -> 3dfd0e78650e, add_query_sql_editor_id_index
INFO  [alembic.env] Creating index [32mix_sql_editor_id[0m on table [32mquery[0m
INFO  [alembic.runtime.migration] Running upgrade 5f57af97bc3f -> 4a33124c18ad, mig new columnar upload perm
INFO  [alembic.runtime.migration] Running upgrade 4a33124c18ad -> 58d051681a3b, Add catalog_perm to tables
INFO  [alembic.env] Adding column [32mcatalog_perm[0m to table [32mtables[0m...
INFO  [alembic.env] Adding column [32mcatalog_perm[0m to table [32mslices[0m...
INFO  [alembic.runtime.migration] Running upgrade 58d051681a3b, 3dfd0e78650e -> 645bb206f96c, empty message
INFO  [alembic.runtime.migration] Running upgrade 645bb206f96c -> 4081be5b6b74, Enable catalog in Databricks
INFO  [alembic.runtime.migration] Running upgrade 4081be5b6b74 -> 87ffc36f9842, Enable catalog in BigQuery/Presto/Trino/Snowflake
INFO  [alembic.runtime.migration] Running upgrade 87ffc36f9842 -> 9621c6d56ffb, add subject column to report schedule
INFO  [alembic.runtime.migration] Running upgrade 9621c6d56ffb -> f84fde59123a, Update charts with old time comparison controls
INFO  [alembic.runtime.migration] Running upgrade f84fde59123a -> f7b6750b67e8, change_mediumtext_to_longtext
Revision ID: f7b6750b67e8
Revises: f84fde59123a
Create Date: 2024-05-09 19:19:46.630140
INFO  [alembic.runtime.migration] Running upgrade f7b6750b67e8 -> 02f4f7811799, remove sl_dataset_columns tables
INFO  [alembic.env] Dropping foreign key [32msl_dataset_columns_column_id_fkey[0m from table [32msl_dataset_columns[0m...
INFO  [alembic.env] Dropping foreign key [32msl_dataset_columns_dataset_id_fkey[0m from table [32msl_dataset_columns[0m...
INFO  [alembic.runtime.migration] Running upgrade 02f4f7811799 -> 39549add7bfc, remove sl_table_columns_table
INFO  [alembic.env] Dropping foreign key [32msl_table_columns_column_id_fkey[0m from table [32msl_table_columns[0m...
INFO  [alembic.env] Dropping foreign key [32msl_table_columns_table_id_fkey[0m from table [32msl_table_columns[0m...
INFO  [alembic.runtime.migration] Running upgrade 39549add7bfc -> 38f4144e8558, remove sl_dataset_tables
INFO  [alembic.env] Dropping foreign key [32msl_dataset_tables_table_id_fkey[0m from table [32msl_dataset_tables[0m...
INFO  [alembic.env] Dropping foreign key [32msl_dataset_tables_dataset_id_fkey[0m from table [32msl_dataset_tables[0m...
INFO  [alembic.runtime.migration] Running upgrade 38f4144e8558 -> e53fd48cc078, remove sl_dataset_users
INFO  [alembic.env] Dropping foreign key [32msl_dataset_users_dataset_id_fkey[0m from table [32msl_dataset_users[0m...
INFO  [alembic.env] Dropping foreign key [32msl_dataset_users_user_id_fkey[0m from table [32msl_dataset_users[0m...
INFO  [alembic.runtime.migration] Running upgrade e53fd48cc078 -> a6b32d2d07b1, remove sl_columns
INFO  [alembic.env] Dropping foreign key [32msl_columns_changed_by_fk_fkey[0m from table [32msl_columns[0m...
INFO  [alembic.env] Dropping foreign key [32msl_columns_created_by_fk_fkey[0m from table [32msl_columns[0m...
INFO  [alembic.runtime.migration] Running upgrade a6b32d2d07b1 -> 007a1abffe7e, remove sl_tables
INFO  [alembic.env] Dropping foreign key [32msl_tables_changed_by_fk_fkey[0m from table [32msl_tables[0m...
INFO  [alembic.env] Dropping foreign key [32msl_tables_database_id_fkey[0m from table [32msl_tables[0m...
INFO  [alembic.env] Dropping foreign key [32msl_tables_created_by_fk_fkey[0m from table [32msl_tables[0m...
INFO  [alembic.runtime.migration] Running upgrade 007a1abffe7e -> 48cbb571fa3a, remove sl_datasets
INFO  [alembic.env] Dropping foreign key [32msl_datasets_database_id_fkey[0m from table [32msl_datasets[0m...
INFO  [alembic.env] Dropping foreign key [32msl_datasets_changed_by_fk_fkey[0m from table [32msl_datasets[0m...
INFO  [alembic.env] Dropping foreign key [32msl_datasets_created_by_fk_fkey[0m from table [32msl_datasets[0m...
INFO  [alembic.runtime.migration] Running upgrade 48cbb571fa3a -> 7b17aa722e30, UUIDMixin
INFO  [alembic.env] Adding column [32muuid[0m to table [32mcss_templates[0m...
INFO  [alembic.env] Adding column [32muuid[0m to table [32mfavstar[0m...
INFO  [alembic.runtime.migration] Running upgrade 48cbb571fa3a -> df3d7e2eb9a4, Remove _customer_location_uc
INFO  [alembic.runtime.migration] Running upgrade df3d7e2eb9a4, 7b17aa722e30 -> eb1c288c71c4, empty message
INFO  [alembic.runtime.migration] Running upgrade eb1c288c71c4 -> d482d51c15ca, remove_legacy_plugins_5_0
INFO  [alembic.runtime.migration] Running upgrade d482d51c15ca -> 74ad1125881c, converge_upload_permissions
INFO  [alembic.env] Going to delete pvm: can_csv_upload Database
INFO  [alembic.env] Going to delete permission: can_csv_upload
INFO  [alembic.env] Going to delete pvm: can_excel_upload Database
INFO  [alembic.env] Going to delete permission: can_excel_upload
INFO  [alembic.env] Going to delete pvm: can_columnar_upload Database
INFO  [alembic.env] Going to delete permission: can_columnar_upload
INFO  [alembic.runtime.migration] Running upgrade 74ad1125881c -> 94e7a3499973, Add folders column to datasets
INFO  [alembic.env] Adding column [32mfolders[0m to table [32mtables[0m...
INFO  [alembic.runtime.migration] Running upgrade 94e7a3499973 -> 32bf93dfe2a4, Add on cascade to foreign keys in ab_permission_view_role and ab_user_role
INFO  [alembic.env] Dropping foreign key [32mab_permission_view_role_permission_view_id_fkey[0m from table [32mab_permission_view_role[0m...
INFO  [alembic.env] Dropping foreign key [32mab_permission_view_role_role_id_fkey[0m from table [32mab_permission_view_role[0m...
INFO  [alembic.env] Creating foreign key [32mab_permission_view_role_role_id_fkey[0m on table [32mab_permission_view_role[0m...
INFO  [alembic.env] Creating foreign key [32mab_permission_view_role_permission_view_id_fkey[0m on table [32mab_permission_view_role[0m...
INFO  [alembic.env] Dropping foreign key [32mab_user_role_role_id_fkey[0m from table [32mab_user_role[0m...
INFO  [alembic.env] Dropping foreign key [32mab_user_role_user_id_fkey[0m from table [32mab_user_role[0m...
INFO  [alembic.env] Creating foreign key [32mab_user_role_user_id_fkey[0m on table [32mab_user_role[0m...
INFO  [alembic.env] Creating foreign key [32mab_user_role_role_id_fkey[0m on table [32mab_user_role[0m...
INFO  [alembic.runtime.migration] Running upgrade 32bf93dfe2a4 -> 378cecfdba9f, merge_x_axis_sort_series_with_x_axis_sort
INFO  [alembic.runtime.migration] Running upgrade 378cecfdba9f -> f1edd4a4d4f2, metric currency should be JSON
INFO  [alembic.runtime.migration] Running upgrade f1edd4a4d4f2 -> 363a9b1e8992, convert_metric_currencies_from_str_to_json
INFO  [alembic.runtime.migration] Running upgrade 363a9b1e8992 -> 3fd555e76e3d, theme_crud
INFO  [alembic.env] Creating table [32mthemes[0m...
INFO  [alembic.env] Table [32mthemes[0m created.
INFO  [alembic.env] Creating foreign key [32mfk_themes_created_by_fk_ab_user[0m on table [32mthemes[0m...
INFO  [alembic.env] Creating foreign key [32mfk_themes_changed_by_fk_ab_user[0m on table [32mthemes[0m...
INFO  [alembic.runtime.migration] Running upgrade 3fd555e76e3d -> cd1fb11291f2, add theme_id to dashboard model
INFO  [alembic.env] Adding column [32mtheme_id[0m to table [32mdashboards[0m...
INFO  [alembic.env] Creating foreign key [32mfk_dashboards_theme_id_themes[0m on table [32mdashboards[0m...
INFO  [alembic.runtime.migration] Running upgrade cd1fb11291f2 -> c233f5365c9e, is_system_default-is_system_dark
INFO  [alembic.env] Adding column [32mis_system_default[0m to table [32mthemes[0m...
INFO  [alembic.env] Adding column [32mis_system_dark[0m to table [32mthemes[0m...
INFO  [alembic.env] Creating index [32midx_theme_is_system_default[0m on table [32mthemes[0m
INFO  [alembic.env] Creating index [32midx_theme_is_system_dark[0m on table [32mthemes[0m
INFO  [alembic.runtime.migration] Running upgrade c233f5365c9e -> x2s8ocx6rto6, Expand username field to 128 chars
INFO  [alembic.env] Column ab_user.username already has length 128. Skipping migration.
INFO  [alembic.runtime.migration] Running upgrade x2s8ocx6rto6 -> a9c01ec10479, add_datetime_format_to_table_columns
INFO  [alembic.runtime.migration] Running upgrade a9c01ec10479 -> f5b5f88d8526, fix_form_data_string_in_query_context
INFO  [alembic.runtime.migration] Running upgrade f5b5f88d8526 -> 9787190b3d89, add currency column support
INFO  [alembic.env] Adding column [32mcurrency_code_column[0m to table [32mtables[0m...
INFO  [alembic.runtime.migration] Running upgrade 9787190b3d89 -> 4b2a8c9d3e1f, Create tasks and task_subscriber tables for Global Task Framework (GTF)
INFO  [alembic.env] Creating table [32mtasks[0m...
INFO  [alembic.env] Table [32mtasks[0m created.
INFO  [alembic.env] Creating index [32midx_tasks_dedup_key[0m on table [32mtasks[0m
INFO  [alembic.env] Creating index [32midx_tasks_status[0m on table [32mtasks[0m
INFO  [alembic.env] Creating index [32midx_tasks_scope[0m on table [32mtasks[0m
INFO  [alembic.env] Creating index [32midx_tasks_ended_at[0m on table [32mtasks[0m
INFO  [alembic.env] Creating index [32midx_tasks_created_by[0m on table [32mtasks[0m
INFO  [alembic.env] Creating index [32midx_tasks_created_on[0m on table [32mtasks[0m
INFO  [alembic.env] Creating index [32midx_tasks_task_key[0m on table [32mtasks[0m
INFO  [alembic.env] Creating index [32midx_tasks_task_type[0m on table [32mtasks[0m
INFO  [alembic.env] Creating index [32midx_tasks_uuid[0m on table [32mtasks[0m
INFO  [alembic.env] Creating foreign key [32mfk_tasks_created_by_fk_ab_user[0m on table [32mtasks[0m...
INFO  [alembic.env] Creating foreign key [32mfk_tasks_changed_by_fk_ab_user[0m on table [32mtasks[0m...
INFO  [alembic.env] Creating foreign key [32mfk_tasks_user_id_ab_user[0m on table [32mtasks[0m...
INFO  [alembic.env] Creating table [32mtask_subscribers[0m...
INFO  [alembic.env] Table [32mtask_subscribers[0m created.
INFO  [alembic.env] Creating index [32midx_task_subscribers_user_id[0m on table [32mtask_subscribers[0m
INFO  [alembic.env] Creating foreign key [32mfk_task_subscribers_task_id_tasks[0m on table [32mtask_subscribers[0m...
INFO  [alembic.env] Creating foreign key [32mfk_task_subscribers_user_id_ab_user[0m on table [32mtask_subscribers[0m...
INFO  [alembic.env] Creating foreign key [32mfk_task_subscribers_created_by_fk_ab_user[0m on table [32mtask_subscribers[0m...
INFO  [alembic.env] Creating foreign key [32mfk_task_subscribers_changed_by_fk_ab_user[0m on table [32mtask_subscribers[0m...
INFO  [alembic.runtime.migration] Running upgrade 4b2a8c9d3e1f -> a1b2c3d4e5f6, add granular export permissions
INFO  [alembic.runtime.migration] Running upgrade a1b2c3d4e5f6 -> ce6bd21901ab, migrate mapbox and deckgl charts to point_cluster_map
INFO  [alembic.runtime.migration] Running upgrade ce6bd21901ab -> 33d7e0e21daa, add_semantic_layers_and_views
INFO  [alembic.env] Creating table [32msemantic_layers[0m...
INFO  [alembic.env] Table [32msemantic_layers[0m created.
INFO  [alembic.env] Creating foreign key [32mfk_semantic_layers_created_by_fk_ab_user[0m on table [32msemantic_layers[0m...
INFO  [alembic.env] Creating foreign key [32mfk_semantic_layers_changed_by_fk_ab_user[0m on table [32msemantic_layers[0m...
INFO  [alembic.env] Creating table [32msemantic_views[0m...
INFO  [alembic.env] Table [32msemantic_views[0m created.
INFO  [alembic.env] Creating foreign key [32mfk_semantic_views_created_by_fk_ab_user[0m on table [32msemantic_views[0m...
INFO  [alembic.env] Creating foreign key [32mfk_semantic_views_changed_by_fk_ab_user[0m on table [32msemantic_views[0m...
INFO  [alembic.runtime.migration] Running upgrade 33d7e0e21daa -> 31dae2559c05, replay user_favorite_tag migration for users upgrading from 3.0.x
INFO  [alembic.env] Table [91muser_favorite_tag[0m already exists. Skipping...
INFO  [alembic.runtime.migration] Running upgrade 31dae2559c05 -> f7a1c93e0b21, add sessions_invalidated_at to user_attribute
INFO  [alembic.env] Adding column [32msessions_invalidated_at[0m to table [32muser_attribute[0m...
INFO  [alembic.env] Creating index [32mix_user_attribute_sessions_invalidated_at[0m on table [32muser_attribute[0m
INFO  [alembic.runtime.migration] Running upgrade 31dae2559c05 -> c8d2e3f4a5b6, add guest_token_revoked_before to embedded_dashboards
INFO  [alembic.env] Adding column [32mguest_token_revoked_before[0m to table [32membedded_dashboards[0m...
INFO  [alembic.runtime.migration] Running upgrade c8d2e3f4a5b6, f7a1c93e0b21 -> b7c9d1e2f3a4, add password_must_change to user_attribute
INFO  [alembic.env] Adding column [32mpassword_must_change[0m to table [32muser_attribute[0m...
INFO  [alembic.runtime.migration] Running upgrade b7c9d1e2f3a4 -> 78a40c08b4be, add server_host_key to ssh_tunnels
INFO  [alembic.env] Adding column [32mserver_host_key[0m to table [32mssh_tunnels[0m...
INFO  [alembic.runtime.migration] Running upgrade 78a40c08b4be -> a7d3f1b9c2e4, clean up stale can_import permission on ImportExportRestApi
INFO  [alembic.runtime.migration] Running upgrade a7d3f1b9c2e4 -> 2bee73611e32, composite_pk_association_tables
INFO  [alembic.runtime.migration] Running upgrade 2bee73611e32 -> 9e1f3b8c4d2a, Add deleted_at + partial unique slug index for soft-delete.
INFO  [alembic.env] Adding column [32mdeleted_at[0m to table [32mdashboards[0m...
INFO  [alembic.env] Creating index [32mix_dashboards_deleted_at[0m on table [32mdashboards[0m
INFO  [alembic.runtime.migration] Running upgrade 9e1f3b8c4d2a -> b4a3f2e1d0c9, fix Security view menu case
INFO  [alembic.env] No lowercase 'security' view-menu found; nothing to do.
INFO  [alembic.runtime.migration] Running upgrade b4a3f2e1d0c9 -> 7c4a8d09ca37, Add deleted_at column and index to slices for soft-delete.
INFO  [alembic.env] Adding column [32mdeleted_at[0m to table [32mslices[0m...
INFO  [alembic.env] Creating index [32mix_slices_deleted_at[0m on table [32mslices[0m
INFO  [alembic.runtime.migration] Running upgrade 7c4a8d09ca37 -> 3a8e6f2c1b95, Add deleted_at column and index to tables for soft-delete.
INFO  [alembic.env] Adding column [32mdeleted_at[0m to table [32mtables[0m...
INFO  [alembic.env] Creating index [32mix_tables_deleted_at[0m on table [32mtables[0m
INFO  [alembic.runtime.migration] Running upgrade 3a8e6f2c1b95 -> b1c2d3e4f5a6, add subjects and editor/viewer tables
INFO  [alembic.env] Creating table [32msubjects[0m...
INFO  [alembic.env] Table [32msubjects[0m created.
INFO  [alembic.env] Creating index [32mix_subjects_label[0m on table [32msubjects[0m
INFO  [alembic.env] Creating index [32mix_subjects_extra_search[0m on table [32msubjects[0m
INFO  [alembic.env] Creating index [32mix_subjects_user_id[0m on table [32msubjects[0m
INFO  [alembic.env] Creating index [32mix_subjects_role_id[0m on table [32msubjects[0m
INFO  [alembic.env] Creating index [32mix_subjects_group_id[0m on table [32msubjects[0m
INFO  [alembic.env] Creating foreign key [32mfk_subjects_user_id_ab_user[0m on table [32msubjects[0m...
INFO  [alembic.env] Creating foreign key [32mfk_subjects_role_id_ab_role[0m on table [32msubjects[0m...
INFO  [alembic.env] Creating foreign key [32mfk_subjects_group_id_ab_group[0m on table [32msubjects[0m...
INFO  [alembic.env] Creating foreign key [32mfk_subjects_created_by_fk_ab_user[0m on table [32msubjects[0m...
INFO  [alembic.env] Creating foreign key [32mfk_subjects_changed_by_fk_ab_user[0m on table [32msubjects[0m...
INFO  [alembic.env] Creating table [32mdashboard_editors[0m...
INFO  [alembic.env] Table [32mdashboard_editors[0m created.
INFO  [alembic.env] Creating foreign key [32mfk_dashboard_editors_subject_id_subjects[0m on table [32mdashboard_editors[0m...
INFO  [alembic.env] Creating foreign key [32mfk_dashboard_editors_dashboard_id_dashboards[0m on table [32mdashboard_editors[0m...
INFO  [alembic.env] Creating table [32mdashboard_viewers[0m...
INFO  [alembic.env] Table [32mdashboard_viewers[0m created.
INFO  [alembic.env] Creating foreign key [32mfk_dashboard_viewers_subject_id_subjects[0m on table [32mdashboard_viewers[0m...
INFO  [alembic.env] Creating foreign key [32mfk_dashboard_viewers_dashboard_id_dashboards[0m on table [32mdashboard_viewers[0m...
INFO  [alembic.env] Creating table [32mchart_editors[0m...
INFO  [alembic.env] Table [32mchart_editors[0m created.
INFO  [alembic.env] Creating foreign key [32mfk_chart_editors_subject_id_subjects[0m on table [32mchart_editors[0m...
INFO  [alembic.env] Creating foreign key [32mfk_chart_editors_chart_id_slices[0m on table [32mchart_editors[0m...
INFO  [alembic.env] Creating table [32mchart_viewers[0m...
INFO  [alembic.env] Table [32mchart_viewers[0m created.
INFO  [alembic.env] Creating foreign key [32mfk_chart_viewers_subject_id_subjects[0m on table [32mchart_viewers[0m...
INFO  [alembic.env] Creating foreign key [32mfk_chart_viewers_chart_id_slices[0m on table [32mchart_viewers[0m...
INFO  [alembic.env] Creating table [32msqlatable_editors[0m...
INFO  [alembic.env] Table [32msqlatable_editors[0m created.
INFO  [alembic.env] Creating foreign key [32mfk_sqlatable_editors_subject_id_subjects[0m on table [32msqlatable_editors[0m...
INFO  [alembic.env] Creating foreign key [32mfk_sqlatable_editors_table_id_tables[0m on table [32msqlatable_editors[0m...
INFO  [alembic.env] Creating table [32mreport_schedule_editors[0m...
INFO  [alembic.env] Table [32mreport_schedule_editors[0m created.
INFO  [alembic.env] Creating foreign key [32mfk_report_schedule_editors_subject_id_subjects[0m on table [32mreport_schedule_editors[0m...
INFO  [alembic.env] Creating foreign key [32mfk_report_schedule_editors_report_schedule_id_report_schedule[0m on table [32mreport_schedule_editors[0m...
INFO  [alembic.env] Creating table [32mrls_filter_subjects[0m...
INFO  [alembic.env] Table [32mrls_filter_subjects[0m created.
INFO  [alembic.env] Creating foreign key [32mfk_rls_filter_subjects_subject_id_subjects[0m on table [32mrls_filter_subjects[0m...
INFO  [alembic.env] Creating foreign key [32mfk_rls_filter_subjects_rls_filter_id_row_level_security_filters[0m on table [32mrls_filter_subjects[0m...
INFO  [alembic.env] Dropping table [32mdashboard_user[0m...
INFO  [alembic.env] Dropping foreign key [32mfk_dashboard_user_dashboard_id_dashboards[0m from table [32mdashboard_user[0m...
INFO  [alembic.env] Dropping foreign key [32mfk_dashboard_user_user_id_ab_user[0m from table [32mdashboard_user[0m...
INFO  [alembic.env] Table [32mdashboard_user[0m dropped.
INFO  [alembic.env] Dropping table [32mslice_user[0m...
INFO  [alembic.env] Dropping foreign key [32mfk_slice_user_slice_id_slices[0m from table [32mslice_user[0m...
INFO  [alembic.env] Dropping foreign key [32mfk_slice_user_user_id_ab_user[0m from table [32mslice_user[0m...
INFO  [alembic.env] Table [32mslice_user[0m dropped.
INFO  [alembic.env] Dropping table [32msqlatable_user[0m...
INFO  [alembic.env] Dropping foreign key [32mfk_sqlatable_user_table_id_tables[0m from table [32msqlatable_user[0m...
INFO  [alembic.env] Dropping foreign key [32mfk_sqlatable_user_user_id_ab_user[0m from table [32msqlatable_user[0m...
INFO  [alembic.env] Table [32msqlatable_user[0m dropped.
INFO  [alembic.env] Dropping table [32mreport_schedule_user[0m...
INFO  [alembic.env] Dropping foreign key [32mfk_report_schedule_user_report_schedule_id_report_schedule[0m from table [32mreport_schedule_user[0m...
INFO  [alembic.env] Dropping foreign key [32mfk_report_schedule_user_user_id_ab_user[0m from table [32mreport_schedule_user[0m...
INFO  [alembic.env] Table [32mreport_schedule_user[0m dropped.
INFO  [alembic.env] Dropping table [32mdashboard_roles[0m...
INFO  [alembic.env] Dropping foreign key [32mfk_dashboard_roles_dashboard_id_dashboards[0m from table [32mdashboard_roles[0m...
INFO  [alembic.env] Dropping foreign key [32mfk_dashboard_roles_role_id_ab_role[0m from table [32mdashboard_roles[0m...
INFO  [alembic.env] Table [32mdashboard_roles[0m dropped.
INFO  [alembic.env] Dropping table [32mrls_filter_roles[0m...
INFO  [alembic.env] Dropping foreign key [32mrls_filter_roles_rls_filter_id_fkey[0m from table [32mrls_filter_roles[0m...
INFO  [alembic.env] Dropping foreign key [32mrls_filter_roles_role_id_fkey[0m from table [32mrls_filter_roles[0m...
INFO  [alembic.env] Table [32mrls_filter_roles[0m dropped.
INFO  [alembic.runtime.migration] Running upgrade b1c2d3e4f5a6 -> 56cd24c07170, add_versioning_tables
INFO  [alembic.runtime.migration] Running upgrade 56cd24c07170 -> 8f3a1b2c4d5e, shadow_live_row_indexes
INFO  [alembic.runtime.migration] Running upgrade 8f3a1b2c4d5e -> d24e6b0a9c7f, strip metricSqlExpressions from ag_grid_table params
INFO  [alembic.runtime.migration] Running upgrade d24e6b0a9c7f -> e5f6a7b8c9d0, add_extension_storage_table
INFO  [alembic.runtime.migration] Running upgrade e5f6a7b8c9d0 -> d3b9a1f6c204, Add an index on version_transaction.issued_at.
INFO  [alembic.env] Creating index [32mix_version_transaction_issued_at[0m on table [32mversion_transaction[0m
INFO  [alembic.runtime.migration] Running upgrade d3b9a1f6c204 -> e7d93a524ff6, add purge_audit_log
INFO  [alembic.env] Creating table [32mpurge_audit_log[0m...
INFO  [alembic.env] Table [32mpurge_audit_log[0m created.
INFO  [alembic.env] Creating index [32mix_purge_audit_log_entity_uuid[0m on table [32mpurge_audit_log[0m
INFO  [alembic.env] Creating index [32mix_purge_audit_log_status_created_on[0m on table [32mpurge_audit_log[0m
INFO  [alembic.env] Creating index [32mix_dashboard_slices_version_slice_id[0m on table [32mdashboard_slices_version[0m
INFO  [alembic.runtime.migration] Running upgrade d3b9a1f6c204 -> d4e5f6a7b8c9, migrate_bubble_chart_to_echarts
INFO  [alembic.runtime.migration] Running upgrade d4e5f6a7b8c9 -> 88360afb61ed, migrate_compare_chart_to_echarts
INFO  [alembic.runtime.migration] Running upgrade 88360afb61ed, e7d93a524ff6 -> 9d744c5dd981, merge_compare_chart_migration_with_purge_audit_log
INFO  [alembic.runtime.migration] Running upgrade e7d93a524ff6 -> f3a8c1d2e9b7, add_report_retry_columns
INFO  [alembic.runtime.migration] Running upgrade f3a8c1d2e9b7 -> 16755d4ca4ae, Drop _customer_location_uc (take 2)
INFO  [alembic.runtime.migration] Running upgrade 16755d4ca4ae -> 1a27941d5352, restore pivot table percent display from orphaned aggregateFunction
INFO  [alembic.runtime.migration] Running upgrade f3a8c1d2e9b7, 9d744c5dd981 -> 0b99fc576740, merge report retry state columns migration with compare chart merge
INFO  [alembic.runtime.migration] Running upgrade 0b99fc576740, e5f6a7b8c9d0 -> 0be4b8f436f2, merge report retry state columns merge with extension storage table
INFO  [alembic.runtime.migration] Running upgrade 1a27941d5352, 0be4b8f436f2 -> 4f145192b583, merge pivot-table-percent-display restore with report-retry/compare-chart merge
INFO  [alembic.runtime.migration] Running upgrade 1a27941d5352 -> c4a1b8e2d739, migrate Databend connections to an explicit sslmode
INFO  [alembic.runtime.migration] Running upgrade c4a1b8e2d739, 4f145192b583 -> d7cecc48bd55, merge databend sslmode migration with pivot-table-percent-display restore
INFO  [alembic.runtime.migration] Running upgrade d7cecc48bd55 -> b8d2f4a6c901, Preserve MySQL audit ordering and index predecessor lookups.
INFO  [alembic.env] Creating index [32mix_purge_audit_log_retention_predecessor[0m on table [32mpurge_audit_log[0m
INFO  [alembic.runtime.migration] Running upgrade b8d2f4a6c901 -> 2d6ad72e4af6, add include_cta to report_schedule
INFO  [alembic.env] Adding column [32minclude_cta[0m to table [32mreport_schedule[0m...
INFO  [alembic.runtime.migration] Running upgrade b8d2f4a6c901 -> da0e3f0081bf, Enforce one OAuth2 token per (user_id, database_id).
INFO  [alembic.env] Creating index [32midx_user_id_database_id_tmp_unique[0m on table [32mdatabase_user_oauth2_tokens[0m
INFO  [alembic.env] Dropping index [32midx_user_id_database_id[0m from table [32mdatabase_user_oauth2_tokens[0m...
INFO  [alembic.env] Creating index [32midx_user_id_database_id[0m on table [32mdatabase_user_oauth2_tokens[0m
INFO  [alembic.env] Dropping index [32midx_user_id_database_id_tmp_unique[0m from table [32mdatabase_user_oauth2_tokens[0m...
INFO  [alembic.runtime.migration] Running upgrade da0e3f0081bf, 2d6ad72e4af6 -> 1072de5ed955, merge oauth2 token uniqueness with report_schedule include_cta
INFO  [alembic.runtime.migration] Running upgrade 1072de5ed955 -> 39097d124752, Add a reason to purge_audit_log.
INFO  [alembic.env] Adding column [32mreason[0m to table [32mpurge_audit_log[0m...
INFO  [alembic.env] Migration scripts completed. Duration: 00:00:01

Cleaning up slice uuid from dashboard position json..Cleaning up slice uuid from dashboard position json.. Done.      

Updated 0 pie chart labels.
0 slices altered

Cleaning up slice uuid from dashboard position json..Cleaning up slice uuid from dashboard position json.. Done.      

Updated 0 native filter configurations.
Updated 0 filter sets with 0 filters.
Upgraded 0 filters and 0 filter sets.
Upgraded 0 slices.
slices updated with no time_range_endpoints: 0
>> Assign new UUIDs to tables...
>> Drop intermediate columns...
[entrypoint-ownership] not loading examples (default)
[entrypoint-ownership] creating admin user (idempotent: fab create-admin no-ops if present)
Loaded your LOCAL configuration at [/app/pythonpath/superset_config_docker.py] (md5:13533f2cc1e9)
2026-09-14 04:14:29,951:WARNING:superset.initialization:--------------------------------------------------------------------------------
                                    WARNING
--------------------------------------------------------------------------------
2026-09-14 04:14:29,951:WARNING:superset.initialization:SQLALCHEMY_ENCRYPTED_FIELD_ENGINE is set to the legacy 'aes' engine (AES-CBC, unauthenticated). App-encrypted fields — database passwords, SSH tunnel credentials, OAuth2 tokens, and similar — would benefit from the authenticated 'aes-gcm' engine instead.
Switching engines on a populated database requires re-encrypting existing values first, since the two ciphertext formats are not interchangeable:
  1. Back up the metadata database.
  2. superset re-encrypt-secrets --engine aes-gcm
  3. Set SQLALCHEMY_ENCRYPTED_FIELD_ENGINE = 'aes-gcm' in superset_config.py.
  4. Restart Superset, then re-run the command above once more to sweep up any values written during the cutover.
See UPDATING.md and docs/sip/authenticated-encryption-at-rest.md for the full runbook.
2026-09-14 04:14:29,951:WARNING:superset.initialization:--------------------------------------------------------------------------------
--------------------------------------------------------------------------------
2026-09-14 04:14:29,968:INFO:superset.initialization:Registering blueprint: superset_ownership
2026-09-14 04:14:29,978:WARNING:py.warnings:/app/.venv/lib/python3.11/site-packages/flask_limiter/extension.py:324: UserWarning: Using the in-memory storage for tracking rate limits as no storage was explicitly specified. This is not recommended for production use. See: https://flask-limiter.readthedocs.io#configuring-a-storage-backend for documentation about configuring the storage backend.
  warnings.warn(

2026-09-14 04:14:30,227:INFO:superset.subjects.hooks:Subject sync hooks registered
2026-09-14 04:14:30,228:INFO:superset_ownership.flags:superset_ownership: OWNERSHIP_ENABLED=True FEATURE_FLAGS['OBJECT_OWNERSHIP']=True (one switch; the flag is derived from the setting)
2026-09-14 04:14:30,229:INFO:superset_ownership.plugins:ownership: authorizer = superset_ownership.authz:OpenFGAAuthorizer (protocol v1, from config)
2026-09-14 04:14:30,229:INFO:superset_ownership.plugins:ownership: directory = superset_ownership.directory:OpenFGADirectory (protocol v1, from config)
2026-09-14 04:14:30,229:INFO:superset_ownership.plugins:ownership: identity = superset_ownership.identity:DefaultIdentity (protocol v1, from default)
2026-09-14 04:14:30,229:INFO:superset_ownership.plugins:ownership: fga = http://openfga:8080 store=01M2F1YX7HXW7QGTJ6BJHYHTRZ model=01M2F1Z0RT7PGRH9T4FC9MDVAF
2026-09-14 04:14:30,234:INFO:alembic.runtime.migration:Context impl PostgresqlImpl.
2026-09-14 04:14:30,234:INFO:alembic.runtime.migration:Will assume transactional DDL.
2026-09-14 04:14:30,236:INFO:superset_ownership.migrate:superset_ownership: chain upgraded to head
2026-09-14 04:14:30,240:INFO:alembic.runtime.migration:Context impl PostgresqlImpl.
2026-09-14 04:14:30,240:INFO:alembic.runtime.migration:Will assume transactional DDL.
2026-09-14 04:14:30,245:INFO:alembic.runtime.migration:Context impl PostgresqlImpl.
2026-09-14 04:14:30,245:INFO:alembic.runtime.migration:Will assume transactional DDL.
2026-09-14 04:14:30,252:INFO:alembic.runtime.migration:Context impl PostgresqlImpl.
2026-09-14 04:14:30,252:INFO:alembic.runtime.migration:Will assume transactional DDL.
2026-09-14 04:14:30,259:INFO:alembic.runtime.migration:Context impl PostgresqlImpl.
2026-09-14 04:14:30,259:INFO:alembic.runtime.migration:Will assume transactional DDL.
2026-09-14 04:14:30,260:INFO:superset_ownership.db:superset_ownership: schema at 0003_ownership_foreign_keys
2026-09-14 04:14:30,260:WARNING:superset_ownership.outbox:superset_ownership: the outbox is ENABLED but no Celery beat entry runs superset_ownership.outbox.drain. Sharing changes will queue and never reach the authorization store unless `superset ownership outbox drain` is run by something.
2026-09-14 04:14:30,260:INFO:superset_ownership.guard:superset_ownership: viewers guard installed
2026-09-14 04:14:30,261:INFO:superset_ownership.cli:superset_ownership: CLI registered (superset ownership --help)
2026-09-14 04:14:30,331:INFO:superset_ownership.dashboard_patch:superset_ownership: dashboard-chart access marker installed
2026-09-14 04:14:30,338:INFO:superset_ownership.sentinel:superset_ownership: created sentinel role __ownership_sentinel__
2026-09-14 04:14:30,345:INFO:alembic.runtime.migration:Context impl PostgresqlImpl.
2026-09-14 04:14:30,345:INFO:alembic.runtime.migration:Will assume transactional DDL.
2026-09-14 04:14:30,352:INFO:superset_ownership.lifecycle:superset_ownership: startup check ok
2026-09-14 04:14:30,352:INFO:alembic.runtime.migration:Context impl PostgresqlImpl.
2026-09-14 04:14:30,352:INFO:alembic.runtime.migration:Will assume transactional DDL.
2026-09-14 04:14:30,519:INFO:superset.app:Syncing configuration to database...
2026-09-14 04:14:30,526:INFO:superset.app:Configuration sync to database completed successfully
2026-09-14 04:14:30,718:INFO:superset.core.mcp.core_mcp_injection:fastmcp is not installed, skipping MCP initialization. Install it with: pip install 'apache-superset[fastmcp]'
Recognized Database Authentications.
Admin User admin created.
Loaded your LOCAL configuration at [/app/pythonpath/superset_config_docker.py] (md5:13533f2cc1e9)
2026-09-14 04:14:33,778:WARNING:superset.initialization:--------------------------------------------------------------------------------
                                    WARNING
--------------------------------------------------------------------------------
2026-09-14 04:14:33,778:WARNING:superset.initialization:SQLALCHEMY_ENCRYPTED_FIELD_ENGINE is set to the legacy 'aes' engine (AES-CBC, unauthenticated). App-encrypted fields — database passwords, SSH tunnel credentials, OAuth2 tokens, and similar — would benefit from the authenticated 'aes-gcm' engine instead.
Switching engines on a populated database requires re-encrypting existing values first, since the two ciphertext formats are not interchangeable:
  1. Back up the metadata database.
  2. superset re-encrypt-secrets --engine aes-gcm
  3. Set SQLALCHEMY_ENCRYPTED_FIELD_ENGINE = 'aes-gcm' in superset_config.py.
  4. Restart Superset, then re-run the command above once more to sweep up any values written during the cutover.
See UPDATING.md and docs/sip/authenticated-encryption-at-rest.md for the full runbook.
2026-09-14 04:14:33,778:WARNING:superset.initialization:--------------------------------------------------------------------------------
--------------------------------------------------------------------------------
2026-09-14 04:14:33,796:INFO:superset.initialization:Registering blueprint: superset_ownership
2026-09-14 04:14:33,806:WARNING:py.warnings:/app/.venv/lib/python3.11/site-packages/flask_limiter/extension.py:324: UserWarning: Using the in-memory storage for tracking rate limits as no storage was explicitly specified. This is not recommended for production use. See: https://flask-limiter.readthedocs.io#configuring-a-storage-backend for documentation about configuring the storage backend.
  warnings.warn(

2026-09-14 04:14:34,057:INFO:superset.subjects.hooks:Subject sync hooks registered
2026-09-14 04:14:34,057:INFO:superset_ownership.flags:superset_ownership: OWNERSHIP_ENABLED=True FEATURE_FLAGS['OBJECT_OWNERSHIP']=True (one switch; the flag is derived from the setting)
2026-09-14 04:14:34,058:INFO:superset_ownership.plugins:ownership: authorizer = superset_ownership.authz:OpenFGAAuthorizer (protocol v1, from config)
2026-09-14 04:14:34,058:INFO:superset_ownership.plugins:ownership: directory = superset_ownership.directory:OpenFGADirectory (protocol v1, from config)
2026-09-14 04:14:34,058:INFO:superset_ownership.plugins:ownership: identity = superset_ownership.identity:DefaultIdentity (protocol v1, from default)
2026-09-14 04:14:34,058:INFO:superset_ownership.plugins:ownership: fga = http://openfga:8080 store=01M2F1YX7HXW7QGTJ6BJHYHTRZ model=01M2F1Z0RT7PGRH9T4FC9MDVAF
2026-09-14 04:14:34,063:INFO:alembic.runtime.migration:Context impl PostgresqlImpl.
2026-09-14 04:14:34,063:INFO:alembic.runtime.migration:Will assume transactional DDL.
2026-09-14 04:14:34,065:INFO:superset_ownership.migrate:superset_ownership: chain upgraded to head
2026-09-14 04:14:34,069:INFO:alembic.runtime.migration:Context impl PostgresqlImpl.
2026-09-14 04:14:34,069:INFO:alembic.runtime.migration:Will assume transactional DDL.
2026-09-14 04:14:34,074:INFO:alembic.runtime.migration:Context impl PostgresqlImpl.
2026-09-14 04:14:34,074:INFO:alembic.runtime.migration:Will assume transactional DDL.
2026-09-14 04:14:34,081:INFO:alembic.runtime.migration:Context impl PostgresqlImpl.
2026-09-14 04:14:34,081:INFO:alembic.runtime.migration:Will assume transactional DDL.
2026-09-14 04:14:34,088:INFO:alembic.runtime.migration:Context impl PostgresqlImpl.
2026-09-14 04:14:34,088:INFO:alembic.runtime.migration:Will assume transactional DDL.
2026-09-14 04:14:34,089:INFO:superset_ownership.db:superset_ownership: schema at 0003_ownership_foreign_keys
2026-09-14 04:14:34,089:WARNING:superset_ownership.outbox:superset_ownership: the outbox is ENABLED but no Celery beat entry runs superset_ownership.outbox.drain. Sharing changes will queue and never reach the authorization store unless `superset ownership outbox drain` is run by something.
2026-09-14 04:14:34,089:INFO:superset_ownership.guard:superset_ownership: viewers guard installed
2026-09-14 04:14:34,090:INFO:superset_ownership.cli:superset_ownership: CLI registered (superset ownership --help)
2026-09-14 04:14:34,162:INFO:superset_ownership.dashboard_patch:superset_ownership: dashboard-chart access marker installed
2026-09-14 04:14:34,171:INFO:alembic.runtime.migration:Context impl PostgresqlImpl.
2026-09-14 04:14:34,172:INFO:alembic.runtime.migration:Will assume transactional DDL.
2026-09-14 04:14:34,178:INFO:superset_ownership.lifecycle:superset_ownership: startup check ok
2026-09-14 04:14:34,179:INFO:alembic.runtime.migration:Context impl PostgresqlImpl.
2026-09-14 04:14:34,179:INFO:alembic.runtime.migration:Will assume transactional DDL.
2026-09-14 04:14:34,332:INFO:superset.app:Syncing configuration to database...
2026-09-14 04:14:34,338:INFO:superset.app:Configuration sync to database completed successfully
2026-09-14 04:14:34,531:INFO:superset.core.mcp.core_mcp_injection:fastmcp is not installed, skipping MCP initialization. Install it with: pip install 'apache-superset[fastmcp]'
2026-09-14 04:14:35,951:INFO:superset.security.manager:Syncing role definition
2026-09-14 04:14:35,990:INFO:superset.security.manager:Syncing Admin perms
2026-09-14 04:14:35,992:INFO:superset.security.manager:Syncing Alpha perms
2026-09-14 04:14:36,059:INFO:superset.security.manager:Syncing Gamma perms
2026-09-14 04:14:36,127:INFO:superset.security.manager:Syncing sql_lab perms
2026-09-14 04:14:36,191:INFO:superset.security.manager:Fetching a set of all perms to lookup which ones are missing
2026-09-14 04:14:36,193:INFO:superset.security.manager:Creating missing datasource permissions.
2026-09-14 04:14:36,195:INFO:superset.security.manager:Creating missing database permissions.
2026-09-14 04:14:36,197:INFO:superset.security.manager:Creating missing semantic layer and view permissions.
2026-09-14 04:14:36,199:INFO:superset.security.manager:Cleaning faulty perms
[entrypoint-ownership] waiting for OpenFGA at http://openfga:8080
[entrypoint-ownership] OpenFGA is up
[entrypoint-ownership] superset ownership db upgrade (parallel chain, alembic_version_ownership)
Loaded your LOCAL configuration at [/app/pythonpath/superset_config_docker.py] (md5:13533f2cc1e9)
2026-09-14 04:14:39,112:WARNING:superset.initialization:--------------------------------------------------------------------------------
                                    WARNING
--------------------------------------------------------------------------------
2026-09-14 04:14:39,112:WARNING:superset.initialization:SQLALCHEMY_ENCRYPTED_FIELD_ENGINE is set to the legacy 'aes' engine (AES-CBC, unauthenticated). App-encrypted fields — database passwords, SSH tunnel credentials, OAuth2 tokens, and similar — would benefit from the authenticated 'aes-gcm' engine instead.
Switching engines on a populated database requires re-encrypting existing values first, since the two ciphertext formats are not interchangeable:
  1. Back up the metadata database.
  2. superset re-encrypt-secrets --engine aes-gcm
  3. Set SQLALCHEMY_ENCRYPTED_FIELD_ENGINE = 'aes-gcm' in superset_config.py.
  4. Restart Superset, then re-run the command above once more to sweep up any values written during the cutover.
See UPDATING.md and docs/sip/authenticated-encryption-at-rest.md for the full runbook.
2026-09-14 04:14:39,112:WARNING:superset.initialization:--------------------------------------------------------------------------------
--------------------------------------------------------------------------------
2026-09-14 04:14:39,131:INFO:superset.initialization:Registering blueprint: superset_ownership
2026-09-14 04:14:39,141:WARNING:py.warnings:/app/.venv/lib/python3.11/site-packages/flask_limiter/extension.py:324: UserWarning: Using the in-memory storage for tracking rate limits as no storage was explicitly specified. This is not recommended for production use. See: https://flask-limiter.readthedocs.io#configuring-a-storage-backend for documentation about configuring the storage backend.
  warnings.warn(

2026-09-14 04:14:39,425:INFO:superset.subjects.hooks:Subject sync hooks registered
2026-09-14 04:14:39,425:INFO:superset_ownership.flags:superset_ownership: OWNERSHIP_ENABLED=True FEATURE_FLAGS['OBJECT_OWNERSHIP']=True (one switch; the flag is derived from the setting)
2026-09-14 04:14:39,426:INFO:superset_ownership.plugins:ownership: authorizer = superset_ownership.authz:OpenFGAAuthorizer (protocol v1, from config)
2026-09-14 04:14:39,426:INFO:superset_ownership.plugins:ownership: directory = superset_ownership.directory:OpenFGADirectory (protocol v1, from config)
2026-09-14 04:14:39,426:INFO:superset_ownership.plugins:ownership: identity = superset_ownership.identity:DefaultIdentity (protocol v1, from default)
2026-09-14 04:14:39,426:INFO:superset_ownership.plugins:ownership: fga = http://openfga:8080 store=01M2F1YX7HXW7QGTJ6BJHYHTRZ model=01M2F1Z0RT7PGRH9T4FC9MDVAF
2026-09-14 04:14:39,431:INFO:alembic.runtime.migration:Context impl PostgresqlImpl.
2026-09-14 04:14:39,431:INFO:alembic.runtime.migration:Will assume transactional DDL.
2026-09-14 04:14:39,433:INFO:superset_ownership.migrate:superset_ownership: chain upgraded to head
2026-09-14 04:14:39,437:INFO:alembic.runtime.migration:Context impl PostgresqlImpl.
2026-09-14 04:14:39,437:INFO:alembic.runtime.migration:Will assume transactional DDL.
2026-09-14 04:14:39,442:INFO:alembic.runtime.migration:Context impl PostgresqlImpl.
2026-09-14 04:14:39,442:INFO:alembic.runtime.migration:Will assume transactional DDL.
2026-09-14 04:14:39,450:INFO:alembic.runtime.migration:Context impl PostgresqlImpl.
2026-09-14 04:14:39,450:INFO:alembic.runtime.migration:Will assume transactional DDL.
2026-09-14 04:14:39,456:INFO:alembic.runtime.migration:Context impl PostgresqlImpl.
2026-09-14 04:14:39,456:INFO:alembic.runtime.migration:Will assume transactional DDL.
2026-09-14 04:14:39,457:INFO:superset_ownership.db:superset_ownership: schema at 0003_ownership_foreign_keys
2026-09-14 04:14:39,457:WARNING:superset_ownership.outbox:superset_ownership: the outbox is ENABLED but no Celery beat entry runs superset_ownership.outbox.drain. Sharing changes will queue and never reach the authorization store unless `superset ownership outbox drain` is run by something.
2026-09-14 04:14:39,458:INFO:superset_ownership.guard:superset_ownership: viewers guard installed
2026-09-14 04:14:39,459:INFO:superset_ownership.cli:superset_ownership: CLI registered (superset ownership --help)
2026-09-14 04:14:39,532:INFO:superset_ownership.dashboard_patch:superset_ownership: dashboard-chart access marker installed
2026-09-14 04:14:39,542:INFO:alembic.runtime.migration:Context impl PostgresqlImpl.
2026-09-14 04:14:39,542:INFO:alembic.runtime.migration:Will assume transactional DDL.
2026-09-14 04:14:39,550:INFO:superset_ownership.lifecycle:superset_ownership: startup check ok
2026-09-14 04:14:39,550:INFO:alembic.runtime.migration:Context impl PostgresqlImpl.
2026-09-14 04:14:39,550:INFO:alembic.runtime.migration:Will assume transactional DDL.
2026-09-14 04:14:39,701:INFO:superset.app:Syncing configuration to database...
2026-09-14 04:14:39,707:INFO:superset.app:Configuration sync to database completed successfully
2026-09-14 04:14:39,889:INFO:superset.core.mcp.core_mcp_injection:fastmcp is not installed, skipping MCP initialization. Install it with: pip install 'apache-superset[fastmcp]'
2026-09-14 04:14:39,894:INFO:alembic.runtime.migration:Context impl PostgresqlImpl.
2026-09-14 04:14:39,894:INFO:alembic.runtime.migration:Will assume transactional DDL.
2026-09-14 04:14:39,896:INFO:superset_ownership.migrate:superset_ownership: chain upgraded to head
2026-09-14 04:14:39,900:INFO:alembic.runtime.migration:Context impl PostgresqlImpl.
2026-09-14 04:14:39,900:INFO:alembic.runtime.migration:Will assume transactional DDL.
2026-09-14 04:14:39,905:INFO:alembic.runtime.migration:Context impl PostgresqlImpl.
2026-09-14 04:14:39,905:INFO:alembic.runtime.migration:Will assume transactional DDL.
2026-09-14 04:14:39,912:INFO:alembic.runtime.migration:Context impl PostgresqlImpl.
2026-09-14 04:14:39,912:INFO:alembic.runtime.migration:Will assume transactional DDL.
2026-09-14 04:14:39,919:INFO:alembic.runtime.migration:Context impl PostgresqlImpl.
2026-09-14 04:14:39,919:INFO:alembic.runtime.migration:Will assume transactional DDL.
{
  "chain": "ownership",
  "current": "0003_ownership_foreign_keys",
  "upgraded_to": "head"
}
[entrypoint-ownership] superset ownership backfill (every pre-existing chart/dashboard -> public, owner=creator; idempotent)
Loaded your LOCAL configuration at [/app/pythonpath/superset_config_docker.py] (md5:13533f2cc1e9)
2026-09-14 04:14:42,703:WARNING:superset.initialization:--------------------------------------------------------------------------------
                                    WARNING
--------------------------------------------------------------------------------
2026-09-14 04:14:42,703:WARNING:superset.initialization:SQLALCHEMY_ENCRYPTED_FIELD_ENGINE is set to the legacy 'aes' engine (AES-CBC, unauthenticated). App-encrypted fields — database passwords, SSH tunnel credentials, OAuth2 tokens, and similar — would benefit from the authenticated 'aes-gcm' engine instead.
Switching engines on a populated database requires re-encrypting existing values first, since the two ciphertext formats are not interchangeable:
  1. Back up the metadata database.
  2. superset re-encrypt-secrets --engine aes-gcm
  3. Set SQLALCHEMY_ENCRYPTED_FIELD_ENGINE = 'aes-gcm' in superset_config.py.
  4. Restart Superset, then re-run the command above once more to sweep up any values written during the cutover.
See UPDATING.md and docs/sip/authenticated-encryption-at-rest.md for the full runbook.
2026-09-14 04:14:42,703:WARNING:superset.initialization:--------------------------------------------------------------------------------
--------------------------------------------------------------------------------
2026-09-14 04:14:42,721:INFO:superset.initialization:Registering blueprint: superset_ownership
2026-09-14 04:14:42,773:WARNING:py.warnings:/app/.venv/lib/python3.11/site-packages/flask_limiter/extension.py:324: UserWarning: Using the in-memory storage for tracking rate limits as no storage was explicitly specified. This is not recommended for production use. See: https://flask-limiter.readthedocs.io#configuring-a-storage-backend for documentation about configuring the storage backend.
  warnings.warn(

2026-09-14 04:14:43,073:INFO:superset.subjects.hooks:Subject sync hooks registered
2026-09-14 04:14:43,073:INFO:superset_ownership.flags:superset_ownership: OWNERSHIP_ENABLED=True FEATURE_FLAGS['OBJECT_OWNERSHIP']=True (one switch; the flag is derived from the setting)
2026-09-14 04:14:43,074:INFO:superset_ownership.plugins:ownership: authorizer = superset_ownership.authz:OpenFGAAuthorizer (protocol v1, from config)
2026-09-14 04:14:43,074:INFO:superset_ownership.plugins:ownership: directory = superset_ownership.directory:OpenFGADirectory (protocol v1, from config)
2026-09-14 04:14:43,074:INFO:superset_ownership.plugins:ownership: identity = superset_ownership.identity:DefaultIdentity (protocol v1, from default)
2026-09-14 04:14:43,074:INFO:superset_ownership.plugins:ownership: fga = http://openfga:8080 store=01M2F1YX7HXW7QGTJ6BJHYHTRZ model=01M2F1Z0RT7PGRH9T4FC9MDVAF
2026-09-14 04:14:43,080:INFO:alembic.runtime.migration:Context impl PostgresqlImpl.
2026-09-14 04:14:43,080:INFO:alembic.runtime.migration:Will assume transactional DDL.
2026-09-14 04:14:43,082:INFO:superset_ownership.migrate:superset_ownership: chain upgraded to head
2026-09-14 04:14:43,087:INFO:alembic.runtime.migration:Context impl PostgresqlImpl.
2026-09-14 04:14:43,087:INFO:alembic.runtime.migration:Will assume transactional DDL.
2026-09-14 04:14:43,094:INFO:alembic.runtime.migration:Context impl PostgresqlImpl.
2026-09-14 04:14:43,094:INFO:alembic.runtime.migration:Will assume transactional DDL.
2026-09-14 04:14:43,104:INFO:alembic.runtime.migration:Context impl PostgresqlImpl.
2026-09-14 04:14:43,104:INFO:alembic.runtime.migration:Will assume transactional DDL.
2026-09-14 04:14:43,113:INFO:alembic.runtime.migration:Context impl PostgresqlImpl.
2026-09-14 04:14:43,113:INFO:alembic.runtime.migration:Will assume transactional DDL.
2026-09-14 04:14:43,114:INFO:superset_ownership.db:superset_ownership: schema at 0003_ownership_foreign_keys
2026-09-14 04:14:43,115:WARNING:superset_ownership.outbox:superset_ownership: the outbox is ENABLED but no Celery beat entry runs superset_ownership.outbox.drain. Sharing changes will queue and never reach the authorization store unless `superset ownership outbox drain` is run by something.
2026-09-14 04:14:43,115:INFO:superset_ownership.guard:superset_ownership: viewers guard installed
2026-09-14 04:14:43,116:INFO:superset_ownership.cli:superset_ownership: CLI registered (superset ownership --help)
2026-09-14 04:14:43,214:INFO:superset_ownership.dashboard_patch:superset_ownership: dashboard-chart access marker installed
2026-09-14 04:14:43,224:INFO:alembic.runtime.migration:Context impl PostgresqlImpl.
2026-09-14 04:14:43,224:INFO:alembic.runtime.migration:Will assume transactional DDL.
2026-09-14 04:14:43,231:INFO:superset_ownership.lifecycle:superset_ownership: startup check ok
2026-09-14 04:14:43,231:INFO:alembic.runtime.migration:Context impl PostgresqlImpl.
2026-09-14 04:14:43,231:INFO:alembic.runtime.migration:Will assume transactional DDL.
2026-09-14 04:14:43,364:INFO:superset.app:Syncing configuration to database...
2026-09-14 04:14:43,370:INFO:superset.app:Configuration sync to database completed successfully
2026-09-14 04:14:43,634:INFO:superset.core.mcp.core_mcp_injection:fastmcp is not installed, skipping MCP initialization. Install it with: pip install 'apache-superset[fastmcp]'
2026-09-14 04:14:43,641:INFO:alembic.runtime.migration:Context impl PostgresqlImpl.
2026-09-14 04:14:43,641:INFO:alembic.runtime.migration:Will assume transactional DDL.
2026-09-14 04:14:43,643:INFO:superset_ownership.migrate:superset_ownership: chain upgraded to head
2026-09-14 04:14:43,648:INFO:alembic.runtime.migration:Context impl PostgresqlImpl.
2026-09-14 04:14:43,648:INFO:alembic.runtime.migration:Will assume transactional DDL.
2026-09-14 04:14:43,653:INFO:alembic.runtime.migration:Context impl PostgresqlImpl.
2026-09-14 04:14:43,653:INFO:alembic.runtime.migration:Will assume transactional DDL.
2026-09-14 04:14:43,660:INFO:alembic.runtime.migration:Context impl PostgresqlImpl.
2026-09-14 04:14:43,660:INFO:alembic.runtime.migration:Will assume transactional DDL.
2026-09-14 04:14:43,666:INFO:alembic.runtime.migration:Context impl PostgresqlImpl.
2026-09-14 04:14:43,666:INFO:alembic.runtime.migration:Will assume transactional DDL.
2026-09-14 04:14:43,667:INFO:superset_ownership.db:superset_ownership: schema at 0003_ownership_foreign_keys
2026-09-14 04:14:43,673:INFO:superset_ownership.backfill:superset_ownership backfill: 0 candidate tenant role(s), 0 confirmed in the authorization store: []
2026-09-14 04:14:43,673:INFO:superset_ownership.backfill:superset_ownership backfill: 0 tenants found; not assigning unowned objects to a tenant administrator (cannot tell which tenant a legacy object belongs to)
2026-09-14 04:14:43,674:INFO:superset_ownership.backfill:superset_ownership backfill: 0 datasource(s) bound to a tenant
2026-09-14 04:14:43,678:INFO:superset_ownership.lifecycle:superset_ownership: reconcile -> {'checked': 0, 'owner_tuple_missing': 0, 'owner_tuple_wrong': 0, 'owner_tuple_written': 0, 'owner_tuple_removed': 0, 'share_tuples_without_row': 0, 'dry_run': False, 'share_rows_without_object': 0}
2026-09-14 04:14:43,679:INFO:superset_ownership.lifecycle:superset_ownership: reconcile -> {'checked': 0, 'owner_tuple_missing': 0, 'owner_tuple_wrong': 0, 'owner_tuple_written': 0, 'owner_tuple_removed': 0, 'share_tuples_without_row': 0, 'dry_run': True, 'share_rows_without_object': 0}
superset_ownership backfill [dashboard]: 0 created, 0 re-attributed, 0 tenant stamped, 0 still UNOWNED
superset_ownership backfill [chart]: 0 created, 0 re-attributed, 0 tenant stamped, 0 still UNOWNED
superset_ownership backfill: default_owner=None
[entrypoint-ownership] backfill summary: [dashboard]: 0 created, 0 re-attributed, 0 tenant stamped, 0 still UNOWNED;[chart]: 0 created, 0 re-attributed, 0 tenant stamped, 0 still UNOWNED
[entrypoint-ownership] superset ownership backfill-tenants (stamp a tenant on any object the sweep above could not)
Loaded your LOCAL configuration at [/app/pythonpath/superset_config_docker.py] (md5:13533f2cc1e9)
2026-09-14 04:14:46,608:WARNING:superset.initialization:--------------------------------------------------------------------------------
                                    WARNING
--------------------------------------------------------------------------------
2026-09-14 04:14:46,608:WARNING:superset.initialization:SQLALCHEMY_ENCRYPTED_FIELD_ENGINE is set to the legacy 'aes' engine (AES-CBC, unauthenticated). App-encrypted fields — database passwords, SSH tunnel credentials, OAuth2 tokens, and similar — would benefit from the authenticated 'aes-gcm' engine instead.
Switching engines on a populated database requires re-encrypting existing values first, since the two ciphertext formats are not interchangeable:
  1. Back up the metadata database.
  2. superset re-encrypt-secrets --engine aes-gcm
  3. Set SQLALCHEMY_ENCRYPTED_FIELD_ENGINE = 'aes-gcm' in superset_config.py.
  4. Restart Superset, then re-run the command above once more to sweep up any values written during the cutover.
See UPDATING.md and docs/sip/authenticated-encryption-at-rest.md for the full runbook.
2026-09-14 04:14:46,608:WARNING:superset.initialization:--------------------------------------------------------------------------------
--------------------------------------------------------------------------------
2026-09-14 04:14:46,626:INFO:superset.initialization:Registering blueprint: superset_ownership
2026-09-14 04:14:46,636:WARNING:py.warnings:/app/.venv/lib/python3.11/site-packages/flask_limiter/extension.py:324: UserWarning: Using the in-memory storage for tracking rate limits as no storage was explicitly specified. This is not recommended for production use. See: https://flask-limiter.readthedocs.io#configuring-a-storage-backend for documentation about configuring the storage backend.
  warnings.warn(

2026-09-14 04:14:46,905:INFO:superset.subjects.hooks:Subject sync hooks registered
2026-09-14 04:14:46,905:INFO:superset_ownership.flags:superset_ownership: OWNERSHIP_ENABLED=True FEATURE_FLAGS['OBJECT_OWNERSHIP']=True (one switch; the flag is derived from the setting)
2026-09-14 04:14:46,906:INFO:superset_ownership.plugins:ownership: authorizer = superset_ownership.authz:OpenFGAAuthorizer (protocol v1, from config)
2026-09-14 04:14:46,906:INFO:superset_ownership.plugins:ownership: directory = superset_ownership.directory:OpenFGADirectory (protocol v1, from config)
2026-09-14 04:14:46,906:INFO:superset_ownership.plugins:ownership: identity = superset_ownership.identity:DefaultIdentity (protocol v1, from default)
2026-09-14 04:14:46,906:INFO:superset_ownership.plugins:ownership: fga = http://openfga:8080 store=01M2F1YX7HXW7QGTJ6BJHYHTRZ model=01M2F1Z0RT7PGRH9T4FC9MDVAF
2026-09-14 04:14:46,911:INFO:alembic.runtime.migration:Context impl PostgresqlImpl.
2026-09-14 04:14:46,911:INFO:alembic.runtime.migration:Will assume transactional DDL.
2026-09-14 04:14:46,913:INFO:superset_ownership.migrate:superset_ownership: chain upgraded to head
2026-09-14 04:14:46,917:INFO:alembic.runtime.migration:Context impl PostgresqlImpl.
2026-09-14 04:14:46,917:INFO:alembic.runtime.migration:Will assume transactional DDL.
2026-09-14 04:14:46,923:INFO:alembic.runtime.migration:Context impl PostgresqlImpl.
2026-09-14 04:14:46,923:INFO:alembic.runtime.migration:Will assume transactional DDL.
2026-09-14 04:14:46,930:INFO:alembic.runtime.migration:Context impl PostgresqlImpl.
2026-09-14 04:14:46,930:INFO:alembic.runtime.migration:Will assume transactional DDL.
2026-09-14 04:14:46,937:INFO:alembic.runtime.migration:Context impl PostgresqlImpl.
2026-09-14 04:14:46,937:INFO:alembic.runtime.migration:Will assume transactional DDL.
2026-09-14 04:14:46,938:INFO:superset_ownership.db:superset_ownership: schema at 0003_ownership_foreign_keys
2026-09-14 04:14:46,938:WARNING:superset_ownership.outbox:superset_ownership: the outbox is ENABLED but no Celery beat entry runs superset_ownership.outbox.drain. Sharing changes will queue and never reach the authorization store unless `superset ownership outbox drain` is run by something.
2026-09-14 04:14:46,938:INFO:superset_ownership.guard:superset_ownership: viewers guard installed
2026-09-14 04:14:46,939:INFO:superset_ownership.cli:superset_ownership: CLI registered (superset ownership --help)
2026-09-14 04:14:47,020:INFO:superset_ownership.dashboard_patch:superset_ownership: dashboard-chart access marker installed
2026-09-14 04:14:47,030:INFO:alembic.runtime.migration:Context impl PostgresqlImpl.
2026-09-14 04:14:47,030:INFO:alembic.runtime.migration:Will assume transactional DDL.
2026-09-14 04:14:47,038:INFO:superset_ownership.lifecycle:superset_ownership: startup check ok
2026-09-14 04:14:47,038:INFO:alembic.runtime.migration:Context impl PostgresqlImpl.
2026-09-14 04:14:47,038:INFO:alembic.runtime.migration:Will assume transactional DDL.
2026-09-14 04:14:47,215:INFO:superset.app:Syncing configuration to database...
2026-09-14 04:14:47,221:INFO:superset.app:Configuration sync to database completed successfully
2026-09-14 04:14:47,452:INFO:superset.core.mcp.core_mcp_injection:fastmcp is not installed, skipping MCP initialization. Install it with: pip install 'apache-superset[fastmcp]'
2026-09-14 04:14:47,454:INFO:superset_ownership.lifecycle:superset_ownership: backfilled object tenants -> {'written': 0, 'already_set': 0, 'no_owner': 0, 'no_tenant': 0, 'failed': 0}
{
  "already_set": 0,
  "failed": 0,
  "no_owner": 0,
  "no_tenant": 0,
  "written": 0
}
[entrypoint-ownership] superset ownership check
Loaded your LOCAL configuration at [/app/pythonpath/superset_config_docker.py] (md5:13533f2cc1e9)
2026-09-14 04:14:50,433:WARNING:superset.initialization:--------------------------------------------------------------------------------
                                    WARNING
--------------------------------------------------------------------------------
2026-09-14 04:14:50,433:WARNING:superset.initialization:SQLALCHEMY_ENCRYPTED_FIELD_ENGINE is set to the legacy 'aes' engine (AES-CBC, unauthenticated). App-encrypted fields — database passwords, SSH tunnel credentials, OAuth2 tokens, and similar — would benefit from the authenticated 'aes-gcm' engine instead.
Switching engines on a populated database requires re-encrypting existing values first, since the two ciphertext formats are not interchangeable:
  1. Back up the metadata database.
  2. superset re-encrypt-secrets --engine aes-gcm
  3. Set SQLALCHEMY_ENCRYPTED_FIELD_ENGINE = 'aes-gcm' in superset_config.py.
  4. Restart Superset, then re-run the command above once more to sweep up any values written during the cutover.
See UPDATING.md and docs/sip/authenticated-encryption-at-rest.md for the full runbook.
2026-09-14 04:14:50,433:WARNING:superset.initialization:--------------------------------------------------------------------------------
--------------------------------------------------------------------------------
2026-09-14 04:14:50,450:INFO:superset.initialization:Registering blueprint: superset_ownership
2026-09-14 04:14:50,460:WARNING:py.warnings:/app/.venv/lib/python3.11/site-packages/flask_limiter/extension.py:324: UserWarning: Using the in-memory storage for tracking rate limits as no storage was explicitly specified. This is not recommended for production use. See: https://flask-limiter.readthedocs.io#configuring-a-storage-backend for documentation about configuring the storage backend.
  warnings.warn(

2026-09-14 04:14:50,714:INFO:superset.subjects.hooks:Subject sync hooks registered
2026-09-14 04:14:50,715:INFO:superset_ownership.flags:superset_ownership: OWNERSHIP_ENABLED=True FEATURE_FLAGS['OBJECT_OWNERSHIP']=True (one switch; the flag is derived from the setting)
2026-09-14 04:14:50,716:INFO:superset_ownership.plugins:ownership: authorizer = superset_ownership.authz:OpenFGAAuthorizer (protocol v1, from config)
2026-09-14 04:14:50,716:INFO:superset_ownership.plugins:ownership: directory = superset_ownership.directory:OpenFGADirectory (protocol v1, from config)
2026-09-14 04:14:50,716:INFO:superset_ownership.plugins:ownership: identity = superset_ownership.identity:DefaultIdentity (protocol v1, from default)
2026-09-14 04:14:50,716:INFO:superset_ownership.plugins:ownership: fga = http://openfga:8080 store=01M2F1YX7HXW7QGTJ6BJHYHTRZ model=01M2F1Z0RT7PGRH9T4FC9MDVAF
2026-09-14 04:14:50,726:INFO:alembic.runtime.migration:Context impl PostgresqlImpl.
2026-09-14 04:14:50,726:INFO:alembic.runtime.migration:Will assume transactional DDL.
2026-09-14 04:14:50,729:INFO:superset_ownership.migrate:superset_ownership: chain upgraded to head
2026-09-14 04:14:50,733:INFO:alembic.runtime.migration:Context impl PostgresqlImpl.
2026-09-14 04:14:50,733:INFO:alembic.runtime.migration:Will assume transactional DDL.
2026-09-14 04:14:50,738:INFO:alembic.runtime.migration:Context impl PostgresqlImpl.
2026-09-14 04:14:50,738:INFO:alembic.runtime.migration:Will assume transactional DDL.
2026-09-14 04:14:50,746:INFO:alembic.runtime.migration:Context impl PostgresqlImpl.
2026-09-14 04:14:50,746:INFO:alembic.runtime.migration:Will assume transactional DDL.
2026-09-14 04:14:50,753:INFO:alembic.runtime.migration:Context impl PostgresqlImpl.
2026-09-14 04:14:50,753:INFO:alembic.runtime.migration:Will assume transactional DDL.
2026-09-14 04:14:50,755:INFO:superset_ownership.db:superset_ownership: schema at 0003_ownership_foreign_keys
2026-09-14 04:14:50,756:WARNING:superset_ownership.outbox:superset_ownership: the outbox is ENABLED but no Celery beat entry runs superset_ownership.outbox.drain. Sharing changes will queue and never reach the authorization store unless `superset ownership outbox drain` is run by something.
2026-09-14 04:14:50,756:INFO:superset_ownership.guard:superset_ownership: viewers guard installed
2026-09-14 04:14:50,757:INFO:superset_ownership.cli:superset_ownership: CLI registered (superset ownership --help)
2026-09-14 04:14:50,838:INFO:superset_ownership.dashboard_patch:superset_ownership: dashboard-chart access marker installed
2026-09-14 04:14:50,848:INFO:alembic.runtime.migration:Context impl PostgresqlImpl.
2026-09-14 04:14:50,848:INFO:alembic.runtime.migration:Will assume transactional DDL.
2026-09-14 04:14:50,855:INFO:superset_ownership.lifecycle:superset_ownership: startup check ok
2026-09-14 04:14:50,855:INFO:alembic.runtime.migration:Context impl PostgresqlImpl.
2026-09-14 04:14:50,855:INFO:alembic.runtime.migration:Will assume transactional DDL.
2026-09-14 04:14:51,026:INFO:superset.app:Syncing configuration to database...
2026-09-14 04:14:51,032:INFO:superset.app:Configuration sync to database completed successfully
2026-09-14 04:14:51,225:INFO:superset.core.mcp.core_mcp_injection:fastmcp is not installed, skipping MCP initialization. Install it with: pip install 'apache-superset[fastmcp]'
2026-09-14 04:14:51,239:INFO:alembic.runtime.migration:Context impl PostgresqlImpl.
2026-09-14 04:14:51,239:INFO:alembic.runtime.migration:Will assume transactional DDL.
{
  "backend_loaded": true,
  "constraints_missing": [],
  "constraints_unvalidated": [],
  "dashboard_chart_patch_installed": true,
  "enabled_backend": true,
  "enabled_ui": true,
  "enabled_ui_runtime": true,
  "flags_agree": true,
  "group_id_mismatch": [],
  "group_untenanted": [],
  "missing_object": [],
  "ok": true,
  "orphaned_sentinel": [],
  "outbox": {
    "blocked": 0,
    "claimed": 0,
    "dead": 0,
    "last_delivered": null,
    "oldest_dead": null,
    "oldest_pending": null,
    "pending": 0,
    "stalled": false
  },
  "owner_fk_present": true,
  "owner_fk_validated": true,
  "plugins": {
    "authorizer": {
      "alias": "openfga",
      "class": "superset_ownership.authz:OpenFGAAuthorizer",
      "protocol_version": 1,
      "source": "config"
    },
    "degraded": [],
    "directory": {
      "alias": "openfga",
      "class": "superset_ownership.directory:OpenFGADirectory",
      "protocol_version": 1,
      "source": "config"
    },
    "hooks": {
      "OWNERSHIP_ADMINISTRATORS_OF_TENANT": {
        "source": "default"
      },
      "OWNERSHIP_CAN_MANAGE": {
        "source": "default"
      },
      "OWNERSHIP_DISPLAY_NAME": {
        "source": "default"
      },
      "OWNERSHIP_GROUPS_OF_TENANT": {
        "source": "default"
      },
      "OWNERSHIP_GROUP_DISPLAY_NAME": {
        "source": "default"
      },
      "OWNERSHIP_GROUP_EXISTS": {
        "source": "default"
      },
      "OWNERSHIP_GROUP_ID": {
        "source": "default"
      },
      "OWNERSHIP_IS_TENANT_ADMINISTRATOR": {
        "source": "default"
      },
      "OWNERSHIP_MEMBERS_OF_GROUP": {
        "source": "default"
      },
      "OWNERSHIP_MEMBER_GUID": {
        "source": "default"
      },
      "OWNERSHIP_SPLIT_GROUP_ID": {
        "source": "default"
      },
      "OWNERSHIP_TENANT_ADMINISTRATOR_GROUP": {
        "source": "default"
      },
      "OWNERSHIP_TENANT_GUID": {
        "source": "default"
      },
      "OWNERSHIP_USERS_OF_TENANT": {
        "source": "default"
      },
      "OWNERSHIP_USER_FOR_MEMBER_GUID": {
        "source": "default"
      },
      "OWNERSHIP_USER_IN_GROUP": {
        "source": "default"
      }
    },
    "identity": {
      "alias": "superset_ownership.identity:DefaultIdentity",
      "class": "superset_ownership.identity:DefaultIdentity",
      "protocol_version": 1,
      "source": "default"
    }
  },
  "share_fk_present": true,
  "share_fk_validated": true,
  "silently_open": [],
  "ui_flag_hooked": false,
  "ui_flag_hooks": []
}
[entrypoint-ownership] init complete
 Volume "pcssetup_pcssetup-uploads"  Creating
 Volume "pcssetup_pcssetup-uploads"  Created
 Container pcssetup-postgres-1  Running
 Container pcssetup-redis-1  Running
 Container pcssetup-superset-1  Creating
 Container pcssetup-superset-1  Created
 Container pcssetup-worker-1  Creating
 Container pcssetup-worker-1  Created
 Container pcssetup-redis-1  Waiting
 Container pcssetup-postgres-1  Waiting
 Container pcssetup-postgres-1  Healthy
 Container pcssetup-redis-1  Healthy
 Container pcssetup-superset-1  Starting
 Container pcssetup-superset-1  Started
 Container pcssetup-superset-1  Waiting
 Container pcssetup-superset-1  Healthy
 Container pcssetup-worker-1  Starting
 Container pcssetup-worker-1  Started
waiting for superset to report healthy...

############################################################
# summary
############################################################
image:        pcs-ownership:pip
size 384MB
overlay buckets (from the last sync):
  --- backend core: none (the backend is the superset-ownership wheel; nothing under superset/ is replaced) ---
  --- frontend (19 files) ---
  --- superset_ownership module (62 files) ---
  --- ivanti_pcs_example reference plug-in package (8 files, NOT wired by default) ---
  --- qa/ operator tooling (11 scripts) ---
  --- config layer (generated files, not part of the diff above) ---
  --- reference-only, tracked in UPSTREAM_SHA, never copied onto the tree ---
ownership chain head (module):
  superset_ownership/migrations/versions/2026-09-12_0003_ownership_foreign_keys.py

stack is up: http://localhost:8097  (see README for demo credentials)
